<?xml version="1.0" encoding="utf-8"?>
<!-- Created by ModBuddy on 5/27/2014 11:00:03 PM -->
<GameData>
	<Table name="Yield_Flavors">
		<Column name="YieldType" type="text" reference="Yields(Type)"/>
		<Column name="FlavorType" type="text" reference="Flavors(Type)"/>
		<Column name="Flavor" type="integer" notnull="true"/>
	</Table>
	<!-- Allows you to define buildings that are built when founded by advanced settlers. -->
	<Table name="Unit_BuildOnFound">
		<Column name="UnitType" type="text" reference="Units(Type)"/>
		<Column name="BuildingClassType" type="text" reference="BuildingClasses(Type)"/>
	</Table>
	<!-- Allows you to define building classes required by units before they can be purchased in a city.-->
	<Table name="Unit_BuildingClassPurchaseRequireds">
		<Column name="UnitType" type="text" reference="Units(Type)"/>
		<Column name="BuildingClassType" type="text" reference="BuildingClasses(Type)"/>
	</Table>
	<!-- Allows you to define a unit with a different Combat Strength in a specific Era. -->
	<Table name="Unit_EraCombatStrength">
		<Column name="UnitType" type="text" reference="Units(Type)"/>
		<Column name="EraType" type="text" reference="Eras(Type)"/>
		<Column name="CombatStrength" type="integer" default="0"/>
	</Table>
	<!-- Allows you to define a new combat type for this unit when it reaches a new era. (Value must be set to 1 to trigger)-->
	<Table name="Unit_EraCombatType">
		<Column name="UnitType" type="text" reference="Units(Type)"/>
		<Column name="UnitCombatType" type="text" reference="UnitCombatInfos(Type)"/>
		<Column name="EraType" type="text" reference="Eras(Type)"/>
		<Column name="Value" type="integer" default="0"/>
	</Table>
	<!-- Allows you to define new promotions that are added to a unit when it upgrades to a new era. (Value must be set to 1 to trigger)-->
	<Table name="Unit_EraUnitPromotions">
		<Column name="UnitType" type="text" reference="Units(Type)"/>
		<Column name="PromotionType" type="text" reference="UnitPromotions(Type)"/>
		<Column name="EraType" type="text" reference="Eras(Type)"/>
		<Column name="Value" type="integer" default="0"/>
	</Table>
	<!-- Allows you to define any building to be given to any # of cities by any policy. -->
	<Table name="Policy_FreeBuilding">
		<Column name="PolicyType" type="text" reference="Policies(Type)"/>
		<Column name="BuildingClassType" type="text" reference="BuildingClasses(Type)"/>
		<Column name="Count" type="integer" default="0"/>
	</Table>
	<!-- Allows you to define an instant yield granted when a building is constructed. -->
	<Table name="Building_InstantYield">
		<Column name="BuildingType" type="text" reference="Buildings(Type)"/>
		<Column name="YieldType" type="integer" reference="Yields(Type)"/>
		<Column name="Yield" type="integer" default="0"/>
	</Table>
	<!-- Allows you to define resources from workable plots that give happiness when this building is constructed. -->
	<Table name="Building_ResourceHappinessChange">
		<Column name="BuildingType" type="text" reference="Buildings(Type)"/>
		<Column name="ResourceType" type="text" reference="Resources(Type)"/>
		<Column name="HappinessChange" type="integer" default="0"/>
	</Table>
	<!-- Allows you to define expeirence gained by units produced in city based on total # of writing works in city -->
	<Table name="Building_DomainFreeExperiencePerGreatWorkGlobal">
		<Column name="BuildingType" type="text" reference="Buildings(Type)"/>
		<Column name="DomainType" type="text" reference="Domains(Type)"/>
		<Column name="Experience" type="integer"/>
	</Table>

	<!-- Allows you to define an yield that generates science for every x% you produce in that city. -->
	<Table name="Building_ScienceFromYield">
		<Column name="BuildingType" type="text" reference="Buildings(Type)"/>
		<Column name="YieldType" type="integer" reference="Yields(Type)"/>
		<Column name="Yield" type="integer" default="0"/>
	</Table>

	<!-- Allows you to define an instant yield granted when a tech is unlocked. -->
	<Table name="Building_YieldFromTech">
		<Column name="BuildingType" type="text" reference="Buildings(Type)"/>
		<Column name="YieldType" type="integer" reference="Yields(Type)"/>
		<Column name="Yield" type="integer" default="0"/>
	</Table>
	<!-- Allows you to define an instant yield granted when you construct a building. -->
	<Table name="Building_YieldFromConstruction">
		<Column name="BuildingType" type="text" reference="Buildings(Type)"/>
		<Column name="YieldType" type="integer" reference="Yields(Type)"/>
		<Column name="Yield" type="integer" default="0"/>
	</Table>

	<!-- Allows you to define an instant yield granted when a spy is killed in a city. -->
	<Table name="Building_YieldFromSpyDefense">
		<Column name="BuildingType" type="text" reference="Buildings(Type)"/>
		<Column name="YieldType" type="integer" reference="Yields(Type)"/>
		<Column name="Yield" type="integer" default="0"/>
	</Table>
	<!-- Allows you to define an instant yield granted when a spy completes a task (steal tech, etc.). -->
	<Table name="Building_YieldFromSpyAttack">
		<Column name="BuildingType" type="text" reference="Buildings(Type)"/>
		<Column name="YieldType" type="integer" reference="Yields(Type)"/>
		<Column name="Yield" type="integer" default="0"/>
	</Table>

	<!-- Allows you to define an instant yield granted when an internal trade route ends. -->
	<Table name="Building_YieldFromInternalTREnd">
		<Column name="BuildingType" type="text" reference="Buildings(Type)"/>
		<Column name="YieldType" type="integer" reference="Yields(Type)"/>
		<Column name="Yield" type="integer" default="0"/>
	</Table>

	<!-- FEATURE: Allows you to define a yield gained by a feature when you increase your era. -->
	<Table name="Feature_EraYieldChanges">
		<Column name="FeatureType" type="text" reference="Features(Type)"/>
		<Column name="YieldType" type="integer" reference="Yields(Type)"/>
		<Column name="Yield" type="integer" default="0"/>
	</Table>

	<!-- PANTHEON: Allows you to define any belief to grant 1 yield per X pop, where X is the number below. -->
	<Table name="Belief_YieldPerPop">
		<Column name="BeliefType" type="text" reference="Beliefs(Type)"/>
		<Column name="YieldType" type="integer" reference="Yields(Type)"/>
		<Column name="Yield" type="integer" default="0"/>
	</Table>

	<!-- PANTHEON: Allows you to define any belief to grant 1 yield per X gpt, where X is the number below. -->
	<Table name="Belief_YieldPerGPT">
		<Column name="BeliefType" type="text" reference="Beliefs(Type)"/>
		<Column name="YieldType" type="integer" reference="Yields(Type)"/>
		<Column name="Yield" type="integer" default="0"/>
	</Table>

	<!-- PANTHEON: Allows you to define any belief to grant x yield for every unique luxury, where X is the number below-->
	<Table name="Belief_YieldPerLux">
		<Column name="BeliefType" type="text" reference="Beliefs(Type)"/>
		<Column name="YieldType" type="integer" reference="Yields(Type)"/>
		<Column name="Yield" type="integer" default="0"/>
	</Table>

	<!-- PANTHEON: Allows you to define any belief to grant x yield for every border growth, where X is the number below.-->
	<Table name="Belief_YieldPerBorderGrowth">
		<Column name="BeliefType" type="text" reference="Beliefs(Type)"/>
		<Column name="YieldType" type="integer" reference="Yields(Type)"/>
		<Column name="Yield" type="integer" default="0"/>
	</Table>

	<!-- PANTHEON: Allows you to define any belief to grant x yield for every use of the faith healer ability, where X is the number below.-->
	<Table name="Belief_YieldPerHeal">
		<Column name="BeliefType" type="text" reference="Beliefs(Type)"/>
		<Column name="YieldType" type="integer" reference="Yields(Type)"/>
		<Column name="Yield" type="integer" default="0"/>
	</Table>

	<!-- Allows you to define any belief to grant x yield for every birth, where X is the number below. (-->
	<Table name="Belief_YieldPerBirth">
		<Column name="BeliefType" type="text" reference="Beliefs(Type)"/>
		<Column name="YieldType" type="integer" reference="Yields(Type)"/>
		<Column name="Yield" type="integer" default="0"/>
	</Table>

	<!-- PANTHEON: Allows you to define any belief to grant 1 yield per x science rate, where X is the number below. -->
	<Table name="Belief_YieldPerScience">
		<Column name="BeliefType" type="text" reference="Beliefs(Type)"/>
		<Column name="YieldType" type="integer" reference="Yields(Type)"/>
		<Column name="Yield" type="integer" default="0"/>
	</Table>

	<!-- PANTHEON: Allows you to define a yield value gained per known Pantheon in the world -->
	<Table name="Belief_YieldFromKnownPantheons">
		<Column name="BeliefType" type="text" reference="Beliefs(Type)"/>
		<Column name="YieldType" type="integer" reference="Yields(Type)"/>
		<Column name="Yield" type="integer" default="0"/>
	</Table>

	<!-- Reformation: Allows you to define a yield value gained while the Host of the World Congress -->
	<Table name="Belief_YieldFromHost">
		<Column name="BeliefType" type="text" reference="Beliefs(Type)"/>
		<Column name="YieldType" type="integer" reference="Yields(Type)"/>
		<Column name="Yield" type="integer" default="0"/>
	</Table>

	<!-- Reformation: Allows you to define any a value gained from passing a proposal in WC -->
	<Table name="Belief_YieldFromProposal">
		<Column name="BeliefType" type="text" reference="Beliefs(Type)"/>
		<Column name="YieldType" type="integer" reference="Yields(Type)"/>
		<Column name="Yield" type="integer" default="0"/>
	</Table>

	<!-- PANTHEON: Allows you to define yields gained by working (not just owning!) x type of terrain/feature. Can be modified by 'NoImprovement' and 'NoImprovementFeature elementss
		Works by taking the 'yield' value below and multiplying it against the number of plots being worked, then dividing by 100. So '25' Yield = +1 yield per every 4 worked tile of that type. (25 * 4) / 100 = 1;
	-->
	<!-- Note: for TERRAIN_MOUNTAIN, plot does not have to be worked to count towards the total)-->
	<Table name="Belief_CityYieldPerXTerrainTimes100">
		<Column name="BeliefType" type="text" reference="Beliefs(Type)"/>
		<Column name="TerrainType" type="text" reference="Terrains(Type)"/>
		<Column name="YieldType" type="integer" reference="Yields(Type)"/>
		<Column name="Yield" type="integer" default="0"/>
	</Table>
	<Table name="Belief_CityYieldPerXFeatureTimes100">
		<Column name="BeliefType" type="text" reference="Beliefs(Type)"/>
		<Column name="FeatureType" type="text" reference="Features(Type)"/>
		<Column name="YieldType" type="integer" reference="Yields(Type)"/>
		<Column name="Yield" type="integer" default="0"/>
	</Table>

	<!-- FOUNDER: Allows you to define any belief to grant X yield from GP use, where X is the number below. -->
	<Table name="Belief_YieldFromGPUse">
		<Column name="BeliefType" type="text" reference="Beliefs(Type)"/>
		<Column name="YieldType" type="integer" reference="Yields(Type)"/>
		<Column name="Yield" type="integer" default="0"/>
	</Table>

	<!-- FOUNDER: Allows you to define any belief to grant x yield % bonus in Holy City during a golden age, where X is the number below.  -->
	<Table name="Belief_YieldBonusGoldenAge">
		<Column name="BeliefType" type="text" reference="Beliefs(Type)"/>
		<Column name="YieldType" type="integer" reference="Yields(Type)"/>
		<Column name="Yield" type="integer" default="0"/>
	</Table>

	<!-- FOUNDER: Allows you to define any belief to grant x yield from spreading your faith, where X is the number below.  -->
	<Table name="Belief_YieldFromSpread">
		<Column name="BeliefType" type="text" reference="Beliefs(Type)"/>
		<Column name="YieldType" type="integer" reference="Yields(Type)"/>
		<Column name="Yield" type="integer" default="0"/>
	</Table>

	<!-- FOUNDER: Allows you to define any belief to grant x yield from spreading your faith abroad, where X is the number below. -->
	<Table name="Belief_YieldFromForeignSpread">
		<Column name="BeliefType" type="text" reference="Beliefs(Type)"/>
		<Column name="YieldType" type="integer" reference="Yields(Type)"/>
		<Column name="Yield" type="integer" default="0"/>
	</Table>

	<!-- FOUNDER: Allows you to define any belief to grant x yield from conquering a city, where X is the number below.  -->
	<Table name="Belief_YieldFromConquest">
		<Column name="BeliefType" type="text" reference="Beliefs(Type)"/>
		<Column name="YieldType" type="integer" reference="Yields(Type)"/>
		<Column name="Yield" type="integer" default="0"/>
	</Table>

	<!-- FOUNDER: Allows you to define any belief to grant x yield from unlocking a policy, where X is the number below. (Golden Age Points and Faith only) -->
	<Table name="Belief_YieldFromPolicyUnlock">
		<Column name="BeliefType" type="text" reference="Beliefs(Type)"/>
		<Column name="YieldType" type="integer" reference="Yields(Type)"/>
		<Column name="Yield" type="integer" default="0"/>
	</Table>

	<!-- FOUNDER: Allows you to define any belief to grant x yield from unlocking a new era, where X is the number below. -->
	<Table name="Belief_YieldFromEraUnlock">
		<Column name="BeliefType" type="text" reference="Beliefs(Type)"/>
		<Column name="YieldType" type="integer" reference="Yields(Type)"/>
		<Column name="Yield" type="integer" default="0"/>
	</Table>

	<!-- FOUNDER: Allows you to define any belief to grant x yield from converting a city, where X is the number below.  -->
	<Table name="Belief_YieldFromConversion">
		<Column name="BeliefType" type="text" reference="Beliefs(Type)"/>
		<Column name="YieldType" type="integer" reference="Yields(Type)"/>
		<Column name="Yield" type="integer" default="0"/>
	</Table>

	<!-- FOUNDER: Allows you to define any belief to grant x yield from converting a city, where X is the number below. Scales based directly on number of cities converted. -->
	<Table name="Belief_YieldFromConversionExpo">
		<Column name="BeliefType" type="text" reference="Beliefs(Type)"/>
		<Column name="YieldType" type="integer" reference="Yields(Type)"/>
		<Column name="Yield" type="integer" default="0"/>
	</Table>
	
	<!-- FOUNDER: Allows you to define any belief to grant x % yield boost during a WLTKD, where X is the number below.  -->
	<Table name="Belief_YieldFromWLTKD">
		<Column name="BeliefType" type="text" reference="Beliefs(Type)"/>
		<Column name="YieldType" type="integer" reference="Yields(Type)"/>
		<Column name="Yield" type="integer" default="0"/>
	</Table>

	<!-- Grants yield when you change the religious majority in a city from removing heresy -->
	<Table name="Belief_YieldFromRemoveHeresy">
		<Column name="BeliefType" type="text" reference="Beliefs(Type)"/>
		<Column name="YieldType" type="integer" reference="Yields(Type)"/>
		<Column name="Yield" type="integer" default="0"/>
	</Table>

	<!-- Grants WC votes for every x type of improvement owned by a player. -->
	<Table name="Belief_VotePerXImprovementOwned">
		<Column name="BeliefType" type="text" reference="Beliefs(Type)"/>
		<Column name="ImprovementType" type="integer" reference="Improvements(Type)"/>
		<Column name="Amount" type="integer" default="0"/>
	</Table>

	<!-- BUILDING: Allows you to define a building to grant a yield when an owned unit is killed, where X is the number below.  -->
	<Table name="Building_YieldFromDeath">
		<Column name="BuildingType" type="text" reference="Buildings(Type)"/>
		<Column name="YieldType" type="integer" reference="Yields(Type)"/>
		<Column name="Yield" type="integer" default="0"/>
	</Table>
	
	<!-- BUILDING: Grants a free Resource in your territory and will try to place it on X number of plots. Entry 'ResourceQuantityToPlace' in Buildings must be set to a value of the quantity you desire that will be placed on X plot -->
	<Table name="Building_ResourcePlotsToPlace">
		<Column name="BuildingType" type="text" reference="Buildings(Type)"/>
		<Column name="ResourceType" type="text" reference="Resources(Type)"/>
		<Column name="NumPlots" type="integer" default="0"/>
	</Table>

	<!-- BUILDING: Global yield modifier bonus to a building class of a specific type. -->
	<Table name="Building_BuildingClassYieldModifiers">
		<Column name="BuildingType" type="text" reference="Buildings(Type)"/>
		<Column name="BuildingClassType" type="text" reference="BuildingClasses(Type)"/>
		<Column name="YieldType" type="integer" reference="Yields(Type)"/>
		<Column name="Modifier" type="integer" default="0"/>
	</Table>

	<!-- BUILDING: Allows you to define a building to reduce unhappiness from a specific need (CBO). Positive = reduce.  -->
	<Table name="Building_UnhappinessNeedsFlatReduction">
		<Column name="BuildingType" type="text" reference="Buildings(Type)"/>
		<Column name="YieldType" type="integer" reference="Yields(Type)"/>
		<Column name="Yield" type="integer" default="0"/>
	</Table>
	
	<!-- BUILDING: Allows you to define a building to grant a yield when an owned unit from the city is victorious, where X is the number below.  -->
	<Table name="Building_YieldFromVictory">
		<Column name="BuildingType" type="text" reference="Buildings(Type)"/>
		<Column name="YieldType" type="integer" reference="Yields(Type)"/>
		<Column name="Yield" type="integer" default="0"/>
	</Table>

	<!-- BUILDING: Allows you to define a building to grant a yield when an owned unit is victorious, where X is the number below. Same as above, but from any combat.  -->
	<Table name="Building_YieldFromVictoryGlobal">
		<Column name="BuildingType" type="text" reference="Buildings(Type)"/>
		<Column name="YieldType" type="integer" reference="Yields(Type)"/>
		<Column name="Yield" type="integer" default="0"/>
	</Table>

	<!-- BUILDING: Allows you to define a building to grant a yield when an owned unit is victorious, where X is the number below. Same as above, but from any combat. Operates at the player level, so be careful about using this on anything but wonders! -->
	<Table name="Building_YieldFromVictoryGlobalPlayer">
		<Column name="BuildingType" type="text" reference="Buildings(Type)"/>
		<Column name="YieldType" type="integer" reference="Yields(Type)"/>
		<Column name="Yield" type="integer" default="0"/>
	</Table>
	
	<!-- BUILDING: Allows you to define a building to grant a yield when a city grows.  -->
	<Table name="Building_YieldFromBirth">
		<Column name="BuildingType" type="text" reference="Buildings(Type)"/>
		<Column name="YieldType" type="integer" reference="Yields(Type)"/>
		<Column name="Yield" type="integer" default="0"/>
	</Table>
	<!-- BUILDING: Allows you to define a building to grant a yield when a city produces a unit. Yield below is % of unit's production (so higher production units make more!) -->
	<Table name="Building_YieldFromUnitProduction">
		<Column name="BuildingType" type="text" reference="Buildings(Type)"/>
		<Column name="YieldType" type="integer" reference="Yields(Type)"/>
		<Column name="Yield" type="integer" default="0"/>
	</Table>
	<!-- BUILDING: Allows you to define a building to grant a yield when a city grows its borders.  -->
	<Table name="Building_YieldFromBorderGrowth">
		<Column name="BuildingType" type="text" reference="Buildings(Type)"/>
		<Column name="YieldType" type="integer" reference="Yields(Type)"/>
		<Column name="Yield" type="integer" default="0"/>
	</Table>
	<!-- BUILDING: Allows you to define a building to grant a yield when a city unlocks a policy.  -->
	<Table name="Building_YieldFromPolicyUnlock">
		<Column name="BuildingType" type="text" reference="Buildings(Type)"/>
		<Column name="YieldType" type="integer" reference="Yields(Type)"/>
		<Column name="Yield" type="integer" default="0"/>
	</Table>

	<!-- BUILDING: Allows you to define a building to grant a yield when a city spends gold to buy something (All yields) -->
	<Table name="Building_YieldFromPurchase">
		<Column name="BuildingType" type="text" reference="Buildings(Type)"/>
		<Column name="YieldType" type="integer" reference="Yields(Type)"/>
		<Column name="Yield" type="integer" default="0"/>
	</Table>

	<!-- BUILDING: Allows you to define a building to grant a yield when a city spends faith to buy something (All yields) -->
	<Table name="Building_YieldFromFaithPurchase">
		<Column name="BuildingType" type="text" reference="Buildings(Type)"/>
		<Column name="YieldType" type="integer" reference="Yields(Type)"/>
		<Column name="Yield" type="integer" default="0"/>
	</Table>

	<!-- BUILDING: Allows you to define a building to grant +1 yield based on the # of tiles of terrain type in the city's working radius Yield value = divisor (so 3 = for every 3 tiles, get +1 of a yield) -->
	<Table name="Building_YieldPerXTerrainTimes100">
		<Column name="BuildingType" type="text" reference="Buildings(Type)"/>
		<Column name="TerrainType" type="text" reference="Terrains(Type)"/>
		<Column name="YieldType" type="text" reference="Yields(Type)"/>
		<Column name="Yield" type="integer"/>
	</Table>
	<Table name="Building_YieldPerXFeatureTimes100">
		<Column name="BuildingType" type="text" reference="Buildings(Type)"/>
		<Column name="FeatureType" type="text" reference="Features(Type)"/>
		<Column name="YieldType" type="text" reference="Yields(Type)"/>
		<Column name="Yield" type="integer"/>
	</Table>

	<!-- BUILDING: Allows you to define a hurruy modifier for local hurries in a city. -->
	<Table name="Building_HurryModifiersLocal">
		<Column name="BuildingType" type="text" reference="Buildings(Type)"/>
		<Column name="HurryType" type="text" reference="HurryInfos(Type)"/>
		<Column name="HurryCostModifier" type="integer"/>
	</Table>

	<!-- BUILDING: Allows you to modify a local specialist value. -->
	<Table name="Building_SpecialistYieldChangesLocal">
		<Column name="BuildingType" type="text" reference="Buildings(Type)"/>
		<Column name="SpecialistType" type="text" reference="Specialists(Type)"/>
		<Column name="YieldType" type="text" reference="Yields(Type)"/>
		<Column name="Yield" type="integer"/>
	</Table>

	<!-- FOLLOWER: Allows you to define a policy to grant a yield per follower in a city, up to a maximum amount. -->
	<Table name="Belief_MaxYieldPerFollower">
		<Column name="BeliefType" type="text" reference="Beliefs(Type)"/>
		<Column name="YieldType" type="integer" reference="Yields(Type)"/>
		<Column name="Max" type="integer" default="0"/>
	</Table>
	<!-- Same as above, but x * followers / 100 -->
	<Table name="Belief_MaxYieldPerFollowerPercent">
		<Column name="BeliefType" type="text" reference="Beliefs(Type)"/>
		<Column name="YieldType" type="integer" reference="Yields(Type)"/>
		<Column name="Max" type="integer" default="0"/>
	</Table>

	<!-- Same as vanilla but percent (as above)-->
	<Table name="Belief_MaxYieldModifierPerFollowerPercent">
		<Column name="BeliefType" type="text" reference="Beliefs(Type)"/>
		<Column name="YieldType" type="integer" reference="Yields(Type)"/>
		<Column name="Max" type="integer" default="0"/>
	</Table>

	<Table name="Belief_YieldFromFaithPurchase">
		<Column name="BeliefType" type="text" reference="Beliefs(Type)"/>
		<Column name="YieldType" type="integer" reference="Yields(Type)"/>
		<Column name="Yield" type="integer" default="0"/>
	</Table>
	
	<!-- POLICY: Allows you to define a resource gained from having a CS Ally) -->
	<Table name="Policy_ResourcefromCSAlly">
		<Column name="PolicyType" type="text" reference="Policies(Type)"/>
		<Column name="ResourceType" type="integer" reference="Resources(Type)"/>
		<Column name="Number" type="integer" default="0"/>
	</Table>

	<!-- POLICY: Allows you to define an yield granted to the capital based on x% of empire population.-->
	<Table name="Policy_CapitalYieldPerPopChangeEmpire">
		<Column name="PolicyType" type="text" reference="Policies(Type)"/>
		<Column name="YieldType" type="integer" reference="Yields(Type)"/>
		<Column name="Yield" type="integer" default="0"/>
	</Table>
	
	<!-- POLICY: Allows you to define an instant yield granted when a building is constructed.-->
	<Table name="Policy_YieldFromConstruction">
		<Column name="PolicyType" type="text" reference="Policies(Type)"/>
		<Column name="YieldType" type="integer" reference="Yields(Type)"/>
		<Column name="Yield" type="integer" default="0"/>
	</Table>
	<!-- Same but for Wonders -->
	<Table name="Policy_YieldFromWonderConstruction">
		<Column name="PolicyType" type="text" reference="Policies(Type)"/>
		<Column name="YieldType" type="integer" reference="Yields(Type)"/>
		<Column name="Yield" type="integer" default="0"/>
	</Table>

	<!-- POLICY: Allows you to define an instant yield granted when a tech is researched. -->
	<Table name="Policy_YieldFromTech">
		<Column name="PolicyType" type="text" reference="Policies(Type)"/>
		<Column name="YieldType" type="integer" reference="Yields(Type)"/>
		<Column name="Yield" type="integer" default="0"/>
	</Table>

	<!-- POLICY: Allows you to define an instant yield granted when border growth occurrs.-->
	<Table name="Policy_YieldFromBorderGrowth">
		<Column name="PolicyType" type="text" reference="Policies(Type)"/>
		<Column name="YieldType" type="integer" reference="Yields(Type)"/>
		<Column name="Yield" type="integer" default="0"/>
	</Table>

	<!-- POLICY: Allows you to define an instant yield granted when a GP is expended. -->
	<Table name="Policy_YieldGPExpend">
		<Column name="PolicyType" type="text" reference="Policies(Type)"/>
		<Column name="YieldType" type="integer" reference="Yields(Type)"/>
		<Column name="Yield" type="integer" default="0"/>
	</Table>

	<!-- POLICY: Allows you to define a yield that is calculated (per population) for a city when it is captured. The yield is doubled for capitals.-->
	<Table name="Policy_ConquerorYield">
		<Column name="PolicyType" type="text" reference="Policies(Type)"/>
		<Column name="YieldType" type="integer" reference="Yields(Type)"/>
		<Column name="Yield" type="integer" default="0"/>
	</Table>
	<!-- POLICY: Allows you to define a yield gained for when a city is founded.-->
	<Table name="Policy_FounderYield">
		<Column name="PolicyType" type="text" reference="Policies(Type)"/>
		<Column name="YieldType" type="integer" reference="Yields(Type)"/>
		<Column name="Yield" type="integer" default="0"/>
	</Table>

	<!-- POLICY: Allows you to define a yield modifier that is granted by a building if your majority religion is present -->
	<Table name="Policy_ReligionBuildingYieldMod">
		<Column name="PolicyType" type="text" reference="Policies(Type)"/>
		<Column name="BuildingClassType" type="text" reference="BuildingClasses(Type)"/>
		<Column name="YieldType" type="integer" reference="Yields(Type)"/>
		<Column name="YieldMod" type="integer" default="0"/>
	</Table>

	<!-- POLICY: Allows you to define a unit class that gains a production boost -->
	<Table name="Policy_UnitClassProductionModifiers">
		<Column name="PolicyType" type="text" reference="Policies(Type)"/>
		<Column name="UnitClassType" type="text" reference="UnitClasses(Type)"/>
		<Column name="ProductionModifier" type="integer"/>
	</Table>

	<!-- POLICY: Allows you to define a yield that is granted by a building if your majority religion is present -->
	<Table name="Policy_ReligionYieldMod">
		<Column name="PolicyType" type="text" reference="Policies(Type)"/>
		<Column name="YieldType" type="integer" reference="Yields(Type)"/>
		<Column name="Yield" type="integer" default="0"/>
	</Table>

	<!-- POLICY: Allows you to define a yield that is increased due to Golden Ages -->
	<Table name="Policy_GoldenAgeYieldMod">
		<Column name="PolicyType" type="text" reference="Policies(Type)"/>
		<Column name="YieldType" type="integer" reference="Yields(Type)"/>
		<Column name="Yield" type="integer" default="0"/>
	</Table>

	<!-- BUILDING: Allows you to define a building yield earned from a GP being expended -->
	<Table name="Building_YieldFromGPExpend">
		<Column name="BuildingType" type="text" reference="Buildings(Type)"/>
		<Column name="YieldType" type="integer" reference="Yields(Type)"/>
		<Column name="Yield" type="integer" default="0"/>
	</Table>

	<!-- BUILDING: Allows you to define a building yield earned from pillaging. Only applied from units made by this city. -->
	<Table name="Building_YieldFromPillage">
		<Column name="BuildingType" type="text" reference="Buildings(Type)"/>
		<Column name="YieldType" type="integer" reference="Yields(Type)"/>
		<Column name="Yield" type="integer" default="0"/>
	</Table>

	<!-- BUILDING: Allows you to define a gllobal building yield earned from pillaging. Global. -->
	<Table name="Building_YieldFromPillageGlobal">
		<Column name="BuildingType" type="text" reference="Buildings(Type)"/>
		<Column name="YieldType" type="integer" reference="Yields(Type)"/>
		<Column name="Yield" type="integer" default="0"/>
	</Table>

	<!-- BUILDING: Allows you to define a gllobal building yield earned from pillaging. Global, at player level, so be careful about using this on non-wonders! -->
	<Table name="Building_YieldFromPillageGlobalPlayer">
		<Column name="BuildingType" type="text" reference="Buildings(Type)"/>
		<Column name="YieldType" type="integer" reference="Yields(Type)"/>
		<Column name="Yield" type="integer" default="0"/>
	</Table>
	
	<!-- BUILDING: Allows you to define a flat yield that is gained when a building has ANY theme active. -->
	<Table name="Building_ThemingYieldBonus">
		<Column name="BuildingType" type="text" reference="Buildings(Type)"/>
		<Column name="YieldType" type="integer" reference="Yields(Type)"/>
		<Column name="Yield" type="integer" default="0"/>
	</Table>
	<!-- BUILDING: Allows you to define a flat yield that is gained from a great work. -->
	<Table name="Building_GreatWorkYieldChanges">
		<Column name="BuildingType" type="text" reference="Buildings(Type)"/>
		<Column name="YieldType" type="text" reference="Yields(Type)"/>
		<Column name="Yield" type="integer" notnull="true"/>
	</Table>
	<Table name="Building_GreatWorkYieldChangesLocal">
		<Column name="BuildingType" type="text" reference="Buildings(Type)"/>
		<Column name="YieldType" type="text" reference="Yields(Type)"/>
		<Column name="Yield" type="integer" notnull="true"/>
	</Table>

	<!-- BUILDING: Allows you to define a flat yield that is gained from a CS friendship. -->
	<Table name="Building_YieldPerFriend">
		<Column name="BuildingType" type="text" reference="Buildings(Type)"/>
		<Column name="YieldType" type="text" reference="Yields(Type)"/>
		<Column name="Yield" type="integer" notnull="true"/>
	</Table>
	<!-- BUILDING: Allows you to define a flat yield that is gained from a CS alliance. -->
	<Table name="Building_YieldPerAlly">
		<Column name="BuildingType" type="text" reference="Buildings(Type)"/>
		<Column name="YieldType" type="text" reference="Yields(Type)"/>
		<Column name="Yield" type="integer" notnull="true"/>
	</Table>

	<!-- BUILDING: Allows you to define a building yield that is increased by WLTKD -->
	<Table name="Building_WLTKDYieldMod">
		<Column name="BuildingType" type="text" reference="Buildings(Type)"/>
		<Column name="YieldType" type="integer" reference="Yields(Type)"/>
		<Column name="Yield" type="integer" default="0"/>
	</Table>
	<!-- POLICY: Allows you to define a policy yield that is increased by WLTKD -->
	<Table name="Policy_WLTKDYieldMod">
		<Column name="PolicyType" type="text" reference="Policies(Type)"/>
		<Column name="YieldType" type="integer" reference="Yields(Type)"/>
		<Column name="Yield" type="integer" default="0"/>
	</Table>

	<!-- BUILDING: Allows you to define a building yield that is increased by Golden Ages -->
	<Table name="Building_GoldenAgeYieldMod">
		<Column name="BuildingType" type="text" reference="Buildings(Type)"/>
		<Column name="YieldType" type="integer" reference="Yields(Type)"/>
		<Column name="Yield" type="integer" default="0"/>
	</Table>

	<!-- BUILDING: Allows you to define a building yield that is gained when a unit levels up - only grants to unit's origin city -->
	<Table name="Building_YieldFromUnitLevelUp">
		<Column name="BuildingType" type="text" reference="Buildings(Type)"/>
		<Column name="YieldType" type="integer" reference="Yields(Type)"/>
		<Column name="Yield" type="integer" default="0"/>
	</Table>
	
	<!-- POLICY: Allows you to define a yield granted from citizen birth in a city -->
	<Table name="Policy_YieldFromBirth">
		<Column name="PolicyType" type="text" reference="Policies(Type)"/>
		<Column name="YieldType" type="integer" reference="Yields(Type)"/>
		<Column name="Yield" type="integer" default="0"/>
	</Table>

	<!-- POLICY: Allows you to define a yield granted from citizen birth in the capital -->
	<Table name="Policy_YieldFromBirthCapital">
		<Column name="PolicyType" type="text" reference="Policies(Type)"/>
		<Column name="YieldType" type="integer" reference="Yields(Type)"/>
		<Column name="Yield" type="integer" default="0"/>
	</Table>

	<!-- POLICY: Allows you to define a yield granted from citizen birth in a city. Retroactive, one-shot bonus -->
	<Table name="Policy_YieldFromBirthRetroactive">
		<Column name="PolicyType" type="text" reference="Policies(Type)"/>
		<Column name="YieldType" type="integer" reference="Yields(Type)"/>
		<Column name="Yield" type="integer" default="0"/>
	</Table>

	<!-- POLICY: Allows you to define a yield granted from citizen birth in the capital Retroactive, one-shot bonus -->
	<Table name="Policy_YieldFromBirthCapitalRetroactive">
		<Column name="PolicyType" type="text" reference="Policies(Type)"/>
		<Column name="YieldType" type="integer" reference="Yields(Type)"/>
		<Column name="Yield" type="integer" default="0"/>
	</Table>

	<!-- POLICY: Allows you to define a yield granted from a great work type -->
	<Table name="Policy_MusicYieldChanges">
		<Column name="PolicyType" type="text" reference="Policies(Type)"/>
		<Column name="YieldType" type="integer" reference="Yields(Type)"/>
		<Column name="Yield" type="integer" default="0"/>
	</Table>
	<!-- POLICY: Allows you to define a yield granted from a great work type -->
	<Table name="Policy_ArtifactYieldChanges">
		<Column name="PolicyType" type="text" reference="Policies(Type)"/>
		<Column name="YieldType" type="integer" reference="Yields(Type)"/>
		<Column name="Yield" type="integer" default="0"/>
	</Table>
	<!-- POLICY: Allows you to define a yield granted from a great work type -->
	<Table name="Policy_ArtYieldChanges">
		<Column name="PolicyType" type="text" reference="Policies(Type)"/>
		<Column name="YieldType" type="integer" reference="Yields(Type)"/>
		<Column name="Yield" type="integer" default="0"/>
	</Table>
	<!-- POLICY: Allows you to define a yield granted from a great work type -->
	<Table name="Policy_LitYieldChanges">
		<Column name="PolicyType" type="text" reference="Policies(Type)"/>
		<Column name="YieldType" type="integer" reference="Yields(Type)"/>
		<Column name="Yield" type="integer" default="0"/>
	</Table>
	<!-- POLICY: Allows you to define a yield granted from a great work type -->
	<Table name="Policy_RelicYieldChanges">
		<Column name="PolicyType" type="text" reference="Policies(Type)"/>
		<Column name="YieldType" type="integer" reference="Yields(Type)"/>
		<Column name="Yield" type="integer" default="0"/>
	</Table>
	<!-- POLICY: Allows you to define a yield granted from a great work type -->
	<Table name="Policy_FilmYieldChanges">
		<Column name="PolicyType" type="text" reference="Policies(Type)"/>
		<Column name="YieldType" type="integer" reference="Yields(Type)"/>
		<Column name="Yield" type="integer" default="0"/>
	</Table>

	<!-- POLICY: Allows you to define a yield % granted for every GW in a city, up to 20%! -->
	<Table name="Policy_YieldModifierFromGreatWorks">
		<Column name="PolicyType" type="text" reference="Policies(Type)"/>
		<Column name="YieldType" type="integer" reference="Yields(Type)"/>
		<Column name="Yield" type="integer" default="0"/>
	</Table>
	<!-- POLICY: Allows you to define a yield granted for every x type of non-specialist citizens. -->
	<Table name="Policy_YieldFromNonSpecialistCitizens">
		<Column name="PolicyType" type="text" reference="Policies(Type)"/>
		<Column name="YieldType" type="integer" reference="Yields(Type)"/>
		<Column name="Yield" type="integer" default="0"/>
	</Table>
	<!-- POLICY: Allows you to define a yield % granted for every active spy, up to 30%! -->
	<Table name="Policy_YieldModifierFromActiveSpies">
		<Column name="PolicyType" type="text" reference="Policies(Type)"/>
		<Column name="YieldType" type="integer" reference="Yields(Type)"/>
		<Column name="Yield" type="integer" default="0"/>
	</Table>
	<!-- POLICY: Allows you to define an instant yield granted for every delegate. -->
	<Table name="Policy_YieldFromDelegateCount">
		<Column name="PolicyType" type="text" reference="Policies(Type)"/>
		<Column name="YieldType" type="integer" reference="Yields(Type)"/>
		<Column name="Yield" type="integer" default="0"/>
	</Table>

	<!-- TRAIT: Allows you to define a yield that is gained from mountains based on the number of mountains adjacent to a mountain. 
	Yield here is maximum yield for mountain clusters. All mountains have a minimum of 1 yield from the value below, so the yield will be somewhere between 1 and x, where x is the maximum value or # of adjacent mountains. -->
	<Table name="Trait_MountainRangeYield">
		<Column name="TraitType" type="text" reference="Traits(Type)"/>
		<Column name="YieldType" type="text" reference="Yields(Type)"/>
		<Column name="Yield" type="integer" notnull="true"/>
	</Table>
	
	<!-- TRAIT: Allows you to define a yield that is gained from converted GAP when you start a Golden Age. Value is a % (so 100 = 100% of GAP). -->
	<Table name="Trait_GAPToYield">
		<Column name="TraitType" type="text" reference="Traits(Type)"/>
		<Column name="YieldType" type="text" reference="Yields(Type)"/>
		<Column name="Yield" type="integer" notnull="true"/>
	</Table>

	<!-- TRAIT: Allows you to define a yield that is gained permanently in every city each time you have a WLTKD in the city. -->
	<Table name="Trait_PermanentYieldChangeWLTKD">
		<Column name="TraitType" type="text" reference="Traits(Type)"/>
		<Column name="YieldType" type="text" reference="Yields(Type)"/>
		<Column name="Yield" type="integer" notnull="true"/>
	</Table>

	<!-- TRAIT: Allows you to define a lump yield that is gained every time you complete an international trade route. Production, Gold, and Science for international ones, Gold and Culture for Local ones -->
	<Table name="Trait_TradeRouteEndYield">
		<Column name="TraitType" type="text" reference="Traits(Type)"/>
		<Column name="YieldType" type="text" reference="Yields(Type)"/>
		<Column name="Yield" type="integer" notnull="true"/>
	</Table>
	
	<!-- TRAIT: Allows you to define a yield that is gained if your pantheon or religion is the majority in a city.-->
	<Table name="Trait_YieldFromOwnPantheon">
		<Column name="TraitType" type="text" reference="Traits(Type)"/>
		<Column name="YieldType" type="text" reference="Yields(Type)"/>
		<Column name="Yield" type="integer" notnull="true"/>
	</Table>

	<!-- TRAIT: Allows you to define a yield that is gained from units leveling up.-->
	<Table name="Trait_YieldFromLevelUp">
		<Column name="TraitType" type="text" reference="Traits(Type)"/>
		<Column name="YieldType" type="text" reference="Yields(Type)"/>
		<Column name="Yield" type="integer" notnull="true"/>
	</Table>

	<!-- TRAIT: Allows you to define a yield that is gained every turn a trade unit moves.-->
	<Table name="Trait_YieldFromRouteMovement">
		<Column name="TraitType" type="text" reference="Traits(Type)"/>
		<Column name="YieldType" type="text" reference="Yields(Type)"/>
		<Column name="Yield" type="integer" notnull="true"/>
	</Table>
	<!-- TRAIT: Units need special type of upgrades?-->
	<Table name="Trait_UnitClassUpgrade">
		<Column name="TraitType" type="text" reference="Traits(Type)"/>
		<Column name="UnitClassType" type="text" reference="UnitClasses(Type)"/>
		<Column name="UnitType" type="text" reference="Units(Type)"/>
	</Table>
	<!-- TRAIT: Allows you to define a yield that is gained every turn based on the number of luxury resources you export.-->
	<Table name="Trait_YieldFromExport">
		<Column name="TraitType" type="text" reference="Traits(Type)"/>
		<Column name="YieldType" type="text" reference="Yields(Type)"/>
		<Column name="Yield" type="integer" notnull="true"/>
	</Table>
	
	<!-- TRAIT: Allows you to define a yield that is gained every turn based on the number of luxury resources you import.-->
	<Table name="Trait_YieldFromImport">
		<Column name="TraitType" type="text" reference="Traits(Type)"/>
		<Column name="YieldType" type="text" reference="Yields(Type)"/>
		<Column name="Yield" type="integer" notnull="true"/>
	</Table>

	<!-- TRAIT: Allows you to define a yield that is gained in every city based on the number of CS alliances you have.-->
	<Table name="Trait_YieldFromCSAlly">
		<Column name="TraitType" type="text" reference="Traits(Type)"/>
		<Column name="YieldType" type="text" reference="Yields(Type)"/>
		<Column name="Yield" type="integer" notnull="true"/>
	</Table>
	<!-- TRAIT: Allows you to define a yield that is gained in every city based on the number of CS friends you have.-->
	<Table name="Trait_YieldFromCSFriend">
		<Column name="TraitType" type="text" reference="Traits(Type)"/>
		<Column name="YieldType" type="text" reference="Yields(Type)"/>
		<Column name="Yield" type="integer" notnull="true"/>
	</Table>
	<!-- TRAIT: Allows you to define a yield that is gained when a city is founded -->
	<Table name="Trait_YieldFromSettle">
		<Column name="TraitType" type="text" reference="Traits(Type)"/>
		<Column name="YieldType" type="text" reference="Yields(Type)"/>
		<Column name="Yield" type="integer" notnull="true"/>
	</Table>
	<!-- TRAIT: Allows you to add movement points to specific unit classes -->
	<Table name="Trait_MovesChangeUnitClass">
		<Column name="TraitType" type="text" reference="Traits(Type)"/>
		<Column name="UnitClassType" type="text" reference="UnitClasses(Type)"/>
		<Column name="MovesChange" type="int"/>
	</Table>
	<!-- TRAIT: Allows you to add a promotion to specific unit classes -->
	<Table name="Trait_FreePromotionUnitClass">
		<Column name="TraitType" type="text" reference="Traits(Type)"/>
		<Column name="UnitClassType" type="text" reference="UnitClasses(Type)"/>
		<Column name="PromotionType" type="text" reference="UnitPromotions(Type)"/>
	</Table>

	<!-- TRAIT: Allows you to add a build to specific unit classes. NOTE: if work rate is not set for unit, build rate defaults to 100 -->
	<Table name="Trait_BuildsUnitClasses">
		<Column name="TraitType" type="text" reference="Traits(Type)"/>
		<Column name="UnitClassType" type="text" reference="UnitClasses(Type)"/>
		<Column name="BuildType" type="text" reference="Builds(Type)"/>
	</Table>

	<!-- TRAIT: Allows you to define a yield that is gained every time you buy a tile -->
	<Table name="Trait_YieldFromTilePurchase">
		<Column name="TraitType" type="text" reference="Traits(Type)"/>
		<Column name="YieldType" type="text" reference="Yields(Type)"/>
		<Column name="Yield" type="integer" notnull="true"/>
	</Table>
	<!-- TRAIT: Allows you to define a yield that is gained every time you buy a tile of a specific terrain type -->
	<Table name="Trait_YieldFromTilePurchaseTerrainType">
		<Column name="TraitType" type="text" reference="Traits(Type)"/>
		<Column name="TerrainType" type="text" reference="Terrains(Type)"/>
		<Column name="YieldType" type="text" reference="Yields(Type)"/>
		<Column name="Yield" type="integer" notnull="true"/>
	</Table>
	<!-- TRAIT: Allows you to define a yield that is gained every time you acquire a tile -->
	<Table name="Trait_YieldFromTileEarn">
		<Column name="TraitType" type="text" reference="Traits(Type)"/>
		<Column name="YieldType" type="text" reference="Yields(Type)"/>
		<Column name="Yield" type="integer" notnull="true"/>
	</Table>
	<!-- TRAIT: Allows you to define a yield that is gained every time you acquire a tile on a specific terrain type -->
	<Table name="Trait_YieldFromTileEarnTerrainType">
		<Column name="TraitType" type="text" reference="Traits(Type)"/>
		<Column name="TerrainType" type="text" reference="Terrains(Type)"/>
		<Column name="YieldType" type="text" reference="Yields(Type)"/>
		<Column name="Yield" type="integer" notnull="true"/>
	</Table>
	<!-- TRAIT: Allows you to define a yield that is gained every time you conquer a city for the first time, scaling with the number of tiles of a specific terrain type -->
	<Table name="Trait_YieldFromTileConquest">
		<Column name="TraitType" type="text" reference="Traits(Type)"/>
		<Column name="TerrainType" type="text" reference="Terrains(Type)"/>
		<Column name="YieldType" type="text" reference="Yields(Type)"/>
		<Column name="Yield" type="integer" notnull="true"/>
	</Table>
	<!-- TRAIT: Allows you to define a yield that is gained every time you acquire a tile of a specific terrain type by culture bombing -->
	<Table name="Trait_YieldFromTileCultureBomb">
		<Column name="TraitType" type="text" reference="Traits(Type)"/>
		<Column name="TerrainType" type="text" reference="Terrains(Type)"/>
		<Column name="YieldType" type="text" reference="Yields(Type)"/>
		<Column name="Yield" type="integer" notnull="true"/>
	</Table>
	<!-- TRAIT: Allows you to define a yield that is gained every time you acquire a tile of a specific terrain type from another civilization or city state by culture bombing -->
	<Table name="Trait_YieldFromTileStealCultureBomb">
		<Column name="TraitType" type="text" reference="Traits(Type)"/>
		<Column name="TerrainType" type="text" reference="Terrains(Type)"/>
		<Column name="YieldType" type="text" reference="Yields(Type)"/>
		<Column name="Yield" type="integer" notnull="true"/>
	</Table>
	<!-- TRAIT: Allows you to define a yield that is gained every time you acquire a tile of a specific terrain type when settling -->
	<Table name="Trait_YieldFromTileSettle">
		<Column name="TraitType" type="text" reference="Traits(Type)"/>
		<Column name="TerrainType" type="text" reference="Terrains(Type)"/>
		<Column name="YieldType" type="text" reference="Yields(Type)"/>
		<Column name="Yield" type="integer" notnull="true"/>
	</Table>
	<!-- TRAIT: Allows you to define a yield that is gained in Capital based on # of historic events you have completed. -->
	<Table name="Trait_YieldFromHistoricEvent">
		<Column name="TraitType" type="text" reference="Traits(Type)"/>
		<Column name="YieldType" type="text" reference="Yields(Type)"/>
		<Column name="Yield" type="integer" notnull="true"/>
	</Table>

	<!-- TRAIT: Allows you to define a yield that is gained when you conquer a city for the first time. -->
	<Table name="Trait_YieldFromConquest">
		<Column name="TraitType" type="text" reference="Traits(Type)"/>
		<Column name="YieldType" type="text" reference="Yields(Type)"/>
		<Column name="Yield" type="integer" notnull="true"/>
	</Table>

	<!-- TRAIT: Allows you to define a terrain type that is gained when you acquire a tile naturally. -->
	<Table name="Trait_TerrainClaimBoost">
		<Column name="TraitType" type="text" reference="Traits(Type)"/>
		<Column name="TerrainType" type="text" reference="Terrains(Type)"/>
	</Table>
	
	<!-- TRAIT: Allows you to define a domain production modifier based on the number of city state pledges. -->
	<Table name="Trait_NumPledgeDomainProdMod">
		<Column name="TraitType" type="text" reference="Traits(Type)"/>
		<Column name="DomainType" type="text" reference="Domains(Type)"/>
		<Column name="Modifier" type="integer"/>
	</Table>
	
	<!-- TRAIT: Allows you to define a the number unitclasses that spawn on or around your capital on a DOW -->
	<Table name="Trait_FreeUnitClassesDOW">
		<Column name="TraitType" type="text" reference="Traits(Type)"/>
		<Column name="UnitClassType" type="text" reference="UnitClasses(Type)"/>
		<Column name="Number" type="integer"/>
	</Table>

	<!-- TRAIT: Increases the free experience you get (eg from buildings or policies) for a certain domain, modifier is an integer, eg 50 for +50% -->
	<Table name="Trait_DomainFreeExperienceModifier">
		<Column name="TraitType" type="text" reference="Traits(Type)"/>
		<Column name="DomainType" type="text" reference="Domains(Type)"/>
		<Column name="Modifier" type="integer"/>
	</Table>

	<!-- TRAIT: Yield for every improvement you have built. Can be set to capital only, or to scale with era. Intended for use with Great Person Tile Improvements (works with normal, will be OP). Affected by IsOddEraScaler, IsCapitalOnly. -->
	<Table name="Trait_YieldChangesPerImprovementBuilt">
		<Column name="TraitType" type="text" reference="Traits(Type)"/>
		<Column name="ImprovementType" type="text" reference="Improvements(Type)"/>
		<Column name="YieldType" type="text" reference="Yields(Type)"/>
		<Column name="Yield" type="integer"/>
	</Table>

	<!-- TRAIT: Allows you to define a yield type that is has modifiers applied during Golden Ages. Modifier is applied in each city. -->
	<Table name="Trait_GoldenAgeYieldModifiers">
		<Column name="TraitType" type="text" reference="Traits(Type)"/>
		<Column name="YieldType" type="integer" reference="Yields(Type)"/>
		<Column name="Yield" type="integer" default="0"/>
	</Table>

	<!-- TRAIT: Allows you to change the production cost of a unit combat (which will then change gold purchase costs and upgrade costs). Zero = no change; negative = less cost; positive = more cost. Can be toggled to only be in effect during golden ages. -->
	<Table name="Trait_UnitCombatProductionCostModifiers">
		<Column name="TraitType" type="text" reference="Traits(Type)"/>
		<Column name="UnitCombatType" type="text" reference="UnitCombatInfos(Type)"/>
		<Column name="CostModifier" type="integer" default="0"/>
		<Column name="IsGoldenAgeOnly" type="boolean" default="false"/>
	</Table>
	
	<!-- RESOURCES: Allows Resources to grant bonuses if you control a monopoly of the resource. Must have DEALS functions enabled to use. -->
	<Table name="Resource_YieldChangeFromMonopoly">
		<Column name="ResourceType" type="text" reference="Resources(Type)"/>
		<Column name="YieldType" type="text" reference="Yields(Type)"/>
		<Column name="Yield" type="integer" default="0"/>
	</Table>

	<Table name="Resource_CityYieldModFromMonopoly">
		<Column name="ResourceType" type="text" reference="Resources(Type)"/>
		<Column name="YieldType" type="text" reference="Yields(Type)"/>
		<Column name="Yield" type="integer" default="0"/>
	</Table>
	
	<!-- BUILDINGS: Allows you to define a building class requirement where the building class can be in any city. Does not return a tooltip (unlike buildingclass required test)-->
	<Table name="Building_ClassNeededAnywhere">
		<Column name="BuildingType" type="text" reference="Buildings(Type)"/>
		<Column name="BuildingClassType" type="text" reference="BuildingClasses(Type)"/>
	</Table>

	<!-- BUILDINGS: Allows you to define a building class requirement where the building class can NOT be in any city. Does not return a tooltip (unlike buildingclass required test)-->
	<Table name="Building_ClassNeededNowhere">
		<Column name="BuildingType" type="text" reference="Buildings(Type)"/>
		<Column name="BuildingClassType" type="text" reference="BuildingClasses(Type)"/>
	</Table>

	<!-- BUILDINGS: Allows you to define a Resource Monopoly AND or OR requirement for the city. Must have DEALS functions enabled to use. -->
	<Table name="Building_ResourceMonopolyOrs">
		<Column name="BuildingType" type="text" reference="Buildings(Type)"/>
		<Column name="ResourceType" type="text" reference="Resources(Type)"/>
	</Table>
	<Table name="Building_ResourceMonopolyAnds">
		<Column name="BuildingType" type="text" reference="Buildings(Type)"/>
		<Column name="ResourceType" type="text" reference="Resources(Type)"/>
	</Table>

	<!-- BUILDINGS: Allows you to define a Featuer AND or OR requirement for the city. -->
	<Table name="Building_LocalFeatureOrs">
		<Column name="BuildingType" type="text" reference="Buildings(Type)"/>
		<Column name="FeatureType" type="text" reference="Features(Type)"/>
	</Table>
	<Table name="Building_LocalFeatureAnds">
		<Column name="BuildingType" type="text" reference="Buildings(Type)"/>
		<Column name="FeatureType" type="text" reference="Features(Type)"/>
	</Table>
	
	<!--BUILDINGS: Allows a building to improve the working quality of an improvement around the city where it is built-->
	<Table name="Building_ImprovementYieldChanges">
		<Column name="BuildingType" type="text" reference="Buildings(Type)"/>
		<Column name="ImprovementType" type="text" reference="Improvements(Type)"/>
		<Column name="YieldType" type="text" reference="Yields(Type)"/>
		<Column name="Yield" type="integer"/>
	</Table>
	<!--BUILDINGS: Allows a building to improve the working quality of an improvement for all cities-->
	<Table name="Building_ImprovementYieldChangesGlobal">
		<Column name="BuildingType" type="text" reference="Buildings(Type)"/>
		<Column name="ImprovementType" type="text" reference="Improvements(Type)"/>
		<Column name="YieldType" type="text" reference="Yields(Type)"/>
		<Column name="Yield" type="integer"/>
	</Table>
	<!-- Buildings: Allows buildings to change the happiness/yields of specific building classes in the city where they are built. -->
	<Table name="Building_BuildingClassLocalHappiness">
		<Column name="BuildingType" type="text" reference="Buildings(Type)"/>
		<Column name="BuildingClassType" type="text" reference="BuildingClasses(Type)"/>
		<Column name="Happiness" type="integer"/>
	</Table>
	<Table name="Building_BuildingClassLocalYieldChanges">
		<Column name="BuildingType" type="text" reference="Buildings(Type)"/>
		<Column name="BuildingClassType" type="text" reference="BuildingClasses(Type)"/>
		<Column name="YieldType" type="integer" reference="Yields(Type)"/>
		<Column name="YieldChange" type="integer" default="0"/>
	</Table>

	<!-- Make a building specifically improve a GP rate of one specialist type -->
	<Table name="Building_SpecificGreatPersonRateModifier">
		<Column name="BuildingType" type="text" reference="Buildings(Type)"/>
		<Column name="SpecialistType" type="text" reference="Specialists(Type)"/>
		<Column name="Modifier" type="integer"/>
	</Table>

	<Table name="Unit_ResourceQuantityExpended">
		<Column name="UnitType" type="text" reference="Units(Type)"/>
		<Column name="ResourceType" type="text" reference="Resources(Type)"/>
		<Column name="Amount" type="integer" default="1"/>
	</Table>

	<!-- This relates to GP bonuses from hurries (Great Engineers), WLTKD (great merchants), and bulbing (Scientists -->
	<Table name="Unit_ScalingFromOwnedImprovements">
		<Column name="UnitType" type="text" reference="Units(Type)"/>
		<Column name="ImprovementType" type="text" reference="Improvements(Type)"/>
		<Column name="Amount" type="integer" default="1"/>
	</Table>
	
	<!-- Tech/Specialists -->
	<Table name="Tech_SpecialistYieldChanges">
		<Column name="TechType" type="text" reference="Technologies(Type)"/>
		<Column name="SpecialistType" type="text" reference="Specialists(Type)"/>
		<Column name="YieldType" type="text" reference="Yields(Type)"/>
		<Column name="Yield" type="integer"/>
	</Table>
	<!-- Allows you to set a specific unit type (not class!) that can be purchased with faith if you take a belief tenet. -->
	<Table name="Belief_SpecificFaithUnitPurchase">
		<Column name="BeliefType" type="text" reference="Beliefs(Type)"/>
		<Column name="UnitType" type="text" reference="Units(Type)"/>
	</Table>
	<!-- Improvement: allows an improvement to boost the base yield of an adjacent improvement -->
	<Table name="Improvement_AdjacentImprovementYieldChanges">
		<Column name="ImprovementType" type="text" reference="Improvements(Type)"/>
		<Column name="OtherImprovementType" type="text" reference="Improvements(Type)"/>
		<Column name="YieldType" type="text" reference="Yields(Type)"/>
		<Column name="Yield" type="integer"/>
	</Table>
	<!-- Improvement: allows a resource to boost the base yield of an adjacent improvement -->
	<Table name="Improvement_AdjacentResourceYieldChanges">
		<Column name="ImprovementType" type="text" reference="Improvements(Type)"/>
		<Column name="ResourceType" type="text" reference="Resources(Type)"/>
		<Column name="YieldType" type="text" reference="Yields(Type)"/>
		<Column name="Yield" type="integer"/>
	</Table>
	<Table name="Improvement_AdjacentTerrainYieldChanges">
		<Column name="ImprovementType" type="text" reference="Improvements(Type)"/>
		<Column name="TerrainType" type="text" reference="Terrains(Type)"/>
		<Column name="YieldType" type="text" reference="Yields(Type)"/>
		<Column name="Yield" type="integer"/>
	</Table>
	<!-- Improvement: allows an improvement to boost the base yield of an adjacent feature -->
	<Table name="Improvement_AdjacentFeatureYieldChanges">
		<Column name="ImprovementType" type="text" reference="Improvements(Type)"/>
		<Column name="FeatureType" type="text" reference="Features(Type)"/>
		<Column name="YieldType" type="text" reference="Yields(Type)"/>
		<Column name="Yield" type="integer"/>
	</Table>
	<!-- Improvement: allows an improvement to boost the base yield of an adjacent improvement -->
	<Table name="Improvement_FeatureYieldChanges">
		<Column name="ImprovementType" type="text" reference="Improvements(Type)"/>
		<Column name="FeatureType" type="text" reference="Features(Type)"/>
		<Column name="YieldType" type="text" reference="Yields(Type)"/>
		<Column name="Yield" type="integer"/>
	</Table>
	<!-- Promotion: Unit gains a bonus from revealing tiles. Value is equal to the number of tiles explored this turn. -->
	<Table name="UnitPromotions_YieldFromScouting">
		<Column name="PromotionType" type="text" reference="UnitPromotions(Type)"/>
		<Column name="YieldType" type="text" reference="Yields(Type)"/>
		<Column name="Yield" type="integer"/>
	</Table>
	<!-- Promotion: City gains extra yield on the plot itself with this promotion set -->
	<Table name="UnitPromotions_GarrisonYield">
		<Column name="PromotionType" type="text" reference="UnitPromotions(Type)"/>
		<Column name="YieldType" type="text" reference="Yields(Type)"/>
		<Column name="Yield" type="integer"/>
	</Table>
	<!-- Promotion: City gains %Yield modifier from a Unit in this city (unit can be combat or civilian) -->
	<Table name="UnitPromotions_YieldModifiers">
		<Column name="PromotionType" type="text" reference="UnitPromotions(Type)"/>
		<Column name="YieldType" type="text" reference="Yields(Type)"/>
		<Column name="Yield" type="integer"/>
	</Table>
	<Table name="UnitPromotions_YieldChanges">
		<Column name="PromotionType" type="text" reference="UnitPromotions(Type)"/>
		<Column name="YieldType" type="text" reference="Yields(Type)"/>
		<Column name="Yield" type="integer"/>
	</Table>
	<!-- Promotion: Unit gains the specified combat modifier (can specify attack or defense only) per adjacent unit of the specified unit combat type -->
	<Table name="UnitPromotions_CombatModPerAdjacentUnitCombat">
		<Column name="PromotionType" type="text" reference="UnitPromotions(Type)"/>
		<Column name="UnitCombatType" type="text" reference="UnitCombatInfos(Type)"/>
		<Column name="Modifier" type="integer"/>
		<Column name="Attack" type="integer"/>
		<Column name="Defense" type="integer"/> <!-- note the American spelling -->
	</Table>
	<!-- PROMOTION: Get an instant yield when a promotion is obtained via whichever method (eg leveling up, Trait_FreePromotionUnitCombats, Unit_FreePromotions, Lua, etc). Yield is granted to unit's origin city if exists, else granted to capital. Can be toggled to be era scaling. -->
	<Table name="UnitPromotions_InstantYields">
		<Column name="PromotionType" type="text" reference="UnitPromotions(Type)"/>
		<Column name="YieldType" type="integer" reference="Yields(Type)"/>
		<Column name="Yield" type="integer" default="0"/>
		<Column name="IsEraScaling" type="boolean" default="false"/>
	</Table>

	<!-- Project: Allows you to define a need modifier (CBO Happiness) from a project  -->
	<Table name="Project_NeedsModifierYield">
		<Column name="ProjectType" type="text" reference="Projects(Type)"/>
		<Column name="YieldType" type="integer" reference="Yields(Type)"/>
		<Column name="Yield" type="integer" default="0"/>
	</Table>

	


	<!-- Corporations System -->
	<Table name="Corporations">
		<Column name="ID" type="integer" primarykey="true" autoincrement="true"/>
		<Column name="Type" type="text" notnull="true" unique="true"/>
		<Column name="Description" type="text" reference="Language_en_US(Tag)" default="NULL"/>
		<Column name="Help" type="text" reference="Language_en_US(Tag)"/>
		<Column name="ResourceBonusHelp" type="text" reference="Language_en_US(Tag)"/>
		<Column name="OfficeBonusHelp" type="text" reference="Language_en_US(Tag)"/>
		<Column name="TradeRouteBonusHelp" type="text" reference="Language_en_US(Tag)"/>
		<Column name="OfficeBenefitHelper" type="text" reference="Language_en_US(Tag)"/>
		<Column name="HeadquartersBuildingClass" type="text" reference="BuildingClasses(Type)"/>
		<Column name="OfficeBuildingClass" type="text" reference="BuildingClasses(Type)"/>
		<Column name="FranchiseBuildingClass" type="text" reference="BuildingClasses(Type)"/>
		<Column name="BaseFranchises" type="integer" default="0"/>
		<Column name="NumFreeTradeRoutes" type="integer" default="0"/>
		<Column name="TradeRouteRecipientBonus" type="integer" default="0"/>
		<Column name="TradeRouteTargetBonus" type="integer" default="0"/>
		<Column name="TradeRouteLandDistanceModifier" type="integer" default="0"/>
		<Column name="TradeRouteSeaDistanceModifier" type="integer" default="0"/>
		<Column name="TradeRouteSpeedModifier" type="integer" default="100"/>
		<Column name="TradeRoutesInvulnerable" type="boolean" default="false"/>
		<Column name="TradeRouteVisionBoost" type="integer" default="0"/>
		<Column name="RandomSpreadChance" type="integer" default="0"/>
		<Column name="TourismModNumFranchises" type="integer" default="0"/>
		<Column name="PortraitIndex" type="integer" default="-1"/>
		<Column name="IconAtlas" type="text" default="NULL" reference="IconTextureAtlases(Atlas)"/>
	</Table>
	<!-- Applies the modifier to the origin city yields - when sending to Franchises -->
	<Table name="Corporation_TradeRouteCityYield">
		<Column name="CorporationType" type="text" notnull="true" reference="Corporations(Type)"/>
		<Column name="YieldType" type="text" notnull="true" reference="Yields(Type)"/>
		<Column name="Yield" type="integer" default="0"/>
	</Table>
	<!-- Applies the modifer to what the trade route yields - when sending to Franchises -->
	<Table name="Corporation_TradeRouteMod">
		<Column name="CorporationType" type="text" notnull="true" reference="Corporations(Type)"/>
		<Column name="YieldType" type="text" notnull="true" reference="Yields(Type)"/>
		<Column name="Yield" type="integer" default="0"/>
	</Table>
	<!-- Applies specialist yield change to all cities with Corporation Headquarters and Offices (stacks) -->
	<Table name="Corporation_SpecialistYieldChanges">
		<Column name="CorporationType" type="text" notnull="true" reference="Corporations(Type)"/>
		<Column name="SpecialistType" type="text" reference="Specialists(Type)"/>
		<Column name="YieldType" type="text" notnull="true" reference="Yields(Type)"/>
		<Column name="Yield" type="integer" default="0"/>
	</Table>
	<!-- Applies yield change to all cities with Corporation Headquarters and Offices (stacks) -->
	<Table name="Corporation_BuildingClassYieldChanges">
		<Column name="CorporationType" type="text" notnull="true" reference="Corporations(Type)"/>
		<Column name="BuildingClassType" type="text" reference="BuildingClasses(Type)"/>
		<Column name="YieldType" type="text" reference="Yields(Type)"/>
		<Column name="YieldChange" type="integer" default="0"/>
	</Table>
	<!-- Applies yield change to all cities with Corporation Headquarters and Offices (stacks) -->
	<Table name="Corporation_ResourceYieldChanges">
		<Column name="CorporationType" type="text" notnull="true" reference="Corporations(Type)"/>
		<Column name="ResourceType" type="text" reference="Resources(Type)"/>
		<Column name="YieldType" type="text" reference="Yields(Type)"/>
		<Column name="Yield" type="integer" default="0"/>
	</Table>

	<Table name="Building_FranchiseTradeRouteCityYield">
		<Column name="BuildingType" type="text" notnull="true" reference="Buildings(Type)"/>
		<Column name="YieldType" type="text" notnull="true" reference="Yields(Type)"/>
		<Column name="Yield" type="integer" default="0"/>
	</Table>
	<!-- Grants a yield based on # of corporate franchises in unowned major cities -->
	<Table name="Building_YieldPerFranchise">
		<Column name="BuildingType" type="text" reference="Buildings(Type)"/>
		<Column name="YieldType" type="integer" reference="Yields(Type)"/>
		<Column name="Yield" type="integer" default="0"/>
	</Table>
	<!-- Grant a resource based on # of franchies in world -->
	<Table name="Building_ResourceQuantityPerXFranchises">
		<Column name="BuildingType" type="text" reference="Buildings(Type)"/>
		<Column name="ResourceType" type="text" reference="Resources(Type)"/>
		<Column name="NumFranchises" type="integer"/>
	</Table>
	<!-- Grants Combat units of any civilization (like Building_FreeUnits)-->
	<Table name="Building_FreeSpecUnits">
		<Column name="BuildingType" type="text" reference="Buildings(Type)"/>
		<Column name="UnitType" type="text" reference="Units(Type)"/>
		<Column name="NumUnits" type="integer"/>
	</Table>
	<!-- Non-functional ATM -->
	<Table name="Corporation_ResourceMonopolyAnds">
		<Column name="CorporationType" type="text" notnull="true" reference="Corporations(Type)"/>
		<Column name="ResourceType" type="text" reference="Resources(Type)"/>
	</Table>
	<Table name="Corporation_ResourceMonopolyOrs">
		<Column name="CorporationType" type="text" notnull="true" reference="Corporations(Type)"/>
		<Column name="ResourceType" type="text" reference="Resources(Type)"/>
	</Table>
	<Table name="Corporation_NumFreeResource">
		<Column name="CorporationType" type="text" notnull="true" reference="Corporations(Type)"/>
		<Column name="ResourceType" type="text" reference="Resources(Type)"/>
		<Column name="NumResource" type="integer" default="0"/>
	</Table>
	<Table name="Corporation_UnitResourceProductionModifier">
		<Column name="CorporationType" type="text" notnull="true" reference="Corporations(Type)"/>
		<Column name="ResourceType" type="text" reference="Resources(Type)"/>
		<Column name="Modifier" type="integer" default="0"/>
	</Table>
	<!-- End Corporations -->
	<!-- Stuff for CBO Egypt-->
	<GreatWorkArtifactClasses>
		<Row Type="ARTIFACT_SARCOPHAGUS" Value="7"/>
	</GreatWorkArtifactClasses>
	<GreatWorks>
		<!-- GREAT ARTIFACTS -->
		<Row>
			<Type>GREAT_WORK_EGYPT_SARCOPHAGUS_1</Type>
			<GreatWorkClassType>GREAT_WORK_ARTIFACT</GreatWorkClassType>
			<ArtifactClassType>ARTIFACT_SARCOPHAGUS</ArtifactClassType>
			<Description>TXT_KEY_ARTIFACT_SARCOPHAGUS_1</Description>
			<Image>Sarcophagus.dds</Image>
		</Row>
		<Row>
			<Type>GREAT_WORK_EGYPT_SARCOPHAGUS_2</Type>
			<GreatWorkClassType>GREAT_WORK_ARTIFACT</GreatWorkClassType>
			<ArtifactClassType>ARTIFACT_SARCOPHAGUS</ArtifactClassType>
			<Description>TXT_KEY_ARTIFACT_SARCOPHAGUS_2</Description>
			<Image>Sarcophagus.dds</Image>
		</Row>
		<Row>
			<Type>GREAT_WORK_EGYPT_SARCOPHAGUS_3</Type>
			<GreatWorkClassType>GREAT_WORK_ARTIFACT</GreatWorkClassType>
			<ArtifactClassType>ARTIFACT_SARCOPHAGUS</ArtifactClassType>
			<Description>TXT_KEY_ARTIFACT_SARCOPHAGUS_3</Description>
			<Image>Sarcophagus.dds</Image>
		</Row>
		<Row>
			<Type>GREAT_WORK_EGYPT_SARCOPHAGUS_4</Type>
			<GreatWorkClassType>GREAT_WORK_ARTIFACT</GreatWorkClassType>
			<ArtifactClassType>ARTIFACT_SARCOPHAGUS</ArtifactClassType>
			<Description>TXT_KEY_ARTIFACT_SARCOPHAGUS_4</Description>
			<Image>Sarcophagus.dds</Image>
		</Row>
		<Row>
			<Type>GREAT_WORK_EGYPT_SARCOPHAGUS_5</Type>
			<GreatWorkClassType>GREAT_WORK_ARTIFACT</GreatWorkClassType>
			<ArtifactClassType>ARTIFACT_SARCOPHAGUS</ArtifactClassType>
			<Description>TXT_KEY_ARTIFACT_SARCOPHAGUS_5</Description>
			<Image>Sarcophagus.dds</Image>
		</Row>
		<Row>
			<Type>GREAT_WORK_EGYPT_SARCOPHAGUS_6</Type>
			<GreatWorkClassType>GREAT_WORK_ARTIFACT</GreatWorkClassType>
			<ArtifactClassType>ARTIFACT_SARCOPHAGUS</ArtifactClassType>
			<Description>TXT_KEY_ARTIFACT_SARCOPHAGUS_6</Description>
			<Image>Sarcophagus.dds</Image>
		</Row>
		<Row>
			<Type>GREAT_WORK_EGYPT_SARCOPHAGUS_7</Type>
			<GreatWorkClassType>GREAT_WORK_ARTIFACT</GreatWorkClassType>
			<ArtifactClassType>ARTIFACT_SARCOPHAGUS</ArtifactClassType>
			<Description>TXT_KEY_ARTIFACT_SARCOPHAGUS_7</Description>
			<Image>Sarcophagus.dds</Image>
		</Row>
		<Row>
			<Type>GREAT_WORK_EGYPT_SARCOPHAGUS_8</Type>
			<GreatWorkClassType>GREAT_WORK_ARTIFACT</GreatWorkClassType>
			<ArtifactClassType>ARTIFACT_SARCOPHAGUS</ArtifactClassType>
			<Description>TXT_KEY_ARTIFACT_SARCOPHAGUS_8</Description>
			<Image>Sarcophagus.dds</Image>
		</Row>
		<Row>
			<Type>GREAT_WORK_EGYPT_SARCOPHAGUS_9</Type>
			<GreatWorkClassType>GREAT_WORK_ARTIFACT</GreatWorkClassType>
			<ArtifactClassType>ARTIFACT_SARCOPHAGUS</ArtifactClassType>
			<Description>TXT_KEY_ARTIFACT_SARCOPHAGUS_9</Description>
			<Image>Sarcophagus.dds</Image>
		</Row>
		<Row>
			<Type>GREAT_WORK_EGYPT_SARCOPHAGUS_10</Type>
			<GreatWorkClassType>GREAT_WORK_ARTIFACT</GreatWorkClassType>
			<ArtifactClassType>ARTIFACT_SARCOPHAGUS</ArtifactClassType>
			<Description>TXT_KEY_ARTIFACT_SARCOPHAGUS_10</Description>
			<Image>Sarcophagus.dds</Image>
		</Row>
		<Row>
			<Type>GREAT_WORK_EGYPT_SARCOPHAGUS_11</Type>
			<GreatWorkClassType>GREAT_WORK_ARTIFACT</GreatWorkClassType>
			<ArtifactClassType>ARTIFACT_SARCOPHAGUS</ArtifactClassType>
			<Description>TXT_KEY_ARTIFACT_SARCOPHAGUS_11</Description>
			<Image>Sarcophagus.dds</Image>
		</Row>
		<Row>
			<Type>GREAT_WORK_EGYPT_SARCOPHAGUS_12</Type>
			<GreatWorkClassType>GREAT_WORK_ARTIFACT</GreatWorkClassType>
			<ArtifactClassType>ARTIFACT_SARCOPHAGUS</ArtifactClassType>
			<Description>TXT_KEY_ARTIFACT_SARCOPHAGUS_12</Description>
			<Image>Sarcophagus.dds</Image>
		</Row>
		<Row>
			<Type>GREAT_WORK_EGYPT_SARCOPHAGUS_13</Type>
			<GreatWorkClassType>GREAT_WORK_ARTIFACT</GreatWorkClassType>
			<ArtifactClassType>ARTIFACT_SARCOPHAGUS</ArtifactClassType>
			<Description>TXT_KEY_ARTIFACT_SARCOPHAGUS_13</Description>
			<Image>Sarcophagus.dds</Image>
		</Row>
		<Row>
			<Type>GREAT_WORK_EGYPT_SARCOPHAGUS_14</Type>
			<GreatWorkClassType>GREAT_WORK_ARTIFACT</GreatWorkClassType>
			<ArtifactClassType>ARTIFACT_SARCOPHAGUS</ArtifactClassType>
			<Description>TXT_KEY_ARTIFACT_SARCOPHAGUS_14</Description>
			<Image>Sarcophagus.dds</Image>
		</Row>
		<Row>
			<Type>GREAT_WORK_EGYPT_SARCOPHAGUS_15</Type>
			<GreatWorkClassType>GREAT_WORK_ARTIFACT</GreatWorkClassType>
			<ArtifactClassType>ARTIFACT_SARCOPHAGUS</ArtifactClassType>
			<Description>TXT_KEY_ARTIFACT_SARCOPHAGUS_15</Description>
			<Image>Sarcophagus.dds</Image>
		</Row>
		<Row>
			<Type>GREAT_WORK_EGYPT_SARCOPHAGUS_16</Type>
			<GreatWorkClassType>GREAT_WORK_ARTIFACT</GreatWorkClassType>
			<ArtifactClassType>ARTIFACT_SARCOPHAGUS</ArtifactClassType>
			<Description>TXT_KEY_ARTIFACT_SARCOPHAGUS_16</Description>
			<Image>Sarcophagus.dds</Image>
		</Row>
		<Row>
			<Type>GREAT_WORK_EGYPT_SARCOPHAGUS_17</Type>
			<GreatWorkClassType>GREAT_WORK_ARTIFACT</GreatWorkClassType>
			<ArtifactClassType>ARTIFACT_SARCOPHAGUS</ArtifactClassType>
			<Description>TXT_KEY_ARTIFACT_SARCOPHAGUS_17</Description>
			<Image>Sarcophagus.dds</Image>
		</Row>
	</GreatWorks>
	<IconFontTextures>
		<Row>
			<IconFontTexture>ICON_FONT_TEXTURE_CULTURE_LOCAL</IconFontTexture>
			<IconFontTextureFile>CultureLocal</IconFontTextureFile>
		</Row>
	</IconFontTextures>
	<IconFontMapping>
		<Row>
			<IconName>ICON_CULTURE_LOCAL</IconName>
			<IconFontTexture>ICON_FONT_TEXTURE_CULTURE_LOCAL</IconFontTexture>
			<IconMapping>1</IconMapping>
		</Row>
	</IconFontMapping>
	<Yields>
		<Row>
			<ID>8</ID>
			<Type>YIELD_GREAT_GENERAL_POINTS</Type>
			<Description>TXT_KEY_YIELD_GREAT_GENERAL_POINTS</Description>
			<IconString>[ICON_GREAT_GENERAL]</IconString>
			<ColorString>[COLOR_WHITE]</ColorString>
			<ImageTexture>yieldatlas_128_general.dds</ImageTexture>
			<MinCity>0</MinCity>
			<AIWeightPercent>80</AIWeightPercent>
		</Row>
		<Row>
			<ID>9</ID>
			<Type>YIELD_GREAT_ADMIRAL_POINTS</Type>
			<Description>TXT_KEY_YIELD_GREAT_ADMIRAL_POINTS</Description>
			<IconString>[ICON_GREAT_ADMIRAL]</IconString>
			<ColorString>[COLOR_WHITE]</ColorString>
			<ImageTexture>yieldatlas_128_admiral.dds</ImageTexture>
			<MinCity>0</MinCity>
			<AIWeightPercent>80</AIWeightPercent>
		</Row>
		<Row>
			<ID>10</ID>
			<Type>YIELD_POPULATION</Type>
			<Description>TXT_KEY_YIELD_POPULATION</Description>
			<IconString>[ICON_CITIZEN]</IconString>
			<MinCity>0</MinCity>
			<AIWeightPercent>80</AIWeightPercent>
		</Row>
		<Row>
			<ID>11</ID>
			<Type>YIELD_CULTURE_LOCAL</Type>
			<Description>TXT_KEY_YIELD_CULTURE_LOCAL</Description>
			<IconString>[ICON_CULTURE_LOCAL]</IconString>
			<ColorString>[COLOR_WHITE]</ColorString>
			<ImageTexture>yieldatlas_128_culturelocal.dds</ImageTexture>
			<MinCity>0</MinCity>
			<AIWeightPercent>80</AIWeightPercent>
		</Row>
		<Row>
			<ID>12</ID>
			<Type>YIELD_JFD_HEALTH</Type>
			<Description>TXT_KEY_YIELD_JFD_HEALTH</Description>
			<IconString>[ICON_CULTURE]</IconString>
			<MinCity>0</MinCity>
			<AIWeightPercent>80</AIWeightPercent>
		</Row>
		<Row>
			<ID>13</ID>
			<Type>YIELD_JFD_DISEASE</Type>
			<Description>TXT_KEY_YIELD_JFD_DISEASE</Description>
			<IconString>[ICON_CULTURE]</IconString>
			<MinCity>0</MinCity>
			<AIWeightPercent>80</AIWeightPercent>
		</Row>
		<Row>
			<ID>14</ID>
			<Type>YIELD_JFD_CRIME</Type>
			<Description>TXT_KEY_YIELD_JFD_CRIME</Description>
			<IconString>[ICON_CULTURE]</IconString>
			<MinCity>0</MinCity>
			<AIWeightPercent>80</AIWeightPercent>
		</Row>
		<Row>
			<ID>15</ID>
			<Type>YIELD_JFD_LOYALTY</Type>
			<Description>TXT_KEY_YIELD_JFD_LOYALTY</Description>
			<IconString>[ICON_CULTURE]</IconString>
			<MinCity>0</MinCity>
			<AIWeightPercent>80</AIWeightPercent>
		</Row>
		<Row>
			<ID>16</ID>
			<Type>YIELD_JFD_SOVEREIGNTY</Type>
			<Description>TXT_KEY_YIELD_JFD_SOVEREIGNTY</Description>
			<IconString>[ICON_CULTURE]</IconString>
			<MinCity>0</MinCity>
			<AIWeightPercent>80</AIWeightPercent>
		</Row>
	</Yields>
	<Notifications>
		<Row>
			<NotificationType>NOTIFICATION_EVENT_CHOICE</NotificationType>
		</Row>
		<Row>
			<NotificationType>NOTIFICATION_EVENT_CHOICE_CITY</NotificationType>
		</Row>
		<Row>
			<NotificationType>NOTIFICATION_INSTANT_YIELD</NotificationType>
		</Row>
	</Notifications>
</GameData>