<?xml version="1.0" encoding="utf-8"?>
<!-- Created by ModBuddy on 3/30/2016 11:38:40 PM -->
<GameData>
	<Audio_Sounds>
		<Row>
			<SoundID>SND_EVENT_CHOICE</SoundID>
			<Filename>EventChoice</Filename>
			<LoadType>DynamicResident</LoadType>
		</Row>
	</Audio_Sounds>
	<Audio_2DSounds>
		<Row>
			<ScriptID>AS2D_EVENT_CHOICE</ScriptID>
			<SoundID>SND_EVENT_CHOICE</SoundID>
			<SoundType>GAME_SFX</SoundType>
			<DontTriggerDuplicates>1</DontTriggerDuplicates>
			<DontPlayMoreThan>1</DontPlayMoreThan>
			<TaperSoundtrackVolume>-1.0</TaperSoundtrackVolume>
			<MinVolume>100</MinVolume>
			<MaxVolume>100</MaxVolume>
		</Row>
	</Audio_2DSounds>
</GameData>