<?xml version="1.0" encoding="utf-8"?>
<!-- Created by ModBuddy on 3/25/2016 5:31:23 PM -->

<!-- NOTE! These events are not loaded in-game. They are just here as examples of structure! -->
<GameData>
	<!--  
	
	///////////
	Player Events
	///////////
	
	 -->

	<Events>
		<Row>
			<ID>0</ID>
			<Type>EVENT_COMET_SIGHTING</Type>
			<Description>TXT_KEY_EVENT_COMET_SIGHTING_DESCRIPTION</Description>
			<Help>TXT_KEY_EVENT_COMET_SIGHTING_HELP</Help>
			<NumChoices>3</NumChoices>
			<RandomChance>20</RandomChance>
			<EventCooldown>75</EventCooldown>
			<RandomChanceDelta>1</RandomChanceDelta>
			<PrereqTech>TECH_CALENDAR</PrereqTech>
			<Global>true</Global>
		</Row>
	</Events>
	<EventChoices>
		<Row>
			<ID>0</ID>
			<Type>EVENT_COMET_SIGHTING_CHOICE_1</Type>
			<Description>TXT_KEY_EVENT_COMET_SIGHTING_DESCRIPTION_CHOICE_1</Description>
			<Help>TXT_KEY_EVENT_COMET_SIGHTING_HELP_CHOICE_1</Help>
			<EventDuration>5</EventDuration>
			<Expires>true</Expires>
			<EventPromotion>PROMOTION_DRILL_1</EventPromotion>
		</Row>
		<Row>
			<Type>EVENT_COMET_SIGHTING_CHOICE_2</Type>
			<Help>TXT_KEY_EVENT_COMET_SIGHTING_HELP_CHOICE_2</Help>
			<EventDuration>5</EventDuration>
			<Description>TXT_KEY_EVENT_COMET_SIGHTING_DESCRIPTION_CHOICE_2</Description>
		</Row>
		<Row>
			<Type>EVENT_COMET_SIGHTING_CHOICE_3</Type>
			<Help>TXT_KEY_EVENT_COMET_SIGHTING_HELP_CHOICE_3</Help>
			<EventDuration>5</EventDuration>
			<Description>TXT_KEY_EVENT_COMET_SIGHTING_DESCRIPTION_CHOICE_3</Description>
		</Row>
	</EventChoices>
	<Event_ParentEvents>
		<Row>
			<EventChoiceType>EVENT_COMET_SIGHTING_CHOICE_1</EventChoiceType>
			<EventType>EVENT_COMET_SIGHTING</EventType>
		</Row>
		<Row>
			<EventChoiceType>EVENT_COMET_SIGHTING_CHOICE_2</EventChoiceType>
			<EventType>EVENT_COMET_SIGHTING</EventType>
		</Row>
		<Row>
			<EventChoiceType>EVENT_COMET_SIGHTING_CHOICE_3</EventChoiceType>
			<EventType>EVENT_COMET_SIGHTING</EventType>
		</Row>
	</Event_ParentEvents>
	<EventChoice_InstantYield>
		<Row>
			<EventChoiceType>EVENT_COMET_SIGHTING_CHOICE_2</EventChoiceType>
			<YieldType>YIELD_GOLDEN_AGE_POINTS</YieldType>
			<Yield>100</Yield>
		</Row>
	</EventChoice_InstantYield>
	<EventChoice_ResourceQuantity>
		<Row>
			<EventChoiceType>EVENT_COMET_SIGHTING_CHOICE_3</EventChoiceType>
			<ResourceType>RESOURCE_IRON</ResourceType>
			<Quantity>1</Quantity>
		</Row>
	</EventChoice_ResourceQuantity>
	<EventChoiceFlavors>
		<Row>
			<EventChoiceType>EVENT_COMET_SIGHTING_CHOICE_1</EventChoiceType>
			<FlavorType>FLAVOR_OFFENSE</FlavorType>
			<Flavor>20</Flavor>
		</Row>
		<Row>
			<EventChoiceType>EVENT_COMET_SIGHTING_CHOICE_2</EventChoiceType>
			<FlavorType>FLAVOR_GREAT_PEOPLE</FlavorType>
			<Flavor>20</Flavor>
		</Row>
		<Row>
			<EventChoiceType>EVENT_COMET_SIGHTING_CHOICE_3</EventChoiceType>
			<FlavorType>FLAVOR_PRODUCTION</FlavorType>
			<Flavor>20</Flavor>
		</Row>
	</EventChoiceFlavors>
	<EventChoice_Notification>
		<Row>
			<EventChoiceType>EVENT_COMET_SIGHTING_CHOICE_1</EventChoiceType>
			<NotificationType>NOTIFICATION_MINOR_QUEST</NotificationType>
			<Description>TXT_KEY_NOTIFICATION_EVENT_COMET_SIGHTING_CHOICE_1</Description>
			<ShortDescription>TXT_KEY_NOTIFICATION_EVENT_COMET_SIGHTING_CHOICE_1_S</ShortDescription>
			<IsWorldEvent>true</IsWorldEvent>
		</Row>
		<Row>
			<EventChoiceType>EVENT_COMET_SIGHTING_CHOICE_2</EventChoiceType>
			<NotificationType>NOTIFICATION_MINOR_QUEST</NotificationType>
			<Description>TXT_KEY_NOTIFICATION_EVENT_COMET_SIGHTING_CHOICE_2</Description>
			<ShortDescription>TXT_KEY_NOTIFICATION_EVENT_COMET_SIGHTING_CHOICE_2_S</ShortDescription>
			<IsWorldEvent>true</IsWorldEvent>
		</Row>
		<Row>
			<EventChoiceType>EVENT_COMET_SIGHTING_CHOICE_3</EventChoiceType>
			<NotificationType>NOTIFICATION_MINOR_QUEST</NotificationType>
			<Description>TXT_KEY_NOTIFICATION_EVENT_COMET_SIGHTING_CHOICE_3</Description>
			<ShortDescription>TXT_KEY_NOTIFICATION_EVENT_COMET_SIGHTING_CHOICE_3_S</ShortDescription>
			<IsWorldEvent>true</IsWorldEvent>
		</Row>
	</EventChoice_Notification>
	<!--  
	
	///////////
	City Events
	///////////
	
	 -->
	<CityEvents>
		<Row>
			<ID>0</ID>
			<Type>EVENT_MARKET_DAY</Type>
			<RandomChance>20</RandomChance>
			<EventCooldown>50</EventCooldown>
			<RandomChanceDelta>5</RandomChanceDelta>
			<RequiredActiveCityEventChoice>EVENT_WANDERER_CHOICE_1</RequiredActiveCityEventChoice>
		</Row>
		<Row>
			<Type>EVENT_WANDERER</Type>
			<Description>TXT_KEY_EVENT_WANDERER_DESCRIPTION</Description>
			<Help>TXT_KEY_EVENT_WANDERER_HELP</Help>
			<RandomChance>90</RandomChance>
			<NumChoices>4</NumChoices>
			<EventCooldown>60</EventCooldown>
			<RandomChanceDelta>5</RandomChanceDelta>
			<PrereqTech>TECH_POTTERY</PrereqTech>
		</Row>
	</CityEvents>
	<CityEventChoices>
		<Row>
			<ID>0</ID>
			<Type>EVENT_MARKET_DAY_CHOICE_1</Type>
			<Description>TXT_KEY_EVENT_MARKET_DAY_DESCRIPTION_CHOICE_1</Description>
			<Help>TXT_KEY_EVENT_MARKET_DAY_HELP_CHOICE_1</Help>
			<EventDuration>5</EventDuration>
			<Expires>true</Expires>
			<EventBuildingClass>BUILDINGCLASS_MARKET</EventBuildingClass>
		</Row>
		<Row>
			<Type>EVENT_WANDERER_CHOICE_1</Type>
			<EventDuration>5</EventDuration>
			<Description>TXT_KEY_EVENT_EVENT_WANDERER_DESCRIPTION_CHOICE_1</Description>
			<Help>TXT_KEY_EVENT_WANDERER_HELP_CHOICE_1</Help>
		</Row>
		<Row>
			<Type>EVENT_WANDERER_CHOICE_2</Type>
			<EventDuration>5</EventDuration>
			<ImprovementRequired>IMPROVEMENT_FARM</ImprovementRequired>
			<Description>TXT_KEY_EVENT_EVENT_WANDERER_DESCRIPTION_CHOICE_2</Description>
			<Help>TXT_KEY_EVENT_WANDERER_HELP_CHOICE_2</Help>
		</Row>
		<Row>
			<Type>EVENT_WANDERER_CHOICE_3</Type>
			<EventDuration>5</EventDuration>
			<Description>TXT_KEY_EVENT_EVENT_WANDERER_DESCRIPTION_CHOICE_3</Description>
			<Help>TXT_KEY_EVENT_WANDERER_HELP_CHOICE_3</Help>
		</Row>
	</CityEventChoices>
	<CityEvent_ParentEvents>
		<Row>
			<CityEventChoiceType>EVENT_MARKET_DAY_CHOICE_1</CityEventChoiceType>
			<CityEventType>EVENT_MARKET_DAY</CityEventType>
		</Row>
		<Row>
			<CityEventChoiceType>EVENT_MARKET_DAY_CHOICE_1</CityEventChoiceType>
			<CityEventType>EVENT_WANDERER</CityEventType>
		</Row>
		<Row>
			<CityEventChoiceType>EVENT_WANDERER_CHOICE_1</CityEventChoiceType>
			<CityEventType>EVENT_WANDERER</CityEventType>
		</Row>
		<Row>
			<CityEventChoiceType>EVENT_WANDERER_CHOICE_2</CityEventChoiceType>
			<CityEventType>EVENT_WANDERER</CityEventType>
		</Row>
		<Row>
			<CityEventChoiceType>EVENT_WANDERER_CHOICE_3</CityEventChoiceType>
			<CityEventType>EVENT_WANDERER</CityEventType>
		</Row>
	</CityEvent_ParentEvents>
	<CityEventChoice_BuildingClassYieldChange>
		<Row>
			<CityEventChoiceType>EVENT_WANDERER_CHOICE_1</CityEventChoiceType>
			<BuildingClassType>BUILDINGCLASS_MONUMENT</BuildingClassType>
			<YieldType>YIELD_GOLD</YieldType>
			<YieldChange>3</YieldChange>
		</Row>
	</CityEventChoice_BuildingClassYieldChange>
	<CityEventChoice_CityYield>
		<Row>
			<CityEventChoiceType>EVENT_WANDERER_CHOICE_3</CityEventChoiceType>
			<YieldType>YIELD_CULTURE</YieldType>
			<Yield>2</Yield>
		</Row>
	</CityEventChoice_CityYield>
	<CityEventChoice_GreatPersonPoints>
		<Row>
			<CityEventChoiceType>EVENT_WANDERER_CHOICE_1</CityEventChoiceType>
			<SpecialistType>SPECIALIST_ENGINEER</SpecialistType>
			<Points>50</Points>		
		</Row>
	</CityEventChoice_GreatPersonPoints>
	<CityEventChoice_ImprovementYieldChange>
		<Row>
			<CityEventChoiceType>EVENT_WANDERER_CHOICE_1</CityEventChoiceType>
			<ImprovementType>IMPROVEMENT_FARM</ImprovementType>
			<YieldType>YIELD_CULTURE</YieldType>
			<YieldChange>1</YieldChange>
		</Row>
	</CityEventChoice_ImprovementYieldChange>
	<CityEventChoice_FeatureYieldChange>
		<Row>
			<CityEventChoiceType>EVENT_WANDERER_CHOICE_1</CityEventChoiceType>
			<FeatureType>FEATURE_FOREST</FeatureType>
			<YieldType>YIELD_GOLD</YieldType>
			<YieldChange>1</YieldChange>
		</Row>
	</CityEventChoice_FeatureYieldChange>
	<CityEventChoice_TerrainYieldChange>
		<Row>
			<CityEventChoiceType>EVENT_WANDERER_CHOICE_1</CityEventChoiceType>
			<TerrainType>TERRAIN_PLAINS</TerrainType>
			<YieldType>YIELD_SCIENCE</YieldType>
			<YieldChange>1</YieldChange>
		</Row>
	</CityEventChoice_TerrainYieldChange>
	<CityEventChoice_ImprovementDestructionRandom>
		<Row>
			<CityEventChoiceType>EVENT_WANDERER_CHOICE_2</CityEventChoiceType>
			<ImprovementType>IMPROVEMENT_FARM</ImprovementType>
			<Number>2</Number>
		</Row>
	</CityEventChoice_ImprovementDestructionRandom>
	<CityEventChoice_FreeUnitClasses>
		<Row>
			<CityEventChoiceType>EVENT_WANDERER_CHOICE_3</CityEventChoiceType>
			<UnitClassType>UNITCLASS_WARRIOR</UnitClassType>
			<Quantity>2</Quantity>
		</Row>
	</CityEventChoice_FreeUnitClasses>
	<CityEventChoice_Notification>
		<Row>
			<CityEventChoiceType>EVENT_WANDERER_CHOICE_1</CityEventChoiceType>
			<NotificationType>NOTIFICATION_GENERIC</NotificationType>
			<Description>TXT_KEY_NOTIFICATION_EVENT_WANDERER_CHOICE_1</Description>
			<ShortDescription>TXT_KEY_NOTIFICATION_EVENT_WANDERER_CHOICE_1_S</ShortDescription>
			<IsWorldEvent>true</IsWorldEvent>
		</Row>
	</CityEventChoice_Notification>
	<Language_en_US>
		<Row Tag="TXT_KEY_NOTIFICATION_EVENT_WANDERER_CHOICE_1_S">
			<Text>{1_Playername} encountered a wanderer in {2_City}.</Text>
		</Row>
		<Row Tag="TXT_KEY_NOTIFICATION_EVENT_WANDERER_CHOICE_1">
			<Text>{1_Playername} invited a wandered to settle in {2_City}, increasing its population.</Text>
		</Row>
		<Row Tag="TXT_KEY_NOTIFICATION_EVENT_COMET_SIGHTING_CHOICE_1_S">
			<Text>{1_Playername} witnessed a Comet!</Text>
		</Row>
		<Row Tag="TXT_KEY_NOTIFICATION_EVENT_COMET_SIGHTING_CHOICE_1">
			<Text>{1_Playername} witnessed a Comet, and their warriors became stronger.</Text>
		</Row>
		<Row Tag="TXT_KEY_NOTIFICATION_EVENT_COMET_SIGHTING_CHOICE_2_S">
			<Text>{1_Playername} witnessed a Comet!</Text>
		</Row>
		<Row Tag="TXT_KEY_NOTIFICATION_EVENT_COMET_SIGHTING_CHOICE_2">
			<Text>{1_Playername} witnessed a Comet, and are now closer to a [ICON_GOLDEN_AGE] Golden Age..</Text>
		</Row>
		<Row Tag="TXT_KEY_NOTIFICATION_EVENT_COMET_SIGHTING_CHOICE_3_S">
			<Text>{1_Playername} witnessed a Comet!</Text>
		</Row>
		<Row Tag="TXT_KEY_NOTIFICATION_EVENT_COMET_SIGHTING_CHOICE_3">
			<Text>{1_Playername} witnessed a Comet, and [ICON_RES_IRON] Iron fell from the heavens.</Text>
		</Row>
		<Row Tag="TXT_KEY_EVENT_COMET_SIGHTING_DESCRIPTION">
			<Text>Comet Sighted!</Text>
		</Row>
		<Row Tag="TXT_KEY_EVENT_COMET_SIGHTING_HELP">
			<Text>A comet has appeared above your empire! Your soothsayers are not sure how to deal with this, and would greatly appreciate your guidance.[NEWLINE][NEWLINE]Choose from one of the options below...</Text>
		</Row>
		<Row Tag="TXT_KEY_EVENT_COMET_SIGHTING_HELP_CHOICE_1">
			<Text>Valid Melee Units gain the [COLOR_POSITIVE_TEXT]Drill I[ENDCOLOR] Promotion.</Text>
		</Row>
		<Row Tag="TXT_KEY_EVENT_COMET_SIGHTING_HELP_CHOICE_2">
			<Text>Gain 100 [ICON_GOLDEN_AGE] Golden Age Points.</Text>
		</Row>
		<Row Tag="TXT_KEY_EVENT_COMET_SIGHTING_HELP_CHOICE_3">
			<Text>Gain 1 [ICON_RES_IRON] Iron.</Text>
		</Row>
		<Row Tag="TXT_KEY_EVENT_COMET_SIGHTING_DESCRIPTION_CHOICE_1">
			<Text>Our Warriors are inspired..</Text>
		</Row>
		<Row Tag="TXT_KEY_EVENT_COMET_SIGHTING_DESCRIPTION_CHOICE_2">
			<Text>Truly a sign from the heavens.</Text>
		</Row>
		<Row Tag="TXT_KEY_EVENT_COMET_SIGHTING_DESCRIPTION_CHOICE_3">
			<Text>Did something fall from the sky?</Text>
		</Row>
		<Row Tag="TXT_KEY_EVENT_MARKET_DAY_DESCRIPTION_CHOICE_1">
			<Text>Market Day</Text>
		</Row>
		<Row Tag="TXT_KEY_EVENT_MARKET_DAY_HELP_CHOICE_1">
			<Text>Market Day has begun in the City. For the next 5 turns, the City receives a free Market.</Text>
		</Row>
		<Row Tag="TXT_KEY_EVENT_WANDERER_DESCRIPTION">
			<Text>The Lone Wanderer</Text>
		</Row>
		<Row Tag="TXT_KEY_EVENT_WANDERER_HELP">
			<Text>A wanderer has arrived at the City gates, asking for asylum. He claims to have three skills, and will offer you one in exchange for a stay at your inn.[NEWLINE][NEWLINE]Choose from the options below...</Text>
		</Row>
		<Row Tag="TXT_KEY_EVENT_EVENT_WANDERER_DESCRIPTION_CHOICE_1">
			<Text>We could use more workers.</Text>
		</Row>
		<Row Tag="TXT_KEY_EVENT_WANDERER_HELP_CHOICE_1">
			<Text>Receive 50 Great Engineer Points in the City.</Text>
		</Row>
		<Row Tag="TXT_KEY_EVENT_EVENT_WANDERER_DESCRIPTION_CHOICE_2">
			<Text>You are not welcome, foreigner.</Text>
		</Row>
		<Row Tag="TXT_KEY_EVENT_WANDERER_HELP_CHOICE_2">
			<Text>2 Farm Improvements are destroyed near the City.</Text>
		</Row>
		<Row Tag="TXT_KEY_EVENT_EVENT_WANDERER_DESCRIPTION_CHOICE_3">
			<Text>A wanderer? You and your friends suit up!</Text>
		</Row>
		<Row Tag="TXT_KEY_EVENT_WANDERER_HELP_CHOICE_3">
			<Text>Two warriors appear near the City.</Text>
		</Row>
	</Language_en_US>
</GameData>