<?xml version="1.0" encoding="utf-8"?>
<!-- edited with XMLSPY v2004 rel. 2 U (http://www.xmlspy.com) by Anton Strenger (Firaxis Games) -->
<Context Color0="Beige" Color1="Black,256" Font="TwCenMT16" FontStyle="Shadow">
	<Box Size="990,650" Anchor="C,C" Offset="0,42" Color="White.0">
		<Image Anchor="L,B" Offset="18,110" Texture="HorizontalTrim.dds" Size="270.5"/>
		<Container Anchor="L,T" Size="956,550" Offset="18,73" ID="DealsPanel">
			<!--glowy blue background behind list of articles-->
			<Box Size="270,534" Anchor="L,T" Offset="0,0" Padding="0,0" Color="White.0">
				<Image Anchor="R,C" AnchorSide="o,i" Texture="VerticalTrim.dds" Size="5,534"/>
			</Box>
			<ScrollPanel Anchor="L,T" Offset="0,0" Size="270,460" Vertical="1" ID="ListScrollPanel" AutoScrollBar="1">
				<ScrollBar Offset="0,18" Style="VertSlider" Anchor="R,t" Length="424" ID="LeftScrollBar"/>
				<UpButton Offset="0,0" Style="ScrollBarUp" Anchor="R,T" ID="LeftUpButton"/>
				<DownButton Offset="0,0" Style="ScrollBarDown" Anchor="R,B" ID="LeftDownButton"/>
				<!--list of articles in this category-->
				<Stack Anchor="L,T" Offset="0,0" StackGrowth="Bottom" Padding="0" ID="AllDealsStack">
					<Grid ID="NoDealsText" Size="250,27" Offset="0,0" Padding="0,0" Style="Grid9FrameTurns">
						<Label Anchor="c,c" String="TXT_KEY_DO_NO_DEALS"/>
					</Grid>
					<Button ID="CurrentDealsButton" Size="250,27" TextAnchor="L,C">
						<Grid Size="250,27" Offset="0,0" Padding="0,0" Style="Grid9FrameTurns"/>
						<ShowOnMouseOver>
							<AlphaAnim Anchor="L,C" Size="250,27" Pause="0" Cycle="Bounce" Speed="1" AlphaStart="2" AlphaEnd="1">
								<Grid Size="250,27" Offset="0,0" Padding="0,0" Style="Grid9FrameTurnsHL"/>
							</AlphaAnim>
						</ShowOnMouseOver>
					</Button>
					<Stack Anchor="L,T" Offset="0,0" StackGrowth="Bottom" Padding="0" ID="CurrentDealsStack"/>
					<Button ID="HistoricDealsButton" Size="250,27" TextAnchor="L,C">
						<Grid Size="250,27" Offset="0,0" Padding="0,0" Style="Grid9FrameTurns"/>
						<ShowOnMouseOver>
							<AlphaAnim Anchor="L,C" Size="250,27" Pause="0" Cycle="Bounce" Speed="1" AlphaStart="2" AlphaEnd="1">
								<Grid Size="250,27" Offset="0,0" Padding="0,0" Style="Grid9FrameTurnsHL"/>
							</AlphaAnim>
						</ShowOnMouseOver>
					</Button>
					<Stack Anchor="L,T" Offset="0,0" StackGrowth="Bottom" Padding="0" ID="HistoricDealsStack"/>
				</Stack>
			</ScrollPanel>
			<!-- Right Panel Container -->
			<Box Anchor="R,C" Offset="0,-9" Size="680,534" Color="0,0,0,0" ID="RightSide" Hidden="0">
				<Box Color="0,0,0,0" Anchor="C,T" Offset="0,30" Size="580,50" ID="TradeDetails">
					<Label Anchor="C,T" Offset="0,-5" String="Turn Began" ID="TurnStart"/>
					<Label Anchor="C,T" Offset="0,15" String="Turn Ending" ID="TurnEnd"/>
					<Image Size="64,64" Anchor="R,T" Offset="0.-4" Texture="IconFrame64.dds" ID="U">
						<Image ID="UsCivIconBG" Size="64.64" Anchor="C,C" TextureOffset="77,0" Texture="CivIconBGSizes.dds"/>
						<Image ID="UsCivIconShadow" Size="48.48" Anchor="C,C" Offset="0,0" Texture="CivSymbolAtlas48.dds" Color="Black.128"/>
						<Image ID="UsSymbolShadow" Size="48,48" Anchor="C,C" Texture="CivSymbolsColor512.dds"/>
						<Label Anchor="L,B" Offset="0,12" AnchorSide="O.I" String="TXT_KEY_DIPLO_YOUR_ITEMS_LABEL" Font="TwCenMT18" FontStyle="Shadow" ID="UsText"/>
					</Image>
					<Image Size="64,64" Anchor="L,T" Offset="0.-4" Texture="IconFrame64.dds">
						<Image ID="ThemCivIconBG" Size="64.64" Anchor="C,C" TextureOffset="77,0" Texture="CivIconBGSizes.dds"/>
						<Image ID="ThemCivIconShadow" Size="48.48" Anchor="C,C" Offset="0,0" Texture="CivSymbolAtlas48.dds" Color="Black.128"/>
						<Image ID="ThemSymbolShadow" Size="48,48" Anchor="C,C" Texture="CivSymbolsColor512.dds"/>
						<Label Anchor="R,B" Offset="0,12" AnchorSide="O.I" String="TXT_KEY_DIPLO_YOUR_ITEMS_LABEL" Font="TwCenMT18" FontStyle="Shadow" ID="ThemText"/>
					</Image>
				</Box>
				<!-- Trade Segment Container =================================================================================================== -->
				<Container Anchor="R,C" Offset="80,30" Size="510,420">
					<Grid Size="510,420" Anchor="C,T" Padding="0,0" Style="GridGlass16" Hidden="0" ConsumeMouse="1"/>
					<Grid Size="523,420" Anchor="R,T" Padding="0,0" Style="Grid9Detail48" Hidden="0" ConsumeMouse="1">
						<Image Anchor="C,T" Offset="0.6" Texture="VerticalTrim.dds" Size="5,410"/>
						<!-- ================== These controls exist to trick TradeLogic.lua into working for us ================================ -->
						<!-- ================== It's a terrible, wasteful hack, and the logic should be modified ================================ -->
						<Container Hidden="1">
							<Stack ID="UsPocketStack" Hidden="1"/>
							<Stack ID="ThemPocketStack" Hidden="1"/>
							<Stack ID="UsPocketLeaderStack" Hidden="1"/>
							<Stack ID="ThemPocketLeaderStack" Hidden="1"/>
							<Stack ID="UsPocketCitiesStack" Hidden="1"/>
							<Stack ID="ThemPocketCitiesStack" Hidden="1"/>
							<Stack ID="UsPocketStrategicStack" Hidden="1"/>
							<Stack ID="ThemPocketStrategicStack" Hidden="1"/>
							<Stack ID="UsPocketLuxuryStack" Hidden="1"/>
							<Stack ID="ThemPocketLuxuryStack" Hidden="1"/>
							<Stack ID="UsPocketVoteStack" Hidden="1"/>
							<Stack ID="ThemPocketVoteStack" Hidden="1"/>
							<ScrollPanel ID="UsPocketPanel" Hidden="1"/>
							<ScrollPanel ID="ThemPocketPanel" Hidden="1"/>
							<GridButton ID="UsPocketThirdPartyPeace" Hidden="1"/>
							<GridButton ID="ThemPocketThirdPartyPeace" Hidden="1"/>
							<GridButton ID="UsPocketThirdPartyWar" Hidden="1"/>
							<GridButton ID="ThemPocketThirdPartyWar" Hidden="1"/>
							<GridButton ID="UsPocketCities" Hidden="1"/>
							<GridButton ID="ThemPocketCities" Hidden="1"/>
							<GridButton ID="UsPocketLuxury" Hidden="1"/>
							<GridButton ID="ThemPocketLuxury" Hidden="1"/>
							<GridButton ID="UsPocketStrategic" Hidden="1"/>
							<GridButton ID="ThemPocketStrategic" Hidden="1"/>
							<GridButton ID="UsPocketVote" Hidden="1"/>
							<GridButton ID="ThemPocketVote" Hidden="1"/>
							<GridButton ID="UsPocketThirdParty" Hidden="1"/>
							<GridButton ID="ThemPocketThirdParty" Hidden="1"/>
							<GridButton ID="UsPocketGold" Hidden="1"/>
							<GridButton ID="ThemPocketGold" Hidden="1"/>
							<GridButton ID="UsPocketGoldPerTurn" Hidden="1"/>
							<GridButton ID="ThemPocketGoldPerTurn" Hidden="1"/>
							<GridButton ID="UsPocketAllowEmbassy" Hidden="1"/>
							<GridButton ID="ThemPocketAllowEmbassy" Hidden="1"/>
							<GridButton ID="UsPocketOpenBorders" Hidden="1"/>
							<GridButton ID="ThemPocketOpenBorders" Hidden="1"/>
							<GridButton ID="UsPocketTradeAgreement" Hidden="1"/>
							<GridButton ID="ThemPocketTradeAgreement" Hidden="1"/>
							<GridButton ID="UsPocketDefensivePact" Hidden="1"/>
							<GridButton ID="ThemPocketDefensivePact" Hidden="1"/>
							<GridButton ID="UsPocketResearchAgreement" Hidden="1"/>
							<GridButton ID="ThemPocketResearchAgreement" Hidden="1"/>
							<Button ID="UsPocketLeaderClose"/>
							<Button ID="UsPocketCitiesClose"/>
							<Button ID="UsPocketOtherPlayer"/>
							<Button ID="UsPocketOtherPlayerPeace"/>
							<Button ID="UsPocketOtherPlayerWar"/>
							<Stack ID="UsPocketOtherPlayerStack"/>
							<Button ID="ThemPocketLeaderClose"/>
							<Button ID="ThemPocketCitiesClose"/>
							<Button ID="ThemPocketOtherPlayer"/>
							<Button ID="ThemPocketOtherPlayerPeace"/>
							<Button ID="ThemPocketOtherPlayerWar"/>
							<Stack ID="ThemPocketOtherPlayerStack"/>
							<Button ID="CancelButton" Hidden="1"/>
							<Button ID="ProposeButton" Hidden="1"/>
							<!-- CBP -->
							<Button ID="DenounceButton" Hidden="1"/>
							<!-- END -->
						</Container>
						<!--   UsTable       -->
						<Grid Size="225,400" Anchor="R,T" Offset="24,12" Style="GridBlackIndent8">
							<ScrollPanel Anchor="L,T" Offset="0,0" Size="210,400" Vertical="1" ID="UsTablePanel" AutoScrollBar="1">
								<Stack Anchor="L,T" Offset="0,0" Size="128,128" StackGrowth="Bottom" Padding="0" ID="UsTableStack">
									<Button Style="TradeItemButton" Anchor="L,C" ID="UsTablePeaceTreaty"/>
									<Button Style="TradeItemButton" Anchor="L,C" String="TXT_KEY_DIPLO_GOLD" ID="UsTableGold">
										<Box Anchor="R,C" Offset="2,0" Size="40,18" Color="255,255,200,255">
											<Box Anchor="C,C" Offset="0,0" Size="38,16" Color="0,0,0,255">
												<EditBox EditMode="1" Size="36,16" Anchor="C,C" Font="TwCenMT14" NumberInput="1" MaxLength="4" ID="UsGoldAmount"/>
											</Box>
										</Box>
									</Button>
									<Container Anchor="L,C" Size="195,40" ID="UsTableGoldPerTurn">
										<Button Style="TradeItemButton" Anchor="L,T" String="TXT_KEY_DIPLO_GOLD_PER_TURN" ID="UsTableGoldPerTurnButton"/>
										<Box Anchor="R,T" Offset="2,3" Size="40,18" Color="255,255,200,255">
											<Box Anchor="C,C" Offset="0,0" Size="38,16" Color="0,0,0,255">
												<EditBox EditMode="1" Size="36,16" Anchor="C,C" Font="TwCenMT14" NumberInput="1" MaxLength="4" ID="UsGoldPerTurnAmount"/>
											</Box>
										</Box>
										<Label String="" Font="TwCenMT14" Offset="10,5" Anchor="L,B" ID="UsGoldPerTurnTurns"/>
									</Container>
									<Stack Anchor="L,T" Offset="0,0" Size="128,0" StackGrowth="Bottom" Padding="5" Hidden="0" ID="UsTableLuxuryStack">
										<Label Anchor="L,C" Offset="5,0" String="TXT_KEY_DIPLO_LUXURY_RESOURCES" Font="TwCenMT14"/>
									</Stack>
									<Stack Anchor="L,T" Offset="0,0" Size="128,0" StackGrowth="Bottom" Padding="5" Hidden="0" ID="UsTableStrategicStack">
										<Label Anchor="L,C" Offset="5,0" String="TXT_KEY_DIPLO_STRATEGIC_RESOURCES" Font="TwCenMT14"/>
									</Stack>
									<Stack Anchor="L,T" Offset="0,0" Size="128,0" StackGrowth="Bottom" Padding="5" Hidden="0" ID="UsTableVoteStack">
										<Label Anchor="L,C" Offset="5,0" String="TXT_KEY_TRADE_ITEM_VOTES" Font="TwCenMT14" />
									</Stack>
									<Button Style="TradeItemButton" Anchor="L,C" String="TXT_KEY_DIPLO_ALLOW_EMBASSY" ID="UsTableAllowEmbassy"/>
									<Button Style="TradeItemButton" Anchor="L,C" String="TXT_KEY_DIPLO_OPEN_BORDERS" ID="UsTableOpenBorders"/>
									<Button Style="TradeItemButton" Anchor="L,C" String="TXT_KEY_DIPLO_DEF_PACT" ID="UsTableDefensivePact"/>
									<Button Style="TradeItemButton" Anchor="L,C" String="TXT_KEY_DIPLO_RESCH_AGREEMENT" ID="UsTableResearchAgreement"/>
									<Button Style="TradeItemButton" Anchor="L,C" String="TXT_KEY_DIPLO_TRADE_AGREEMENT" ID="UsTableTradeAgreement"/>
									<Button Style="TradeItemButton" Anchor="L,C" String="TXT_KEY_DIPLO_DECLARATION_OF_FRIENDSHIP" ID="UsTableDoF"/>
									<Stack Anchor="L,T" Offset="0,0" Size="128,0" StackGrowth="Bottom" Padding="5" Hidden="0" ID="UsTableCitiesStack"/>
									<Stack Anchor="L,T" Offset="0,0" Size="128,0" StackGrowth="Bottom" Padding="5" Hidden="0" ID="UsTableDeclareWarStack">
										<Box Color="255,255,255,0" Size="194,18">
											<Label Anchor="L,B" Offset="5,0" String="TXT_KEY_DIPLO_DECLARE_WAR_ON" Font="TwCenMT14"/>
											<Label Anchor="R,B" Offset="5,0" Font="TwCenMT14" ID="UsDeclareWarDuration"/>
										</Box>
									</Stack>
									<Stack Anchor="L,T" Offset="0,0" Size="128,0" StackGrowth="Bottom" Padding="5" Hidden="0" ID="UsTableMakePeaceStack">
										<Box Color="255,255,255,0" Size="194,18">
											<Label Anchor="L,B" Offset="5,0" String="TXT_KEY_DIPLO_MAKE_PEACE_WITH" Font="TwCenMT14"/>
											<Label Anchor="R,B" Offset="5,0" Font="TwCenMT14" ID="UsMakePeaceDuration"/>
										</Box>
									</Stack>
								</Stack>
								<ScrollBar Offset="4.0" Style="VertSlider" Anchor="R,C" AnchorSide="O,I" Length="360"/>
								<UpButton Offset="4.2" Style="ScrollBarUp" Anchor="R,T" AnchorSide="O,I"/>
								<DownButton Offset="4.2" Style="ScrollBarDown" Anchor="R,B" AnchorSide="O,I"/>
							</ScrollPanel>
						</Grid>
						<!--   ThemTable   -->
						<Grid Size="225,400" Anchor="L,T" Offset="24,12" Style="GridBlackIndent8">
							<ScrollPanel Anchor="R,T" Offset="5,0" Size="210,400" Vertical="1" ID="ThemTablePanel" AutoScrollBar="1">
								<Stack Anchor="R,T" Offset="0,0" Size="128,128" StackGrowth="Bottom" Padding="0" ID="ThemTableStack">
									<Button Style="TradeItemButton" Anchor="L,C" ID="ThemTablePeaceTreaty"/>
									<Button Style="TradeItemButton" Anchor="L,C" String="TXT_KEY_DIPLO_GOLD" ID="ThemTableGold">
										<Box Anchor="R,C" Offset="2,0" Size="40,18" Color="255,255,200,255">
											<Box Anchor="C,C" Offset="0,0" Size="38,16" Color="0,0,0,255">
												<EditBox EditMode="1" Size="36,16" Anchor="C,C" Font="TwCenMT14" NumberInput="1" MaxLength="4" ID="ThemGoldAmount"/>
											</Box>
										</Box>
									</Button>
									<Container Anchor="L,C" Size="195,40" ID="ThemTableGoldPerTurn">
										<Button Style="TradeItemButton" Anchor="L,T" String="TXT_KEY_DIPLO_GOLD_PER_TURN" ID="ThemTableGoldPerTurnButton"/>
										<Box Anchor="R,T" Offset="2,3" Size="40,18" Color="255,255,200,255">
											<Box Anchor="C,C" Offset="0,0" Size="38,16" Color="0,0,0,255">
												<EditBox EditMode="1" Size="36,16" Anchor="C,C" Font="TwCenMT14" NumberInput="1" MaxLength="4" ID="ThemGoldPerTurnAmount"/>
											</Box>
										</Box>
										<Label String="" Font="TwCenMT14" Offset="10,5" Anchor="L,B" ID="ThemGoldPerTurnTurns"/>
									</Container>
									<Stack Anchor="L,T" Offset="0,0" Size="128,0" StackGrowth="Bottom" Padding="5" Hidden="0" ID="ThemTableLuxuryStack">
										<Label Anchor="L,C" Offset="5,0" String="TXT_KEY_DIPLO_LUXURY_RESOURCES" Font="TwCenMT14"/>
									</Stack>
									<Stack Anchor="L,T" Offset="0,0" Size="128,0" StackGrowth="Bottom" Padding="5" Hidden="0" ID="ThemTableStrategicStack">
										<Label Anchor="L,C" Offset="5,0" String="TXT_KEY_DIPLO_STRATEGIC_RESOURCES" Font="TwCenMT14"/>
									</Stack>
									<Stack Anchor="L,T" Offset="0,0" Size="128,0" StackGrowth="Bottom" Padding="5" Hidden="0" ID="ThemTableVoteStack">
										<Label Anchor="L,C" Offset="5,0" String="TXT_KEY_TRADE_ITEM_VOTES" Font="TwCenMT14"/>
									</Stack>
									<Button Style="TradeItemButton" Anchor="L,C" String="TXT_KEY_DIPLO_ALLOW_EMBASSY" ID="ThemTableAllowEmbassy"/>
									<Button Style="TradeItemButton" Anchor="L,C" String="TXT_KEY_DIPLO_OPEN_BORDERS" ID="ThemTableOpenBorders"/>
									<Button Style="TradeItemButton" Anchor="L,C" String="TXT_KEY_DIPLO_DEF_PACT" ID="ThemTableDefensivePact"/>
									<Button Style="TradeItemButton" Anchor="L,C" String="TXT_KEY_DIPLO_RESCH_AGREEMENT" ID="ThemTableResearchAgreement"/>
									<Button Style="TradeItemButton" Anchor="L,C" String="TXT_KEY_DIPLO_TRADE_AGREEMENT" ID="ThemTableTradeAgreement"/>
									<Button Style="TradeItemButton" Anchor="L,C" String="TXT_KEY_DIPLO_DECLARATION_OF_FRIENDSHIP" ID="ThemTableDoF"/>
									<Stack Anchor="L,T" Offset="0,0" Size="128,0" StackGrowth="Bottom" Padding="5" Hidden="0" ID="ThemTableCitiesStack"/>
									<Stack Anchor="L,T" Offset="0,0" Size="128,0" StackGrowth="Bottom" Padding="5" Hidden="0" ID="ThemTableDeclareWarStack">
										<Box Color="255,255,255,0" Size="194,18">
											<Label Anchor="L,B" Offset="5,0" String="TXT_KEY_DIPLO_DECLARE_WAR_ON" Font="TwCenMT14"/>
											<Label Anchor="R,B" Offset="5,0" Font="TwCenMT14" ID="ThemDeclareWarDuration"/>
										</Box>
									</Stack>
									<Stack Anchor="L,T" Offset="0,0" Size="128,0" StackGrowth="Bottom" Padding="5" Hidden="0" ID="ThemTableMakePeaceStack">
										<Box Color="255,255,255,0" Size="194,18">
											<Label Anchor="L,B" Offset="5,0" String="TXT_KEY_DIPLO_MAKE_PEACE_WITH" Font="TwCenMT14"/>
											<Label Anchor="R,B" Offset="5,0" Font="TwCenMT14" ID="ThemMakePeaceDuration"/>
										</Box>
									</Stack>
								</Stack>
								<ScrollBar Offset="0.0" Style="VertSlider" Anchor="L,C" AnchorSide="O,I" Length="360"/>
								<UpButton Offset="0.2" Style="ScrollBarUp" Anchor="L,T" AnchorSide="O,I"/>
								<DownButton Offset="0.2" Style="ScrollBarDown" Anchor="L,B" AnchorSide="O,I"/>
							</ScrollPanel>
						</Grid>
					</Grid>
					<!-- This is the block that prevents the user from modifying the deal -->
					<Box Anchor="C,C" Size="510,420" ConsumeMouseOver="1" ConsumeMouseButton="1" Color="255.255.255.0"/>
				</Container>
			</Box>
		</Container>
	</Box>
	<!--=======================================================================================================================-->
	<!--    Instance of a list item  -->
	<!--=======================================================================================================================-->
	<Instance Name="DealButtonInstance">
		<Button Anchor="L,C" Size="250,38" Offset="2,0" ID="DealButton">
			<Box Color="255,255,255,0" Anchor="L,T" Offset="0,0" Size="32,32">
				<Image ID="CivIconBG" Size="32.32" Anchor="C,C" Offset="0,0" TextureOffset="32,0" Texture="CivIconBGSizes.dds"/>
				<Image ID="CivIconShadow" Size="24.24" Anchor="C,C" Offset="1,1" Texture="CivSymbolAtlas16.dds" Color="Black.128"/>
				<Image ID="CivIcon" Size="24.24" Offset="0,0" Anchor="C,C" Texture="CivSymbolsColor256.dds"/>
			</Box>
			<Label Anchor="L,T" Offset="34,4" Font="TwCenMT16" ColorSet="Beige_Black_Alpha" FontStyle="Shadow" String="" ID="PlayerLabel"/>
			<Label Anchor="L,T" Offset="34,20" Font="TwCenMT14" ColorSet="Beige_Black_Alpha" FontStyle="Shadow" String="" ID="CivLabel"/>
			<Label Anchor="R,T" Offset="12,4" Font="TwCenMT14" ColorSet="Beige_Black_Alpha" FontStyle="Shadow" String="" ID="TurnsLabel"/>
			<ShowOnMouseOver>
				<AlphaAnim Anchor="C,C" Size="258,44" Pause="0" Cycle="Bounce" Speed="1" AlphaStart="2" AlphaEnd="1">
					<Grid Anchor="C,C" Size="258,44" Offset="0,0" Padding="0,0" Style="Grid9FrameTurnsHL"/>
				</AlphaAnim>
			</ShowOnMouseOver>
			<Box Color="255,255,200,128" Size="250,1" Anchor="C,B"/>
		</Button>
	</Instance>
	<!--=======================================================================================================================-->
	<!--    These instances are not used, but are here so that we can use the original DiploTrade.lua logic   -->
	<!--=======================================================================================================================-->
	<Instance Name="CityInstance">
		<Button Style="TradeItemButtonSmall" ID="Button">
			<Label Offset="5,0" Anchor="L,C" ID="CityName"/>
			<Label Offset="5,0" Anchor="R,C" ID="CityPop"/>
		</Button>
	</Instance>
	<Instance Name="PocketResource">
		<Button Style="TradeItemButton" Anchor="L,C" String="[ICON_RES_IRON] IRON" ID="Button"/>
	</Instance>
	<Instance Name="PocketVote">
		<Button Style="TradeItemButton" Anchor="L,C" ID="Button">
			<Label Offset="5,0" Anchor="L,C" ID="ProposalLabel"/>
			<Label Offset="5,0" Anchor="R,C" ID="VoteLabel"/>
		</Button>
	</Instance>
	<!--=======================================================================================================================-->
	<!--=======================================================================================================================-->
	<Instance Name="OtherPlayerEntry">
		<Button Anchor="C,C" Style="TradeItemButton" ID="Button" TextOffset="32,0">
			<Label Offset="32,0" Anchor="L,C" ID="Name"/>
			<Box ID="ButtonSize" Color="255,255,255,128" Size="195,1" Anchor="C,B" Offset="0,-1"/>
			<Box Color="255,255,255,0" Size="32,32" Anchor="L,C" AnchorSide="i,i">
				<Image ID="CivIconBG" Size="32.32" Anchor="C,C" Offset="0,0" TextureOffset="32,0" Texture="CivIconBGSizes.dds"/>
				<Image ID="CivIconShadow" Size="24.24" Anchor="C,C" Offset="1,1" Texture="CivSymbolAtlas16.dds" Color="Black.128"/>
				<Image ID="CivSymbol" Size="24.24" Offset="0,0" Anchor="C,C" Texture="CivSymbolsColor256.dds"/>
			</Box>
		</Button>
	</Instance>
	<Instance Name="CityInstance">
		<Button Style="TradeItemButtonSmall" ID="Button">
			<Label Offset="5,0" Anchor="L,C" ID="CityName"/>
			<Label Offset="5,0" Anchor="R,C" ID="CityPop"/>
		</Button>
	</Instance>
	<Instance Name="TableStrategic">
		<Container Size="195,44" ID="Container">
			<Button Style="TradeItemButtonSmall" Anchor="L,T" String="[ICON_RES_IRON] IRON" ID="Button"/>
			<Box Anchor="R,T" Offset="0,0" Size="34,24" Color="255,255,200,255">
				<Box Anchor="C,C" Offset="0,0" Size="32,22" Color="0,0,0,255">
					<EditBox EditMode="1" Size="30,18" Anchor="C,C" ID="AmountEdit" Font="TwCenMT14" NumberInput="1" MaxLength="3"/>
				</Box>
			</Box>
			<Label String="" Offset="10,5" Anchor="L,B" ID="DurationEdit"/>
		</Container>
	</Instance>
	<Instance Name="TableLuxury">
		<Container Size="195,24" ID="Container">
			<Button Style="TradeItemButton" Anchor="L,T" String="[ICON_RES_IRON] IRON" ID="Button"/>
			<Label String="" Offset="10,0" Anchor="R,C" ID="DurationEdit"/>
		</Container>
	</Instance>
</Context>
