<?xml version="1.0" encoding="utf-8"?>
<!-- edited with XMLSPY v2004 rel. 2 U (http://www.xmlspy.com) by Anton Strenger (Firaxis Games) -->
<Context ColorSet="Beige_Black_Alpha" FontStyle="Shadow" Font="TwCenMT14">
	<Instance Name="OtherPlayerEntry">
		<Button Anchor="C,C" Style="TradeItemButton" ID="Button" TextOffset="32,0">
			<Label Offset="32,0" Anchor="L,C" ID="Name"/>
			<Box ID="ButtonSize" Color="255,255,255,128" Size="195,1" Anchor="C,B" Offset="0,-1"/>
			<Box Color="255,255,255,0" Size="32,32" Anchor="L,C" AnchorSide="i,i">
				<Image ID="CivIconBG" Size="32.32" Anchor="C,C" Offset="0,0" TextureOffset="32,0" Texture="CivIconBGSizes.dds"/>
				<Image ID="CivIconShadow" Size="24.24" Anchor="C,C" Offset="1,1" Texture="CivSymbolAtlas16.dds" Color="Black.128"/>
				<Image ID="CivSymbol" Size="24.24" Offset="0,0" Anchor="C,C" Texture="CivSymbolsColor256.dds"/>
			</Box>
		</Button>
	</Instance>
	<Instance Name="CityInstance">
		<Button Style="TradeItemButton" ID="Button">
			<Label Offset="5,0" Anchor="L,C" ID="CityName"/>
			<Label Offset="5,0" Anchor="R,C" ID="CityPop"/>
		</Button>
	</Instance>
	<Instance Name="PocketResource">
		<Button Style="TradeItemButton" Anchor="L,C" String="[ICON_RES_IRON] IRON" ID="Button"/>
	</Instance>
	<Instance Name="PocketVote">
		<Button Style="TradeItemButton" Anchor="L,C" ID="Button">
			<Label Offset="5,0" Anchor="L,C" ID="ProposalLabel" TruncateWidth="150"/>
			<Label Offset="5,0" Anchor="R,C" ID="VoteLabel"/>
		</Button>
	</Instance>
	<Instance Name="TableStrategic">
		<Container Size="195,44" ID="Container">
			<Button Style="TradeItemButtonSmall" Anchor="L,T" String="[ICON_RES_IRON] IRON" ID="Button"/>
			<Box Anchor="R,T" Offset="0,0" Size="34,24" Color="255,255,200,255" ConsumeMouseButton="1" ConsumeMouseOver="1">
				<Box Anchor="C,C" Offset="0,0" Size="32,22" Color="0,0,0,255">
					<EditBox EditMode="1" Size="30,18" Anchor="C,C" ID="AmountEdit" Font="TwCenMT14" NumberInput="1" MaxLength="3"/>
				</Box>
			</Box>
			<Label String="" Offset="10,5" Anchor="L,B" ID="DurationEdit"/>
		</Container>
	</Instance>
	<Instance Name="TableLuxury">
		<Container Size="195,24" ID="Container">
			<Button Style="TradeItemButton" Anchor="L,T" String="[ICON_RES_IRON] IRON" ID="Button"/>
			<Label String="" Offset="10,0" Anchor="R,C" ID="DurationEdit"/>
		</Container>
	</Instance>
	<Instance Name="TableVote">
		<Container Size="195,24" ID="Container">
			<Button Style="TradeItemButton" Anchor="L,T" ID="Button">
				<Label Offset="5,0" Anchor="L,C" ID="ProposalLabel" TruncateWidth="150"/>
				<Label Offset="5,0" Anchor="R,C" ID="VoteLabel"/>
			</Button>
			<Label String="" Offset="10,0" Anchor="R,C" ID="DurationEdit"/>
		</Container>
	</Instance>
	<Grid Size="500,237" Anchor="C,B" Offset="0,100" Style="Grid9Detail48">
		<!--   UsPocket    -->
		<Grid Size="220,300" Anchor="R,B" AnchorSide="O.I" Offset="2,-58" Style="GridGlass16" ID="UsGlass"/>
		<Grid Size="250,380" Anchor="R,B" AnchorSide="O.I" Offset="-14,-100" Style="Grid9DetailThree140" ID="UsPanel">
			<Label Anchor="C,T" Offset="0,18" String="TXT_KEY_DIPLO_YOUR_ITEMS_LABEL" Font="TwCenMT18" FontStyle="Shadow" ID="PlayerNameItems"/>
			<ScrollPanel Anchor="L,T" Offset="0,44" Size="216,293" Vertical="1" ID="UsPocketPanel">
				<Stack Anchor="L,T" Offset="18,0" StackGrowth="B" Padding="2" ID="UsPocketLeaderStack">
					<Button Style="TradeItemButton" Anchor="L,C" String="TXT_KEY_CLOSE" ID="UsPocketLeaderClose">
						<Box Color="255,255,255,128" Size="195,1" Anchor="C,B" Offset="0,-1"/>
					</Button>
				</Stack>
				<Stack Anchor="L,T" Offset="18,0" StackGrowth="B" Padding="2" ID="UsPocketCitiesStack">
					<Button Style="TradeItemButton" Anchor="L,C" String="TXT_KEY_CLOSE" ID="UsPocketCitiesClose">
						<Box Color="255,255,255,128" Size="195,1" Anchor="C,B" Offset="0,-1"/>
					</Button>
				</Stack>
				<Stack Anchor="L,T" Offset="18,0" StackGrowth="Bottom" Padding="0" ID="UsPocketStack" Hidden="1">
					<Button Style="TradeItemButton" Anchor="L,C" String="TXT_KEY_DIPLO_GOLD" ID="UsPocketGold"/>
					<Button Style="TradeItemButton" Anchor="L,C" String="TXT_KEY_DIPLO_GOLD_PER_TURN" ID="UsPocketGoldPerTurn"/>
					<Button Style="TradeItemButton" Anchor="L,C" String="TXT_KEY_DIPLO_LUXURY_RESOURCES" ID="UsPocketLuxury"/>
					<Stack Anchor="L,T" Offset="0,0" Size="128,0" StackGrowth="Bottom" Padding="0" Hidden="0" ID="UsPocketLuxuryStack"/>
					<Button Style="TradeItemButton" Anchor="L,C" String="TXT_KEY_DIPLO_STRATEGIC_RESOURCES" ID="UsPocketStrategic"/>
					<Stack Anchor="L,T" Offset="0,0" Size="128,0" StackGrowth="Bottom" Padding="0" Hidden="0" ID="UsPocketStrategicStack"/>
					<Button Style="TradeItemButton" Anchor="L,C" String="TXT_KEY_TRADE_ITEM_VOTES" ID="UsPocketVote"/>
					<Stack Anchor="L,T" Offset="0,0" Size="128,0" StackGrowth="Bottom" Padding="0" Hidden="0" ID="UsPocketVoteStack"/>
					<Button Style="TradeItemButton" Anchor="L,C" String="TXT_KEY_DIPLO_ALLOW_EMBASSY" ID="UsPocketAllowEmbassy"/>
					<Button Style="TradeItemButton" Anchor="L,C" String="TXT_KEY_DIPLO_OPEN_BORDERS" ID="UsPocketOpenBorders"/>
					<Button Style="TradeItemButton" Anchor="L,C" String="TXT_KEY_DIPLO_DEF_PACT" ID="UsPocketDefensivePact"/>
					<Button Style="TradeItemButton" Anchor="L,C" String="TXT_KEY_DIPLO_RESCH_AGREEMENT" ID="UsPocketResearchAgreement"/>
					<Button Style="TradeItemButton" Anchor="L,C" String="TXT_KEY_DIPLO_TRADE_AGREEMENT" ID="UsPocketTradeAgreement" Hidden="1"/>
					<Button Style="TradeItemButton" Anchor="L,C" String="TXT_KEY_DIPLO_CITIES" ID="UsPocketCities"/>
					<Button Style="TradeItemButton" Anchor="L,C" String="[ICON_MINUS] TXT_KEY_DIPLO_OTHER_PLAYERS" ID="UsPocketOtherPlayer"/>
					<Stack Anchor="L,T" Offset="0,0" Size="128,0" StackGrowth="Bottom" Padding="0" Hidden="0" ID="UsPocketOtherPlayerStack">
						<Button Style="TradeItemButton" Anchor="L,C" String="TXT_KEY_DIPLO_MAKE_PEACE_WITH" TextOffset="30,0" ID="UsPocketOtherPlayerPeace"/>
						<Button Style="TradeItemButton" Anchor="L,C" String="TXT_KEY_DIPLO_DECLARE_WAR_ON" TextOffset="30,0" ID="UsPocketOtherPlayerWar"/>
					</Stack>
				</Stack>
				<ScrollBar Offset="0.0" Style="VertSlider" Anchor="R,C" AnchorSide="O,I" Length="256"/>
				<UpButton Offset="0.2" Style="ScrollBarUp" Anchor="R,T" AnchorSide="O,I"/>
				<DownButton Offset="0.2" Style="ScrollBarDown" Anchor="R,B" AnchorSide="O,I"/>
			</ScrollPanel>
		</Grid>
		<Grid Size="220,300" Anchor="L,B" AnchorSide="O.I" Offset="2,-58" Style="GridGlass16" ID="ThemGlass"/>
		<Grid Size="250,380" Anchor="L,B" AnchorSide="O.I" Offset="-14,-100" Style="Grid9DetailThree140" ID="ThemPanel">
			<Label Anchor="C,T" Offset="0,18" String="(Leaders Name)'s Items" Font="TwCenMT18" FontStyle="Shadow" ID="LeaderNameItems"/>
			<!-- Them Portrait -->
			<Image Anchor="C,T" Offset="0,-96" Size="128,128" Texture="LeaderPortraits1024Frame.dds"/>
			<Image Anchor="C,T" Offset="0,-96" Size="128,128" Texture="LeaderPortraits1024.dds" ID="ThemPortrait"/>
			<!--   ThemPocket   -->
			<ScrollPanel Anchor="R,T" Offset="0,44" Size="206,293" Vertical="1" ID="ThemPocketPanel">
				<Stack Anchor="R,T" Offset="17,0" StackGrowth="B" Padding="2" ID="ThemPocketLeaderStack">
					<Button Style="TradeItemButton" Anchor="L,C" String="TXT_KEY_CLOSE" ID="ThemPocketLeaderClose">
						<Box Color="255,255,255,128" Size="195,1" Anchor="C,B" Offset="0,-1"/>
					</Button>
				</Stack>
				<Stack Anchor="R,T" Offset="17,0" StackGrowth="B" Padding="2" ID="ThemPocketCitiesStack">
					<Button Style="TradeItemButton" Anchor="L,C" String="TXT_KEY_CLOSE" ID="ThemPocketCitiesClose">
						<Box Color="255,255,255,128" Size="195,1" Anchor="C,B" Offset="0,-1"/>
					</Button>
				</Stack>
				<Stack Anchor="R,T" Offset="17,0" StackGrowth="Bottom" Padding="0" ID="ThemPocketStack">
					<Button Style="TradeItemButton" Anchor="L,C" String="TXT_KEY_DIPLO_GOLD" ID="ThemPocketGold"/>
					<Button Style="TradeItemButton" Anchor="L,C" String="TXT_KEY_DIPLO_GOLD_PER_TURN" ID="ThemPocketGoldPerTurn"/>
					<Button Style="TradeItemButton" Anchor="L,C" String="TXT_KEY_DIPLO_LUXURY_RESOURCES" ID="ThemPocketLuxury"/>
					<Stack Anchor="L,T" Offset="0,0" Size="128,0" StackGrowth="Bottom" Padding="0" Hidden="0" ID="ThemPocketLuxuryStack">
                    </Stack>
					<Button Style="TradeItemButton" Anchor="L,C" String="TXT_KEY_DIPLO_STRATEGIC_RESOURCES" ID="ThemPocketStrategic"/>
					<Stack Anchor="L,T" Offset="0,0" Size="128,0" StackGrowth="Bottom" Padding="0" Hidden="0" ID="ThemPocketStrategicStack">
                    </Stack>
					<Button Style="TradeItemButton" Anchor="L,C" String="TXT_KEY_TRADE_ITEM_VOTES" ID="ThemPocketVote"/>
					<Stack Anchor="L,T" Offset="0,0" Size="128,0" StackGrowth="Bottom" Padding="0" Hidden="0" ID="ThemPocketVoteStack"/>
					<Button Style="TradeItemButton" Anchor="L,C" String="TXT_KEY_DIPLO_ALLOW_EMBASSY" ID="ThemPocketAllowEmbassy"/>
					<Button Style="TradeItemButton" Anchor="L,C" String="TXT_KEY_DIPLO_OPEN_BORDERS" ID="ThemPocketOpenBorders"/>
					<Button Style="TradeItemButton" Anchor="L,C" String="TXT_KEY_DIPLO_DEF_PACT" ID="ThemPocketDefensivePact"/>
					<Button Style="TradeItemButton" Anchor="L,C" String="TXT_KEY_DIPLO_RESCH_AGREEMENT" ID="ThemPocketResearchAgreement"/>
					<Button Style="TradeItemButton" Anchor="L,C" String="TXT_KEY_DIPLO_TRADE_AGREEMENT" ID="ThemPocketTradeAgreement" Hidden="1"/>
					<Button Style="TradeItemButton" Anchor="L,C" String="TXT_KEY_DIPLO_CITIES" ID="ThemPocketCities"/>
					<Button Style="TradeItemButton" Anchor="L,C" String="TXT_KEY_DIPLO_OTHER_PLAYERS" ID="ThemPocketOtherPlayer"/>
					<Stack Anchor="L,T" Offset="0,0" Size="128,0" StackGrowth="Bottom" Padding="0" Hidden="0" ID="ThemPocketOtherPlayerStack">
						<Button Style="TradeItemButton" Anchor="L,C" String="TXT_KEY_DIPLO_MAKE_PEACE_WITH" TextOffset="30,0" ID="ThemPocketOtherPlayerPeace"/>
						<Button Style="TradeItemButton" Anchor="L,C" String="TXT_KEY_DIPLO_DECLARE_WAR_ON" TextOffset="30,0" ID="ThemPocketOtherPlayerWar"/>
					</Stack>
				</Stack>
				<ScrollBar Offset="7.0" Style="VertSlider" Anchor="L,C" AnchorSide="O,I" Length="256"/>
				<UpButton Offset="7.2" Style="ScrollBarUp" Anchor="L,T" AnchorSide="O,I"/>
				<DownButton Offset="7.2" Style="ScrollBarDown" Anchor="L,B" AnchorSide="O,I"/>
			</ScrollPanel>
		</Grid>
	</Grid>
	<Grid Size="485,233" Anchor="C,B" Offset="0,100" Style="GridGlass16">
		<Grid Size="510,68" Anchor="C,T" AnchorSide="O.O" Offset="0,40" Style="GridBlackIndent8" ID="LeaderSpeechFrame">
			<Grid Anchor="C,C" Offset="0,0" Size="514,72" Padding="0,0" Style="Grid9Frame" Hidden="0" ID="LeaderSpeechBorderFrame"/>
			<Label Anchor="L,T" Offset="48,8" String="Bismarck - Germany" Font="TwCenMT20" FontStyle="SoftShadow" ID="NameText"/>
			<Label Anchor="L,T" Offset="48,30" WrapWidth="450" LeadingOffset="-8" Font="TwCenMT18" String="Message Area For AI." ID="DiscussionText"/>
			<!-- Them Symbol CivIconFrame64 -->
			<Image Size="64,64" Offset="-32,-16" Anchor="L,T" Texture="IconFrame64.dds">
				<Image ID="ThemCivIconBG" Size="64.64" Anchor="C,C" Offset="-1,-1" TextureOffset="77,0" Texture="CivIconBGSizes.dds"/>
				<Image ID="ThemCivIconShadow" Size="48.48" Anchor="C,C" Offset="0,0" Texture="CivSymbolAtlas48.dds" Color="Black.128"/>
				<Image ID="ThemSymbolShadow" Size="48,48" Offset="-1,-1" Anchor="C,C" Texture="CivSymbolsColor512.dds"/>
			</Image>
		</Grid>
		<!-- CBP-->
		<Grid Anchor="C,T" Style="WindowGrid" AnchorSide="O.O" Offset="0,10" Size="450,20" Color="0,0,0,255" ID="PeaceDeal">
			<Grid Anchor="C,C" Offset="0,0" Size="454,24" Padding="0,0" Style="Grid9Frame27SquareBlack" Hidden="0" ID="PeaceDealBorderFrame"/>
			<Label Anchor="L,C" Offset="5,0"  Font="TwCenMT18" ID="PeaceValue"/>
			<Label Anchor="R,C" Offset="5,0"  Font="TwCenMT18" ID="PeaceMax"/>
		</Grid>
		<!-- END-->
		<!--   UsTable       -->
		<Grid Size="225,220" Anchor="R,T" Offset="14,4" Style="GridBlackIndent8">
			<ScrollPanel Anchor="L,T" Offset="0,4" Size="200,220" Vertical="1" ID="UsTablePanel">
				<Stack Anchor="L,T" Offset="0,0" Size="128,128" StackGrowth="Bottom" Padding="0" ID="UsTableStack">
					<Button Style="TradeItemButton" Anchor="L,C" ID="UsTablePeaceTreaty"/>
					<Button Style="TradeItemButton" Anchor="L,C" String="TXT_KEY_DIPLO_GOLD" ID="UsTableGold">
						<Box Anchor="R,C" Offset="2,0" Size="40,18" Color="255,255,200,255" ConsumeMouseButton="1" ConsumeMouseOver="1">
							<Box Anchor="C,C" Offset="0,0" Size="38,16" Color="0,0,0,255">
								<EditBox EditMode="1" Size="36,16" Anchor="C,C" Font="TwCenMT14" NumberInput="1" MaxLength="4" ID="UsGoldAmount"/>
							</Box>
						</Box>
					</Button>
					<Container Anchor="L,C" Size="195,40" ID="UsTableGoldPerTurn">
						<Button Style="TradeItemButton" Anchor="L,T" String="TXT_KEY_DIPLO_GOLD_PER_TURN" ID="UsTableGoldPerTurnButton"/>
						<Box Anchor="R,T" Offset="2,3" Size="40,18" Color="255,255,200,255" ConsumeMouseButton="1" ConsumeMouseOver="1">
							<Box Anchor="C,C" Offset="0,0" Size="38,16" Color="0,0,0,255">
								<EditBox EditMode="1" Size="36,16" Anchor="C,C" Font="TwCenMT14" NumberInput="1" MaxLength="4" ID="UsGoldPerTurnAmount"/>
							</Box>
						</Box>
						<Label String="" Offset="10,5" Anchor="L,B" ID="UsGoldPerTurnTurns"/>
					</Container>
					<Stack Anchor="L,T" Offset="0,4" Size="128,0" StackGrowth="Bottom" Padding="5" Hidden="0" ID="UsTableLuxuryStack">
						<Label Anchor="L,C" Offset="5,0" String="TXT_KEY_DIPLO_LUXURY_RESOURCES" Font="TwCenMT14"/>
					</Stack>
					<Stack Anchor="L,T" Offset="0,4" Size="128,0" StackGrowth="Bottom" Padding="5" Hidden="0" ID="UsTableStrategicStack">
						<Label Anchor="L,C" Offset="5,0" String="TXT_KEY_DIPLO_STRATEGIC_RESOURCES" Font="TwCenMT14"/>
					</Stack>
					<Stack Anchor="L,T" Offset="0,4" Size="128,0" StackGrowth="Bottom" Padding="5" Hidden="0" ID="UsTableVoteStack">
						<Label Anchor="L,C" Offset="5,0" String="TXT_KEY_TRADE_ITEM_VOTES" Font="TwCenMT14"/>
					</Stack>
					<Button Style="TradeItemButton" Anchor="L,C" String="TXT_KEY_DIPLO_ALLOW_EMBASSY" ID="UsTableAllowEmbassy"/>
					<Button Style="TradeItemButton" Anchor="L,C" String="TXT_KEY_DIPLO_OPEN_BORDERS" ID="UsTableOpenBorders"/>
					<Button Style="TradeItemButton" Anchor="L,C" String="TXT_KEY_DIPLO_DEF_PACT" ID="UsTableDefensivePact"/>
					<Button Style="TradeItemButton" Anchor="L,C" String="Research agreement" ID="UsTableResearchAgreement"/>
					<Button Style="TradeItemButton" Anchor="L,C" String="TXT_KEY_DIPLO_TRADE_AGREEMENT" ID="UsTableTradeAgreement"/>
					<Stack Anchor="L,T" Offset="0,0" Size="128,0" StackGrowth="Bottom" Padding="5" Hidden="0" ID="UsTableCitiesStack"/>
					<Stack Anchor="L,T" Offset="0,0" Size="128,0" StackGrowth="Bottom" Padding="5" Hidden="0" ID="UsTableDeclareWarStack">
						<Box Color="255,255,255,0" Size="194,18">
							<Label Anchor="L,B" Offset="5,0" String="TXT_KEY_DIPLO_DECLARE_WAR_ON" Font="TwCenMT14"/>
							<Label Anchor="R,B" Offset="5,0" Font="TwCenMT14" ID="UsDeclareWarDuration"/>
						</Box>
					</Stack>
					<Stack Anchor="L,T" Offset="0,0" Size="128,0" StackGrowth="Bottom" Padding="5" Hidden="0" ID="UsTableMakePeaceStack">
						<Box Color="255,255,255,0" Size="194,18">
							<Label Anchor="L,B" Offset="5,0" String="TXT_KEY_DIPLO_MAKE_PEACE_WITH" Font="TwCenMT14"/>
							<Label Anchor="R,B" Offset="5,0" Font="TwCenMT14" ID="UsMakePeaceDuration"/>
						</Box>
					</Stack>
				</Stack>
				<ScrollBar Offset="4.0" Style="VertSlider" Anchor="R,C" AnchorSide="O,I" Length="180"/>
				<UpButton Offset="4.2" Style="ScrollBarUp" Anchor="R,T" AnchorSide="O,I"/>
				<DownButton Offset="4.2" Style="ScrollBarDown" Anchor="R,B" AnchorSide="O,I"/>
			</ScrollPanel>
		</Grid>
		<Box Size="225,220" Anchor="R,T" Offset="14,4" Color="255,255,255,0" ConsumeMouseButton="1" ConsumeMouseOver="1" ID="UsTableCover" Hidden="1"/>
		<!--   ThemTable   -->
		<Grid Size="225,220" Anchor="L,T" Offset="14,4" Style="GridBlackIndent8">
			<ScrollPanel Anchor="R,T" Offset="5,4" Size="200,220" Vertical="1" ID="ThemTablePanel">
				<Stack Anchor="R,T" Offset="0,0" Size="128,128" StackGrowth="Bottom" Padding="0" ID="ThemTableStack">
					<Button Style="TradeItemButton" Anchor="L,C" ID="ThemTablePeaceTreaty"/>
					<Button Style="TradeItemButton" Anchor="L,C" String="TXT_KEY_DIPLO_GOLD" ID="ThemTableGold">
						<Box Anchor="R,C" Offset="2,0" Size="40,18" Color="255,255,200,255" ConsumeMouseButton="1" ConsumeMouseOver="1">
							<Box Anchor="C,C" Offset="0,0" Size="38,16" Color="0,0,0,255">
								<EditBox EditMode="1" Size="36,16" Anchor="C,C" Font="TwCenMT14" NumberInput="1" MaxLength="4" ID="ThemGoldAmount"/>
							</Box>
						</Box>
					</Button>
					<Container Anchor="L,C" Size="195,40" ID="ThemTableGoldPerTurn">
						<Button Style="TradeItemButton" Anchor="L,T" String="TXT_KEY_DIPLO_GOLD_PER_TURN" ID="ThemTableGoldPerTurnButton"/>
						<Box Anchor="R,T" Offset="2,3" Size="40,18" Color="255,255,200,255" ConsumeMouseButton="1" ConsumeMouseOver="1">
							<Box Anchor="C,C" Offset="0,0" Size="38,16" Color="0,0,0,255">
								<EditBox EditMode="1" Size="36,16" Anchor="C,C" Font="TwCenMT14" NumberInput="1" MaxLength="4" ID="ThemGoldPerTurnAmount"/>
							</Box>
						</Box>
						<Label String="" Offset="10,5" Anchor="L,B" ID="ThemGoldPerTurnTurns"/>
					</Container>
					<Stack Anchor="L,T" Offset="0,4" Size="128,0" StackGrowth="Bottom" Padding="5" Hidden="0" ID="ThemTableLuxuryStack">
						<Label Anchor="L,C" Offset="5,0" String="TXT_KEY_DIPLO_LUXURY_RESOURCES" Font="TwCenMT14"/>
					</Stack>
					<Stack Anchor="L,T" Offset="0,4" Size="128,0" StackGrowth="Bottom" Padding="5" Hidden="0" ID="ThemTableStrategicStack">
						<Label Anchor="L,C" Offset="5,0" String="TXT_KEY_DIPLO_STRATEGIC_RESOURCES" Font="TwCenMT14"/>
					</Stack>
					<Stack Anchor="L,T" Offset="0,4" Size="128,0" StackGrowth="Bottom" Padding="5" Hidden="0" ID="ThemTableVoteStack">
						<Label Anchor="L,C" Offset="5,0" String="TXT_KEY_TRADE_ITEM_VOTES" Font="TwCenMT14"/>
					</Stack>
					<Button Style="TradeItemButton" Anchor="L,C" String="TXT_KEY_DIPLO_ALLOW_EMBASSY" ID="ThemTableAllowEmbassy"/>
					<Button Style="TradeItemButton" Anchor="L,C" String="TXT_KEY_DIPLO_OPEN_BORDERS" ID="ThemTableOpenBorders"/>
					<Button Style="TradeItemButton" Anchor="L,C" String="TXT_KEY_DIPLO_DEF_PACT" ID="ThemTableDefensivePact"/>
					<Button Style="TradeItemButton" Anchor="L,C" String="Research agreement" ID="ThemTableResearchAgreement"/>
					<Button Style="TradeItemButton" Anchor="L,C" String="TXT_KEY_DIPLO_TRADE_AGREEMENT" ID="ThemTableTradeAgreement"/>
					<Stack Anchor="L,T" Offset="0,0" Size="128,0" StackGrowth="Bottom" Padding="5" Hidden="0" ID="ThemTableCitiesStack"/>
					<Stack Anchor="L,T" Offset="0,0" Size="128,0" StackGrowth="Bottom" Padding="5" Hidden="0" ID="ThemTableDeclareWarStack">
						<Box Color="255,255,255,0" Size="194,18">
							<Label Anchor="L,B" Offset="5,0" String="TXT_KEY_DIPLO_DECLARE_WAR_ON" Font="TwCenMT14"/>
							<Label Anchor="R,B" Offset="5,0" Font="TwCenMT14" ID="ThemDeclareWarDuration"/>
						</Box>
					</Stack>
					<Stack Anchor="L,T" Offset="0,0" Size="128,0" StackGrowth="Bottom" Padding="5" Hidden="0" ID="ThemTableMakePeaceStack">
						<Box Color="255,255,255,0" Size="194,18">
							<Label Anchor="L,B" Offset="5,0" String="TXT_KEY_DIPLO_MAKE_PEACE_WITH" Font="TwCenMT14"/>
							<Label Anchor="R,B" Offset="5,0" Font="TwCenMT14" ID="ThemMakePeaceDuration"/>
						</Box>
					</Stack>
				</Stack>
				<ScrollBar Offset="-0.0" Style="VertSlider" Anchor="L,C" AnchorSide="O,I" Length="180"/>
				<UpButton Offset="-0.2" Style="ScrollBarUp" Anchor="L,T" AnchorSide="O,I"/>
				<DownButton Offset="-0.2" Style="ScrollBarDown" Anchor="L,B" AnchorSide="O,I"/>
			</ScrollPanel>
		</Grid>
		<Box Size="225,220" Anchor="L,T" Offset="14,4" Color="255,255,255,0" ConsumeMouseButton="1" ConsumeMouseOver="1" ID="ThemTableCover" Hidden="1"/>
		<!--Bottom Buttons-->
		<!-- What do you want -->
		<GridButton Style="FrameButton460" Anchor="C,B" Offset="0,-42" ID="WhatDoYouWantButton" String="TXT_KEY_DIPLO_WHAT_WANT_FOR_THIS" Font="TwCenMT22"/>
		<!-- What will you give me-->
		<GridButton Style="FrameButton460" Anchor="C,B" Offset="0,-42" ID="WhatWillYouGiveMeButton" String="TXT_KEY_DIPLO_WHAT_GIVE_FOR_THIS" Font="TwCenMT22"/>
		<!-- What will make this work -->
		<GridButton Style="FrameButton460" Anchor="C,B" Offset="0,-42" ID="WhatWillMakeThisWorkButton" String="TXT_KEY_DIPLO_MAKE_DEAL_WORK" Font="TwCenMT22"/>
		<!-- What deal will end this conflict -->
		<GridButton Style="FrameButton460" Anchor="C,B" Offset="0,-42" ID="WhatWillEndThisWarButton" String="TXT_KEY_DIPLO_END_CONFLICT" Font="TwCenMT22"/>
		<!-- What do you want (demand) -->
		<GridButton Style="FrameButton460" Anchor="C,B" Offset="0,-42" ID="WhatConcessionsButton" String="TXT_KEY_DIPLO_WHAT_WANT" Font="TwCenMT22"/>
		<Stack Anchor="C,B" Offset="0,-84" Size="128,128" StackGrowth="Right" Padding="12">
			<!-- Cancel Button -->
			<GridButton Style="FrameButton200" String="TXT_KEY_CANCEL_BUTTON" ID="CancelButton" Font="TwCenMT22"/>
			<!-- Propose Button -->
			<GridButton Style="FrameButton200" String="TXT_KEY_DIPLO_PROPOSE" ID="ProposeButton" Font="TwCenMT22"/>
			<!-- CBP -->
			<GridButton Style="FrameButton200" String="TXT_KEY_DIPLO_PROPOSE" ID="DenounceButton" Font="TwCenMT22"  Hidden="1"/>
		</Stack>
	</Grid>
</Context>
