<?xml version="1.0" encoding="utf-8"?>
<Context ColorSet="Beige_Black" Font="TwCenMT20" FontStyle="Shadow" Name="LeaderHeadRoot" >

  <Box Anchor="C,C" Offset="0,0" Color="0.0.0.0" Size="Full,Full" ID="RootOptions" >

    <Grid Size="650,94" Anchor="C,B" AnchorSide="O.I" Offset="-100,40" Style="GridBlackIndent8" ID="LeaderSpeechFrame">
      <Grid Anchor="C,C" Offset="0,0" Size="654,98" Padding="0,0" Style="Grid9Frame" Hidden="0" ID="LeaderSpeechBorderFrame"/>
      <Label Anchor="L,T"  Offset="32,8"  String="Bismarck - Germany" Font="TwCenMT22" FontStyle="SoftShadow"  ID="TitleText" />
      <Label Anchor="R,T"  Offset="10,8"  String="Hostile" Font="TwCenMT22" FontStyle="SoftShadow"  ID="MoodText" />
	<!-- CBP -->
	<Label Anchor="R,B" Offset="10,8" String="Warriors" Font="TwCenMT18" ID="WarScore"/>
	<!-- END -->
      <Label Anchor="L,T"  Offset="32,32" WrapWidth="500" LeadingOffset="-8" Font="TwCenMT20"  String="Message Area For AI." ID="LeaderSpeech" />
      <!-- Them Symbol CivIconFrame64 -->
      <Image Size="64,64" Offset="-30,-16"  Anchor="L,T" Texture="IconFrame64.dds"   >
        <Image Anchor="C,C" Offset="-1,-1" TextureOffset="77,0" Texture="CivIconBGSizes.dds" Size="64.64" ID="CivIconBG"/>
        <Image Anchor="C,C" Offset="0,0" Texture="CivSymbolAtlas48.dds" Size="48.48" ID="CivIconShadow" Color="Black.128"/>
        <Image Size="48,48" Offset="-1,-1"  Anchor="C,C" Texture="CivSymbolsColor512.dds"  ID="ThemSymbolShadow" />
      </Image>
    </Grid>


    <Stack Anchor="R,B" Offset="40,40" Padding="10" StackGrowth="Top" >
      <!-- Diplo Mode buttons -->

      <GridButton Style="FrameButton200"  Offset="0,0" String="TXT_KEY_GOODBYE_BUTTON" ID="BackButton" />
      <GridButton Style="FrameButton200"  Offset="0,0" String="TXT_KEY_DIPLO_DISCUSS_BUTTON" ID="DiscussButton" />
      <GridButton Style="FrameButton200"  Offset="0,0" String="TXT_KEY_DIPLO_DEMAND_BUTTON" ID="DemandButton" />
      <GridButton Style="FrameButton200"  Offset="0,0" String="TXT_KEY_DIPLO_TRADE_BUTTON" ID="TradeButton" />

      <GridButton Size="200,32"  Offset="0,0" ID="WarButton" TextOffset="0,-2" String="TXT_KEY_DIPLO_DECLARE_WAR" Hidden="0" >
        <GridData Style="Grid9DarkBlue8Button" />

        <Grid Anchor="C,C" Offset="0,0" Size="204,36" Padding="0,0" Style="Grid9Frame" Hidden="0" />

        <ShowOnMouseOver>
          <AlphaAnim  Anchor="R,C"  AnchorSide="O.O"  Offset="0,0" Size="16,32" TextureOffset="16.0" Texture="Assets/UI/Art/Controls/buttonsidesred.dds" Pause="0" Cycle="Bounce" Speed="1" AlphaStart=".99" AlphaEnd=".25" Hidden="0"/>
          <AlphaAnim  Anchor="L,C"  AnchorSide="O.O"  Offset="0,0" Size="16,32" TextureOffset="0.0" Texture="Assets/UI/Art/Controls/buttonsidesred.dds" Pause="0" Cycle="Bounce" Speed="1" AlphaStart=".99" AlphaEnd=".25" Hidden="0"/>
          <Image Anchor="R,C" Offset="0,0" TextureOffset="8.0" AnchorSide="O.O"  Texture="Assets/UI/Art/Controls/buttonsides.dds" Size="8,16" />
          <Image Anchor="L,C" Offset="0,0" TextureOffset="0.0" AnchorSide="O.O"  Texture="Assets/UI/Art/Controls/buttonsides.dds" Size="8,16" />
          <AlphaAnim Anchor="C,C" Offset="0,0" Size="320,36" TextureOffset="0.0"  Pause="0" Cycle="Bounce" Speed="1" AlphaStart="1" AlphaEnd=".5" Hidden="0">
            <Grid  Size="200,32" Anchor="C,C" Offset="0,0" Style="Grid9Red8" />
          </AlphaAnim>
        </ShowOnMouseOver>

      </GridButton>

    </Stack>

  </Box>

  <LuaContext FileName="Assets/UI/InGame/LeaderHead/DiscussionDialog" ID="DiscussionDialog" Hidden="True" />
  <LuaContext FileName="Assets/UI/InGame/LeaderHead/DiploTrade" ID="DiploTrade" Hidden="True" />

</Context>