<?xml version="1.0" encoding="utf-8"?>
<!-- edited with XMLSPY v2004 rel. 2 U (http://www.xmlspy.com) by Anton Strenger (Firaxis Games) -->
<Context ColorSet="Beige_Black_Alpha" FontStyle="Shadow" Font="TwCenMT14">
	<!-- Trade =================================================================================================== -->
	<Instance Name="OtherPlayerEntry">
		<Button Anchor="L,C" Style="TradeItemButton" ID="Button" TextOffset="32,0">
			<Label Offset="32,0" Anchor="L,C" ID="Name"/>
			<Box ID="ButtonSize" Color="255,255,255,128" Size="195,1" Anchor="C,B" Offset="0,-1"/>
			<Box Color="255,255,255,0" Size="32,32" Anchor="L,C" AnchorSide="i,i">
				<Image ID="CivIconBG" Size="32.32" Anchor="C,C" Offset="0,0" TextureOffset="32,0" Texture="CivIconBGSizes.dds"/>
				<Image ID="CivIconShadow" Size="24.24" Anchor="C,C" Offset="1,1" Texture="CivSymbolAtlas16.dds" Color="Black.128"/>
				<Image ID="CivSymbol" Size="24.24" Offset="0,0" Anchor="C,C" Texture="CivSymbolsColor256.dds"/>
			</Box>
		</Button>
	</Instance>
	<Instance Name="CityInstance">
		<Button Style="TradeItemButton" ID="Button">
			<Label Offset="5,0" Anchor="L,C" ID="CityName"/>
			<Label Offset="5,0" Anchor="R,C" ID="CityPop"/>
		</Button>
	</Instance>
	<Instance Name="PocketResource">
		<Button Style="TradeItemButton" Anchor="L,C" String="[ICON_RES_IRON] IRON" ID="Button"/>
	</Instance>
	<Instance Name="PocketVote">
		<Button Style="TradeItemButton" Anchor="L,C" ID="Button">
			<Label Offset="5,0" Anchor="L,C" ID="ProposalLabel"/>
			<Label Offset="5,0" Anchor="R,C" ID="VoteLabel"/>
		</Button>
	</Instance>
	<Instance Name="TableStrategic">
		<Container Size="195,44" ID="Container">
			<Button Style="TradeItemButtonSmall" Anchor="L,T" String="[ICON_RES_IRON] IRON" ID="Button"/>
			<Box Anchor="R,T" Offset="0,0" Size="34,24" Color="255,255,200,255" ConsumeMouseButton="1" ConsumeMouseOver="1">
				<Box Anchor="C,C" Offset="0,0" Size="32,22" Color="0,0,0,255">
					<EditBox EditMode="1" Size="30,18" Anchor="C,C" ID="AmountEdit" Font="TwCenMT14" NumberInput="1" MaxLength="3"/>
				</Box>
			</Box>
			<Label String="" Offset="10,5" Anchor="L,B" ID="DurationEdit"/>
		</Container>
	</Instance>
	<Instance Name="TableLuxury">
		<Container Size="195,24" ID="Container">
			<Button Style="TradeItemButton" Anchor="L,T" String="[ICON_RES_IRON] IRON" ID="Button"/>
			<Label String="" Offset="10,0" Anchor="R,C" ID="DurationEdit"/>
		</Container>
	</Instance>
	<Instance Name="TableVote">
		<Container Size="195,24" ID="Container">
			<Button Style="TradeItemButton" Anchor="L,T" ID="Button">
				<Label Offset="5,0" Anchor="L,C" ID="ProposalLabel"/>
				<Label Offset="5,0" Anchor="R,C" ID="VoteLabel"/>
			</Button>
			<Label String="" Offset="10,0" Anchor="R,C" ID="DurationEdit"/>
		</Container>
	</Instance>
	<!--Grid Size="514,415" Anchor="R,T" Offset="0,7" Padding="0,0" Style="GridGlass16" Hidden="0" ConsumeMouse="1" ID="BackingGrid" /-->
	<Grid Size="534,454" Anchor="R,T" AutoSize="1" Padding="18,24" Offset="-6,-34" Style="Grid9DetailTwo140" Hidden="0" ConsumeMouse="1" ID="MainGrid">
		<Stack Anchor="C,T" Offset="0,101" ID="MainStack" Padding="0">
			<Image Anchor="C,T" Offset="0.0" Texture="HorizontalTrim.dds" Size="500,5">
				<Image Anchor="C,T" AnchorSide="i,o" Offset="0.-1" Texture="VerticalTrim.dds" Size="5,59"/>
			</Image>
			<!--   UsPocket    -->
			<Container ID="Pockets" Size="480,229" Anchor="C,C" Offset="0,5">
				<Grid Size="225,220" Anchor="R,T" Offset="0,0" Style="GridBlackIndent8" ID="UsPocketWhole">
					<ScrollPanel Anchor="R,T" Offset="25,2" Size="200,218" Vertical="1" ID="UsPocketPanel">
						<Stack Anchor="R,T" Offset="0,0" StackGrowth="B" Padding="2" ID="UsPocketLeaderStack">
							<Button Style="TradeItemButton" Anchor="L,C" String="TXT_KEY_CLOSE" ID="UsPocketLeaderClose">
								<Box Color="255,255,255,128" Size="195,1" Anchor="C,B" Offset="0,-1"/>
							</Button>
						</Stack>
						<Stack Anchor="R,T" Offset="0,0" StackGrowth="B" Padding="2" ID="UsPocketCitiesStack">
							<Button Style="TradeItemButton" Anchor="L,C" String="TXT_KEY_CLOSE" ID="UsPocketCitiesClose">
								<Box Color="255,255,255,128" Size="195,1" Anchor="C,B" Offset="0,-1"/>
							</Button>
						</Stack>
						<Stack Anchor="R,T" Offset="0,0" StackGrowth="Bottom" Padding="0" ID="UsPocketStack" Hidden="1">
							<Button Style="TradeItemButton" Anchor="L,C" String="TXT_KEY_DIPLO_GOLD" ID="UsPocketGold"/>
							<Button Style="TradeItemButton" Anchor="L,C" String="TXT_KEY_DIPLO_GOLD_PER_TURN" ID="UsPocketGoldPerTurn"/>
							<Button Style="TradeItemButton" Anchor="L,C" String="TXT_KEY_DIPLO_LUXURY_RESOURCES" ID="UsPocketLuxury"/>
							<Stack Anchor="L,T" Offset="0,0" Size="128,0" StackGrowth="Bottom" Padding="0" Hidden="0" ID="UsPocketLuxuryStack"/>
							<Button Style="TradeItemButton" Anchor="L,C" String="TXT_KEY_DIPLO_STRATEGIC_RESOURCES" ID="UsPocketStrategic"/>
							<Stack Anchor="L,T" Offset="0,0" Size="128,0" StackGrowth="Bottom" Padding="0" Hidden="0" ID="UsPocketStrategicStack"/>
							<Button Style="TradeItemButton" Anchor="L,C" String="TXT_KEY_TRADE_ITEM_VOTES" ID="UsPocketVote"/>
							<Stack Anchor="L,T" Offset="0,0" Size="128,0" StackGrowth="Bottom" Padding="0" Hidden="0" ID="UsPocketVoteStack"/>
							<Button Style="TradeItemButton" Anchor="L,C" String="TXT_KEY_DIPLO_ALLOW_EMBASSY" ID="UsPocketAllowEmbassy"/>
							<Button Style="TradeItemButton" Anchor="L,C" String="TXT_KEY_DIPLO_OPEN_BORDERS" ID="UsPocketOpenBorders"/>
							<Button Style="TradeItemButton" Anchor="L,C" String="TXT_KEY_DIPLO_DEF_PACT" ID="UsPocketDefensivePact"/>
							<Button Style="TradeItemButton" Anchor="L,C" String="TXT_KEY_DIPLO_RESCH_AGREEMENT" ID="UsPocketResearchAgreement"/>
							<Button Style="TradeItemButton" Anchor="L,C" String="TXT_KEY_DIPLO_TRADE_AGREEMENT" ID="UsPocketTradeAgreement" Hidden="1"/>
							<Button Style="TradeItemButton" Anchor="L,C" String="TXT_KEY_DIPLO_DECLARATION_OF_FRIENDSHIP" ID="UsPocketDoF"/>
							<Button Style="TradeItemButton" Anchor="L,C" String="TXT_KEY_DIPLO_CITIES" ID="UsPocketCities"/>
							<Button Style="TradeItemButton" Anchor="L,C" String="[ICON_MINUS] TXT_KEY_DIPLO_OTHER_PLAYERS" ID="UsPocketOtherPlayer"/>
							<Stack Anchor="L,T" Offset="0,0" Size="128,0" StackGrowth="Bottom" Padding="0" Hidden="0" ID="UsPocketOtherPlayerStack">
								<Button Style="TradeItemButton" Anchor="L,C" String="TXT_KEY_DIPLO_MAKE_PEACE_WITH" TextOffset="30,0" ID="UsPocketOtherPlayerPeace"/>
								<Button Style="TradeItemButton" Anchor="L,C" String="TXT_KEY_DIPLO_DECLARE_WAR_ON" TextOffset="30,0" ID="UsPocketOtherPlayerWar"/>
							</Stack>
						</Stack>
						<ScrollBar Offset="4.0" Style="VertSlider" Anchor="R,C" AnchorSide="O,I" Length="180"/>
						<UpButton Offset="4.2" Style="ScrollBarUp" Anchor="R,T" AnchorSide="O,I"/>
						<DownButton Offset="4.2" Style="ScrollBarDown" Anchor="R,B" AnchorSide="O,I"/>
					</ScrollPanel>
				</Grid>
				<!--   ThemPocket   -->
				<Grid Size="225,220" Anchor="L,T" Offset="0,0" Style="GridBlackIndent8" ID="ThemPocketWhole">
					<ScrollPanel Anchor="L,T" Offset="24,0" Size="200,220" Vertical="1" ID="ThemPocketPanel">
						<Stack Anchor="L,T" Offset="0,0" StackGrowth="B" Padding="2" ID="ThemPocketLeaderStack">
							<Button Style="TradeItemButton" Anchor="L,C" String="TXT_KEY_CLOSE" ID="ThemPocketLeaderClose">
								<Box Color="255,255,255,128" Size="195,1" Anchor="C,B" Offset="0,-1"/>
							</Button>
						</Stack>
						<Stack Anchor="L,T" Offset="0,0" StackGrowth="B" Padding="2" ID="ThemPocketCitiesStack">
							<Button Style="TradeItemButton" Anchor="L,C" String="TXT_KEY_CLOSE" ID="ThemPocketCitiesClose">
								<Box Color="255,255,255,128" Size="195,1" Anchor="C,B" Offset="0,-1"/>
							</Button>
						</Stack>
						<Stack Anchor="L,T" Offset="0,0" StackGrowth="Bottom" Padding="0" ID="ThemPocketStack">
							<Button Style="TradeItemButton" Anchor="L,C" String="TXT_KEY_DIPLO_GOLD" ID="ThemPocketGold"/>
							<Button Style="TradeItemButton" Anchor="L,C" String="TXT_KEY_DIPLO_GOLD_PER_TURN" ID="ThemPocketGoldPerTurn"/>
							<Button Style="TradeItemButton" Anchor="L,C" String="TXT_KEY_DIPLO_LUXURY_RESOURCES" ID="ThemPocketLuxury"/>
							<Stack Anchor="L,T" Offset="0,0" Size="128,0" StackGrowth="Bottom" Padding="0" Hidden="0" ID="ThemPocketLuxuryStack">
							</Stack>
							<Button Style="TradeItemButton" Anchor="L,C" String="TXT_KEY_DIPLO_STRATEGIC_RESOURCES" ID="ThemPocketStrategic"/>
							<Stack Anchor="L,T" Offset="0,0" Size="128,0" StackGrowth="Bottom" Padding="0" Hidden="0" ID="ThemPocketStrategicStack">
							</Stack>
							<Button Style="TradeItemButton" Anchor="L,C" String="TXT_KEY_TRADE_ITEM_VOTES" ID="ThemPocketVote"/>
							<Stack Anchor="L,T" Offset="0,0" Size="128,0" StackGrowth="Bottom" Padding="0" Hidden="0" ID="ThemPocketVoteStack"/>
							<Button Style="TradeItemButton" Anchor="L,C" String="TXT_KEY_DIPLO_ALLOW_EMBASSY" ID="ThemPocketAllowEmbassy"/>
							<Button Style="TradeItemButton" Anchor="L,C" String="TXT_KEY_DIPLO_OPEN_BORDERS" ID="ThemPocketOpenBorders"/>
							<Button Style="TradeItemButton" Anchor="L,C" String="TXT_KEY_DIPLO_DEF_PACT" ID="ThemPocketDefensivePact"/>
							<Button Style="TradeItemButton" Anchor="L,C" String="TXT_KEY_DIPLO_RESCH_AGREEMENT" ID="ThemPocketResearchAgreement"/>
							<Button Style="TradeItemButton" Anchor="L,C" String="TXT_KEY_DIPLO_TRADE_AGREEMENT" ID="ThemPocketTradeAgreement" Hidden="1"/>
							<Button Style="TradeItemButton" Anchor="L,C" String="TXT_KEY_DIPLO_DECLARATION_OF_FRIENDSHIP" ID="ThemPocketDoF"/>
							<Button Style="TradeItemButton" Anchor="L,C" String="TXT_KEY_DIPLO_CITIES" ID="ThemPocketCities"/>
							<Button Style="TradeItemButton" Anchor="L,C" String="TXT_KEY_DIPLO_OTHER_PLAYERS" ID="ThemPocketOtherPlayer"/>
							<Stack Anchor="L,T" Offset="0,0" Size="128,0" StackGrowth="Bottom" Padding="0" Hidden="0" ID="ThemPocketOtherPlayerStack">
								<Button Style="TradeItemButton" Anchor="L,C" String="TXT_KEY_DIPLO_MAKE_PEACE_WITH" TextOffset="30,0" ID="ThemPocketOtherPlayerPeace"/>
								<Button Style="TradeItemButton" Anchor="L,C" String="TXT_KEY_DIPLO_DECLARE_WAR_ON" TextOffset="30,0" ID="ThemPocketOtherPlayerWar"/>
							</Stack>
						</Stack>
						<ScrollBar Offset="4.0" Style="VertSlider" Anchor="L,C" AnchorSide="O,I" Length="180"/>
						<UpButton Offset="4.2" Style="ScrollBarUp" Anchor="L,T" AnchorSide="O,I"/>
						<DownButton Offset="4.2" Style="ScrollBarDown" Anchor="L,B" AnchorSide="O,I"/>
					</ScrollPanel>
				</Grid>
				<Image Anchor="C,B" Offset="0.0" Texture="HorizontalTrim.dds" Size="500,5">
					<Image Anchor="C,T" AnchorSide="i,o" Offset="0.-1" Texture="VerticalTrim.dds" Size="5,231"/>
				</Image>
			</Container>
			<Container ID="Tables" Size="480,120" Offset="0,5" Anchor="C,C">
				<!--   UsTable       -->
				<Grid Size="225,120" Anchor="R,T" Offset="0,0" Style="GridBlackIndent8">
					<ScrollPanel Anchor="L,T" Offset="0,2" Size="200,117" Vertical="1" ID="UsTablePanel">
						<Stack Anchor="L,T" Offset="0,0" Size="128,128" StackGrowth="Bottom" Padding="0" ID="UsTableStack">
							<Button Style="TradeItemButton" Anchor="L,C" ID="UsTablePeaceTreaty"/>
							<Button Style="TradeItemButton" Anchor="L,C" String="TXT_KEY_DIPLO_GOLD" ID="UsTableGold">
								<Box Anchor="R,C" Offset="2,0" Size="40,18" Color="255,255,200,255" ConsumeMouseButton="1" ConsumeMouseOver="1">
									<Box Anchor="C,C" Offset="0,0" Size="38,16" Color="0,0,0,255">
										<EditBox EditMode="1" Size="36,16" Anchor="C,C" Font="TwCenMT14" NumberInput="1" MaxLength="4" ID="UsGoldAmount"/>
									</Box>
								</Box>
							</Button>
							<Container Anchor="L,C" Size="195,40" ID="UsTableGoldPerTurn">
								<Button Style="TradeItemButton" Anchor="L,T" String="TXT_KEY_DIPLO_GOLD_PER_TURN" ID="UsTableGoldPerTurnButton"/>
								<Box Anchor="R,T" Offset="2,3" Size="40,18" Color="255,255,200,255" ConsumeMouseButton="1" ConsumeMouseOver="1">
									<Box Anchor="C,C" Offset="0,0" Size="38,16" Color="0,0,0,255">
										<EditBox EditMode="1" Size="36,16" Anchor="C,C" Font="TwCenMT14" NumberInput="1" MaxLength="4" ID="UsGoldPerTurnAmount"/>
									</Box>
								</Box>
								<Label String="" Offset="10,5" Anchor="L,B" ID="UsGoldPerTurnTurns"/>
							</Container>
							<Stack Anchor="L,T" Offset="0,0" Size="128,0" StackGrowth="Bottom" Padding="5" Hidden="0" ID="UsTableLuxuryStack">
								<Label Anchor="L,C" Offset="5,0" String="TXT_KEY_DIPLO_LUXURY_RESOURCES" Font="TwCenMT14"/>
							</Stack>
							<Stack Anchor="L,T" Offset="0,0" Size="128,0" StackGrowth="Bottom" Padding="5" Hidden="0" ID="UsTableStrategicStack">
								<Label Anchor="L,C" Offset="5,0" String="TXT_KEY_DIPLO_STRATEGIC_RESOURCES" Font="TwCenMT14"/>
							</Stack>
							<Stack Anchor="L,T" Offset="0,0" Size="128,0" StackGrowth="Bottom" Padding="5" Hidden="0" ID="UsTableVoteStack">
								<Label Anchor="L,C" Offset="5,0" String="TXT_KEY_TRADE_ITEM_VOTES" Font="TwCenMT14"/>
							</Stack>
							<Button Style="TradeItemButton" Anchor="L,C" String="TXT_KEY_DIPLO_ALLOW_EMBASSY" ID="UsTableAllowEmbassy"/>
							<Button Style="TradeItemButton" Anchor="L,C" String="TXT_KEY_DIPLO_OPEN_BORDERS" ID="UsTableOpenBorders"/>
							<Button Style="TradeItemButton" Anchor="L,C" String="TXT_KEY_DIPLO_DEF_PACT" ID="UsTableDefensivePact"/>
							<Button Style="TradeItemButton" Anchor="L,C" String="Research agreement" ID="UsTableResearchAgreement"/>
							<Button Style="TradeItemButton" Anchor="L,C" String="TXT_KEY_DIPLO_TRADE_AGREEMENT" ID="UsTableTradeAgreement"/>
							<Button Style="TradeItemButton" Anchor="L,C" String="TXT_KEY_DIPLO_DECLARATION_OF_FRIENDSHIP" ID="UsTableDoF"/>
							<Stack Anchor="L,T" Offset="0,0" Size="128,0" StackGrowth="Bottom" Padding="5" Hidden="0" ID="UsTableCitiesStack"/>
							<Stack Anchor="L,T" Offset="0,0" Size="128,0" StackGrowth="Bottom" Padding="5" Hidden="0" ID="UsTableDeclareWarStack">
								<Box Color="255,255,255,0" Size="194,18">
									<Label Anchor="L,B" Offset="5,0" String="TXT_KEY_DIPLO_DECLARE_WAR_ON" Font="TwCenMT14"/>
									<Label Anchor="R,B" Offset="5,0" Font="TwCenMT14" ID="UsDeclareWarDuration"/>
								</Box>
							</Stack>
							<Stack Anchor="L,T" Offset="0,0" Size="128,0" StackGrowth="Bottom" Padding="5" Hidden="0" ID="UsTableMakePeaceStack">
								<Box Color="255,255,255,0" Size="194,18">
									<Label Anchor="L,B" Offset="5,0" String="TXT_KEY_DIPLO_MAKE_PEACE_WITH" Font="TwCenMT14"/>
									<Label Anchor="R,B" Offset="5,0" Font="TwCenMT14" ID="UsMakePeaceDuration"/>
								</Box>
							</Stack>
						</Stack>
						<ScrollBar Offset="4.0" Style="VertSlider" Anchor="R,C" AnchorSide="O,I" Length="80"/>
						<UpButton Offset="4.2" Style="ScrollBarUp" Anchor="R,T" AnchorSide="O,I"/>
						<DownButton Offset="4.2" Style="ScrollBarDown" Anchor="R,B" AnchorSide="O,I"/>
					</ScrollPanel>
				</Grid>
				<!--   ThemTable   -->
				<Grid Size="225,120" Anchor="L,T" Offset="0,0" Style="GridBlackIndent8">
					<ScrollPanel Anchor="R,T" Offset="5,3" Size="200,116" Vertical="1" ID="ThemTablePanel">
						<Stack Anchor="R,T" Offset="0,0" Size="128,128" StackGrowth="Bottom" Padding="0" ID="ThemTableStack">
							<Button Style="TradeItemButton" Anchor="L,C" ID="ThemTablePeaceTreaty"/>
							<Button Style="TradeItemButton" Anchor="L,C" String="TXT_KEY_DIPLO_GOLD" ID="ThemTableGold">
								<Box Anchor="R,C" Offset="2,0" Size="40,18" Color="255,255,200,255" ConsumeMouseButton="1" ConsumeMouseOver="1">
									<Box Anchor="C,C" Offset="0,0" Size="38,16" Color="0,0,0,255">
										<EditBox EditMode="1" Size="36,16" Anchor="C,C" Font="TwCenMT14" NumberInput="1" MaxLength="4" ID="ThemGoldAmount"/>
									</Box>
								</Box>
							</Button>
							<Container Anchor="L,C" Size="195,40" ID="ThemTableGoldPerTurn">
								<Button Style="TradeItemButton" Anchor="L,T" String="TXT_KEY_DIPLO_GOLD_PER_TURN" ID="ThemTableGoldPerTurnButton"/>
								<Box Anchor="R,T" Offset="2,3" Size="40,18" Color="255,255,200,255" ConsumeMouseButton="1" ConsumeMouseOver="1">
									<Box Anchor="C,C" Offset="0,0" Size="38,16" Color="0,0,0,255">
										<EditBox EditMode="1" Size="36,16" Anchor="C,C" Font="TwCenMT14" NumberInput="1" MaxLength="4" ID="ThemGoldPerTurnAmount"/>
									</Box>
								</Box>
								<Label String="" Offset="10,5" Anchor="L,B" ID="ThemGoldPerTurnTurns"/>
							</Container>
							<Stack Anchor="L,T" Offset="0,0" Size="128,0" StackGrowth="Bottom" Padding="5" Hidden="0" ID="ThemTableLuxuryStack">
								<Label Anchor="L,C" Offset="5,0" String="TXT_KEY_DIPLO_LUXURY_RESOURCES" Font="TwCenMT14"/>
							</Stack>
							<Stack Anchor="L,T" Offset="0,0" Size="128,0" StackGrowth="Bottom" Padding="5" Hidden="0" ID="ThemTableStrategicStack">
								<Label Anchor="L,C" Offset="5,0" String="TXT_KEY_DIPLO_STRATEGIC_RESOURCES" Font="TwCenMT14"/>
							</Stack>
							<Stack Anchor="L,T" Offset="0,0" Size="128,0" StackGrowth="Bottom" Padding="5" Hidden="0" ID="ThemTableVoteStack">
								<Label Anchor="L,C" Offset="5,0" String="TXT_KEY_TRADE_ITEM_VOTES" Font="TwCenMT14"/>
							</Stack>
							<Button Style="TradeItemButton" Anchor="L,C" String="TXT_KEY_DIPLO_ALLOW_EMBASSY" ID="ThemTableAllowEmbassy"/>
							<Button Style="TradeItemButton" Anchor="L,C" String="TXT_KEY_DIPLO_OPEN_BORDERS" ID="ThemTableOpenBorders"/>
							<Button Style="TradeItemButton" Anchor="L,C" String="TXT_KEY_DIPLO_DEF_PACT" ID="ThemTableDefensivePact"/>
							<Button Style="TradeItemButton" Anchor="L,C" String="Research agreement" ID="ThemTableResearchAgreement"/>
							<Button Style="TradeItemButton" Anchor="L,C" String="TXT_KEY_DIPLO_TRADE_AGREEMENT" ID="ThemTableTradeAgreement"/>
							<Button Style="TradeItemButton" Anchor="L,C" String="TXT_KEY_DIPLO_DECLARATION_OF_FRIENDSHIP" ID="ThemTableDoF"/>
							<Stack Anchor="L,T" Offset="0,0" Size="128,0" StackGrowth="Bottom" Padding="5" Hidden="0" ID="ThemTableCitiesStack"/>
							<Stack Anchor="L,T" Offset="0,0" Size="128,0" StackGrowth="Bottom" Padding="5" Hidden="0" ID="ThemTableDeclareWarStack">
								<Box Color="255,255,255,0" Size="194,18">
									<Label Anchor="L,B" Offset="5,0" String="TXT_KEY_DIPLO_DECLARE_WAR_ON" Font="TwCenMT14"/>
									<Label Anchor="R,B" Offset="5,0" Font="TwCenMT14" ID="ThemDeclareWarDuration"/>
								</Box>
							</Stack>
							<Stack Anchor="L,T" Offset="0,0" Size="128,0" StackGrowth="Bottom" Padding="5" Hidden="0" ID="ThemTableMakePeaceStack">
								<Box Color="255,255,255,0" Size="194,18">
									<Label Anchor="L,B" Offset="5,0" String="TXT_KEY_DIPLO_MAKE_PEACE_WITH" Font="TwCenMT14"/>
									<Label Anchor="R,B" Offset="5,0" Font="TwCenMT14" ID="ThemMakePeaceDuration"/>
								</Box>
							</Stack>
						</Stack>
						<ScrollBar Offset="-0.0" Style="VertSlider" Anchor="L,C" AnchorSide="O,I" Length="80"/>
						<UpButton Offset="-0.2" Style="ScrollBarUp" Anchor="L,T" AnchorSide="O,I"/>
						<DownButton Offset="-0.2" Style="ScrollBarDown" Anchor="L,B" AnchorSide="O,I"/>
					</ScrollPanel>
				</Grid>
				<Box Size="436,120" Anchor="C,T" Color="255,255,255,0" ConsumeMouseOver="1" ConsumeMouseButton="1" ID="ModificationBlock" Hidden="1"/>
				<Image Anchor="C,B" Offset="0.0" Texture="HorizontalTrim.dds" Size="500,5">
					<Image Anchor="C,T" AnchorSide="i,o" Offset="0.-1" Texture="VerticalTrim.dds" Size="5,122"/>
				</Image>
			</Container>
			<Container Size="1,4"/>
			<Button ID="ModifyButton" Anchor="C,B" Size="478,33" String="TXT_KEY_DIPLO_MODIFY" Font="TwCenMT18" >
				<Grid   Size="478,30" Offset="0,0" Padding="0,0" Style="Grid9FrameTurns" />
				<ShowOnMouseOver>
					<AlphaAnim Anchor="C,C" Size="478,27" Pause="0" Cycle="Bounce" Speed="1" AlphaStart="2" AlphaEnd="1">
						<Grid Anchor="C,C" Size="478,30" Offset="0,2" Padding="0,0" Style="Grid9FrameTurnsHL"/>
					</AlphaAnim>
				</ShowOnMouseOver>
			</Button>
			<Button ID="ProposeButton" Anchor="C,B" Size="478,33" String="TXT_KEY_DIPLO_PROPOSE" Font="TwCenMT18" >
				<Grid   Size="478,30" Offset="0,2" Padding="0,0" Style="Grid9FrameTurns" />
				<ShowOnMouseOver>
					<AlphaAnim Anchor="C,C" Size="478,27" Pause="0" Cycle="Bounce" Speed="1" AlphaStart="2" AlphaEnd="1">
						<Grid Anchor="C,C" Size="478,30" Offset="0,2" Padding="0,0" Style="Grid9FrameTurnsHL"/>
					</AlphaAnim>
				</ShowOnMouseOver>
			</Button>
			<Button ID="CancelButton" Anchor="C,B" Size="478,33" String="TXT_KEY_DIPLO_REFUSE" Font="TwCenMT18" >
				<Grid   Size="478,30" Offset="0,4" Padding="0,0" Style="Grid9FrameTurns" />
				<ShowOnMouseOver>
					<AlphaAnim Anchor="C,C" Size="478,27" Pause="0" Cycle="Bounce" Speed="1" AlphaStart="2" AlphaEnd="1">
						<Grid Anchor="C,C" Size="478,30" Offset="0,2" Padding="0,0" Style="Grid9FrameTurnsHL"/>
					</AlphaAnim>
				</ShowOnMouseOver>
			</Button>
			<!-- CBP -->
			<Button ID="DenounceButton" Hidden ="1" Anchor="C,B" Size="478,33" String="TXT_KEY_DIPLO_REFUSE" Font="TwCenMT18" >
				<Grid   Size="478,30" Offset="0,4" Padding="0,0" Style="Grid9FrameTurns" />
				<ShowOnMouseOver>
					<AlphaAnim Anchor="C,C" Size="478,27" Pause="0" Cycle="Bounce" Speed="1" AlphaStart="2" AlphaEnd="1">
						<Grid Anchor="C,C" Size="478,30" Offset="0,2" Padding="0,0" Style="Grid9FrameTurnsHL"/>
					</AlphaAnim>
				</ShowOnMouseOver>
			</Button>
			<!-- END -->
		</Stack>
		<Image Size="64,64" Offset="14,40" Anchor="R,T" Texture="IconFrame64.dds">
			<Image ID="UsCivIconBG" Size="64.64" Anchor="C,C" TextureOffset="77,0" Texture="CivIconBGSizes.dds"/>
			<Image ID="UsCivIconShadow" Size="48.48" Anchor="C,C" Offset="0,0" Texture="CivSymbolAtlas48.dds" Color="Black.128"/>
			<Image ID="UsSymbolShadow" Size="48,48" Anchor="C,C" Texture="CivSymbolsColor512.dds"/>
			<Label Anchor="L,B" Offset="0,12" AnchorSide="O.I" String="TXT_KEY_DIPLO_YOUR_ITEMS_LABEL" Font="TwCenMT18" FontStyle="Shadow" ID="UsText"/>
		</Image>
		<Image Size="64,64" Offset="14,40" Anchor="L,T" Texture="IconFrame64.dds">
			<Image ID="ThemCivIconBG" Size="64.64" Anchor="C,C" TextureOffset="77,0" Texture="CivIconBGSizes.dds"/>
			<Image ID="ThemCivIconShadow" Size="48.48" Anchor="C,C" Offset="0,0" Texture="CivSymbolAtlas48.dds" Color="Black.128"/>
			<Image ID="ThemSymbolShadow" Size="48,48" Offset="-1,-1" Anchor="C,C" Texture="CivSymbolsColor512.dds"/>
			<Label Anchor="R,B" Offset="0,28" AnchorSide="O.I" String="(Team Name)'s Items" Font="TwCenMT18" FontStyle="Shadow" ID="ThemName"/>
			<Label Anchor="R,B" Offset="0,13" AnchorSide="O.I" String="CivName" Font="TwCenMT14" FontStyle="Shadow" ID="ThemCiv"/>
			<!-- CBP -->
			<GridButton ID="DenounceButton" Anchor="R,B" Size="70,22" Offset="100,20" Style="SmallButton" Color="255,128,128,255" Font="TwCenMT16" ToolTip="TXT_KEY_DENOUNCE_HUMAN" />
			<!-- END -->
		</Image>
		<TextButton Offset="0,22" Anchor="C,B" Font="TwCenMT20" ColorSet="Beige_Black_Alpha" String="TXT_KEY_CLOSE" ToolTip="TXT_KEY_CLOSE" FontStyle="Shadow" MouseOverStyle="SoftShadow" ConsumeMouse="1" ID="CloseButton" Hidden="0" />
	</Grid>
</Context>
