<?xml version="1.0" encoding="utf-8"?>
<GameData>
	<Table name="UnitPromotions_UnitName">
		<Column name="PromotionType" type="text" reference="UnitPromotions(Type)"/>
		<Column name="UnitType" type="text" reference="Units(Type)"/>
		<Column name="Name" type="text" reference="Language_en_US(Tag)"/>
	</Table>

	<UnitPromotions_UnitName>
		<Row>
			<PromotionType>PROMOTION_INVULNERABIILITY</PromotionType>
			<UnitType>UNIT_KRIS_SWORDSMAN</UnitType>
			<Name>TXT_KEY_UNIT_INDONESIAN_KRIS_SWORDSMAN_INVULNERABIILITY</Name>
		</Row>
		<Row>
			<PromotionType>PROMOTION_SNEAK_ATTACK</PromotionType>
			<UnitType>UNIT_KRIS_SWORDSMAN</UnitType>
			<Name>TXT_KEY_UNIT_INDONESIAN_KRIS_SWORDSMAN_SNEAK_ATTACK</Name>
		</Row>
		<Row>
			<PromotionType>PROMOTION_HEROISM</PromotionType>
			<UnitType>UNIT_KRIS_SWORDSMAN</UnitType>
			<Name>TXT_KEY_UNIT_INDONESIAN_KRIS_SWORDSMAN_HEROISM</Name>
		</Row>
		<Row>
			<PromotionType>PROMOTION_AMBITION</PromotionType>
			<UnitType>UNIT_KRIS_SWORDSMAN</UnitType>
			<Name>TXT_KEY_UNIT_INDONESIAN_KRIS_SWORDSMAN_AMBITION</Name>
		</Row>
		<Row>
			<PromotionType>PROMOTION_RESTLESSNESS</PromotionType>
			<UnitType>UNIT_KRIS_SWORDSMAN</UnitType>
			<Name>TXT_KEY_UNIT_INDONESIAN_KRIS_SWORDSMAN_RESTLESSNESS</Name>
		</Row>
		<Row>
			<PromotionType>PROMOTION_RECRUITMENT</PromotionType>
			<UnitType>UNIT_KRIS_SWORDSMAN</UnitType>
			<Name>TXT_KEY_UNIT_INDONESIAN_KRIS_SWORDSMAN_RECRUITMENT</Name>
		</Row>
		<Row>
			<PromotionType>PROMOTION_ENEMY_BLADE</PromotionType>
			<UnitType>UNIT_KRIS_SWORDSMAN</UnitType>
			<Name>TXT_KEY_UNIT_INDONESIAN_KRIS_SWORDSMAN_ENEMY_BLADE</Name>
		</Row>
		<Row>
			<PromotionType>PROMOTION_EVIL_SPIRITS</PromotionType>
			<UnitType>UNIT_KRIS_SWORDSMAN</UnitType>
			<Name>TXT_KEY_UNIT_INDONESIAN_KRIS_SWORDSMAN_EVIL_SPIRITS</Name>
		</Row>
	</UnitPromotions_UnitName>

	<Language_en_US>
		<Row Tag="TXT_KEY_UNIT_INDONESIAN_KRIS_SWORDSMAN_INVULNERABIILITY">
			<Text>Defensive Kris</Text>
		</Row>
		<Row Tag="TXT_KEY_UNIT_INDONESIAN_KRIS_SWORDSMAN_SNEAK_ATTACK">
			<Text>Flanking Kris</Text>
		</Row>
		<Row Tag="TXT_KEY_UNIT_INDONESIAN_KRIS_SWORDSMAN_HEROISM">
			<Text>Heroic Kris</Text>
		</Row>
		<Row Tag="TXT_KEY_UNIT_INDONESIAN_KRIS_SWORDSMAN_AMBITION">
			<Text>Offensive Kris</Text>
		</Row>
		<Row Tag="TXT_KEY_UNIT_INDONESIAN_KRIS_SWORDSMAN_RESTLESSNESS">
			<Text>Restless Kris</Text>
		</Row>
		<Row Tag="TXT_KEY_UNIT_INDONESIAN_KRIS_SWORDSMAN_RECRUITMENT">
			<Text>Regenerating Kris</Text>
		</Row>
		<Row Tag="TXT_KEY_UNIT_INDONESIAN_KRIS_SWORDSMAN_ENEMY_BLADE">
			<Text>Cursed Kris</Text>
		</Row>
		<Row Tag="TXT_KEY_UNIT_INDONESIAN_KRIS_SWORDSMAN_EVIL_SPIRITS">
			<Text>Possessed Kris</Text>
		</Row>
	</Language_en_US>

	<CustomModDbUpdates>
		<Row Name="PROMOTIONS_UNIT_NAMING" Value="1"/>
	</CustomModDbUpdates>
</GameData>