<?xml version="1.0" encoding="utf-8"?>
<GameData>
	<Language_en_US>
		<Row Tag="TXT_KEY_PROMOTION_RECON_SHORT_RANGE">
			<Text>Short Range Recon</Text>
		</Row>
		<Row Tag="TXT_KEY_PROMOTION_RECON_SHORT_RANGE_HELP">
			<Text>Short Range Recon (-2 visibility).</Text>
		</Row>
		<Row Tag="TXT_KEY_PEDIA_PROMOTION_RECON_SHORT_RANGE">
			<Text>Short Range Recon</Text>
		</Row>
		<Row Tag="TXT_KEY_PROMOTION_RECON_LONG_RANGE">
			<Text>Long Range Recon</Text>
		</Row>
		<Row Tag="TXT_KEY_PROMOTION_RECON_LONG_RANGE_HELP">
			<Text>Long Range Recon (+2 visibility).</Text>
		</Row>
		<Row Tag="TXT_KEY_PEDIA_PROMOTION_RECON_LONG_RANGE">
			<Text>Long Range Recon</Text>
		</Row>
	</Language_en_US>

	<CustomModDbUpdates>
		<Row Name="PROMOTIONS_VARIABLE_RECON_XML" Value="1"/>
	</CustomModDbUpdates>
</GameData>