<?xml version="1.0" encoding="utf-8"?>
<!-- Created by ModBuddy on 4/30/2015 12:34:58 PM -->
<GameData>
	<Natural_Wonder_Placement>
		<Update>
			<Where NaturalWonderType="FEATURE_VOLCANO"/>
			<Set AdjacentTilesCareAboutTerrainTypes="true"
				 RequiredNumberOfAdjacentShallowWater="4"
				 CoreTileCanBeAnyTerrainType="false"
				 CoreTileCanBeShallowWater="true"
			/>
		</Update>
	</Natural_Wonder_Placement>
	<Building_Flavors>
		<Row>
			<BuildingType>BUILDING_NEUSCHWANSTEIN</BuildingType>
			<FlavorType>FLAVOR_WONDER</FlavorType>
			<Flavor>40</Flavor>
		</Row>
		<Row>
			<BuildingType>BUILDING_NEUSCHWANSTEIN</BuildingType>
			<FlavorType>FLAVOR_HAPPINESS</FlavorType>
			<Flavor>60</Flavor>
		</Row>
		<Row>
			<BuildingType>BUILDING_NEUSCHWANSTEIN</BuildingType>
			<FlavorType>FLAVOR_CULTURE</FlavorType>
			<Flavor>50</Flavor>
		</Row>
	</Building_Flavors>
	<AIMilitaryStrategy_City_Flavors>
		<Row>
			<AIMilitaryStrategyType>MILITARYAISTRATEGY_AT_WAR</AIMilitaryStrategyType>
			<FlavorType>FLAVOR_OFFENSE</FlavorType>
			<Flavor>50</Flavor>
		</Row>
		<Row>
			<AIMilitaryStrategyType>MILITARYAISTRATEGY_AT_WAR</AIMilitaryStrategyType>
			<FlavorType>FLAVOR_MOBILE</FlavorType>
			<Flavor>30</Flavor>
		</Row>
		<Row>
			<AIMilitaryStrategyType>MILITARYAISTRATEGY_AT_WAR</AIMilitaryStrategyType>
			<FlavorType>FLAVOR_DEFENSE</FlavorType>
			<Flavor>40</Flavor>
		</Row>
		<Row>
			<AIMilitaryStrategyType>MILITARYAISTRATEGY_AT_WAR</AIMilitaryStrategyType>
			<FlavorType>FLAVOR_RANGED</FlavorType>
			<Flavor>40</Flavor>
		</Row>
		<Row>
			<AIMilitaryStrategyType>MILITARYAISTRATEGY_AT_WAR</AIMilitaryStrategyType>
			<FlavorType>FLAVOR_NAVAL</FlavorType>
			<Flavor>30</Flavor>
		</Row>
		<Row>
			<AIMilitaryStrategyType>MILITARYAISTRATEGY_AT_WAR</AIMilitaryStrategyType>
			<FlavorType>FLAVOR_NAVAL_RECON</FlavorType>
			<Flavor>30</Flavor>
		</Row>
		<Row>
			<AIMilitaryStrategyType>MILITARYAISTRATEGY_AT_WAR</AIMilitaryStrategyType>
			<FlavorType>FLAVOR_AIR</FlavorType>
			<Flavor>40</Flavor>
		</Row>
		<Row>
			<AIMilitaryStrategyType>MILITARYAISTRATEGY_AT_WAR</AIMilitaryStrategyType>
			<FlavorType>FLAVOR_CITY_DEFENSE</FlavorType>
			<Flavor>20</Flavor>
		</Row>
		<Row>
			<AIMilitaryStrategyType>MILITARYAISTRATEGY_AT_WAR</AIMilitaryStrategyType>
			<FlavorType>FLAVOR_MILITARY_TRAINING</FlavorType>
			<Flavor>15</Flavor>
		</Row>
		<Row>
			<AIMilitaryStrategyType>MILITARYAISTRATEGY_AT_WAR</AIMilitaryStrategyType>
			<FlavorType>FLAVOR_WONDER</FlavorType>
			<Flavor>-30</Flavor>
		</Row>
		<Row>
			<AIMilitaryStrategyType>MILITARYAISTRATEGY_AT_WAR</AIMilitaryStrategyType>
			<FlavorType>FLAVOR_EXPANSION</FlavorType>
			<Flavor>-40</Flavor>
		</Row>
		<Row>
			<AIMilitaryStrategyType>MILITARYAISTRATEGY_AT_WAR</AIMilitaryStrategyType>
			<FlavorType>FLAVOR_CULTURE</FlavorType>
			<Flavor>-20</Flavor>
		</Row>
		<Row>
			<AIMilitaryStrategyType>MILITARYAISTRATEGY_AT_WAR</AIMilitaryStrategyType>
			<FlavorType>FLAVOR_PRODUCTION</FlavorType>
			<Flavor>-10</Flavor>
		</Row>
		<Row>
			<AIMilitaryStrategyType>MILITARYAISTRATEGY_AT_WAR</AIMilitaryStrategyType>
			<FlavorType>FLAVOR_GROWTH</FlavorType>
			<Flavor>-10</Flavor>
		</Row>
		<Row>
			<AIMilitaryStrategyType>MILITARYAISTRATEGY_AT_WAR</AIMilitaryStrategyType>
			<FlavorType>FLAVOR_SCIENCE</FlavorType>
			<Flavor>-10</Flavor>
		</Row>
		<Row>
			<AIMilitaryStrategyType>MILITARYAISTRATEGY_AT_WAR</AIMilitaryStrategyType>
			<FlavorType>FLAVOR_INFRASTRUCTURE</FlavorType>
			<Flavor>-10</Flavor>
		</Row>
		<Row>
			<AIMilitaryStrategyType>MILITARYAISTRATEGY_AT_WAR</AIMilitaryStrategyType>
			<FlavorType>FLAVOR_GOLD</FlavorType>
			<Flavor>-5</Flavor>
		</Row>
		<Row>
			<AIMilitaryStrategyType>MILITARYAISTRATEGY_AT_WAR</AIMilitaryStrategyType>
			<FlavorType>FLAVOR_HAPPINESS</FlavorType>
			<Flavor>10</Flavor>
		</Row>
		<Row>
			<AIMilitaryStrategyType>MILITARYAISTRATEGY_AT_WAR</AIMilitaryStrategyType>
			<FlavorType>FLAVOR_GREAT_PEOPLE</FlavorType>
			<Flavor>-20</Flavor>
		</Row>
		<Row>
			<AIMilitaryStrategyType>MILITARYAISTRATEGY_AT_WAR</AIMilitaryStrategyType>
			<FlavorType>FLAVOR_RELIGION</FlavorType>
			<Flavor>-30</Flavor>
		</Row>
		<Row>
			<AIMilitaryStrategyType>MILITARYAISTRATEGY_AT_WAR</AIMilitaryStrategyType>
			<FlavorType>FLAVOR_DIPLOMACY</FlavorType>
			<Flavor>-50</Flavor>
		</Row>
		<Row>
			<AIMilitaryStrategyType>MILITARYAISTRATEGY_AT_WAR</AIMilitaryStrategyType>
			<FlavorType>FLAVOR_ARCHAEOLOGY</FlavorType>
			<Flavor>-40</Flavor>
		</Row>
		<Row>
			<AIMilitaryStrategyType>MILITARYAISTRATEGY_AT_WAR</AIMilitaryStrategyType>
			<FlavorType>FLAVOR_I_LAND_TRADE_ROUTE</FlavorType>
			<Flavor>-30</Flavor>
		</Row>
		<Row>
			<AIMilitaryStrategyType>MILITARYAISTRATEGY_AT_WAR</AIMilitaryStrategyType>
			<FlavorType>FLAVOR_I_SEA_TRADE_ROUTE</FlavorType>
			<Flavor>-30</Flavor>
		</Row>
		<Row>
			<AIMilitaryStrategyType>MILITARYAISTRATEGY_AT_WAR</AIMilitaryStrategyType>
			<FlavorType>FLAVOR_NAVAL_GROWTH</FlavorType>
			<Flavor>-30</Flavor>
		</Row>
		<Row>
			<AIMilitaryStrategyType>MILITARYAISTRATEGY_AT_WAR</AIMilitaryStrategyType>
			<FlavorType>FLAVOR_RECON</FlavorType>
			<Flavor>-25</Flavor>
		</Row>
		<Row>
			<AIMilitaryStrategyType>MILITARYAISTRATEGY_WINNING_WARS</AIMilitaryStrategyType>
			<FlavorType>FLAVOR_OFFENSE</FlavorType>
			<Flavor>60</Flavor>
		</Row>
		<Row>
			<AIMilitaryStrategyType>MILITARYAISTRATEGY_WINNING_WARS</AIMilitaryStrategyType>
			<FlavorType>FLAVOR_MOBILE</FlavorType>
			<Flavor>50</Flavor>
		</Row>
		<Row>
			<AIMilitaryStrategyType>MILITARYAISTRATEGY_WINNING_WARS</AIMilitaryStrategyType>
			<FlavorType>FLAVOR_DEFENSE</FlavorType>
			<Flavor>30</Flavor>
		</Row>
		<Row>
			<AIMilitaryStrategyType>MILITARYAISTRATEGY_WINNING_WARS</AIMilitaryStrategyType>
			<FlavorType>FLAVOR_RANGED</FlavorType>
			<Flavor>60</Flavor>
		</Row>
		<Row>
			<AIMilitaryStrategyType>MILITARYAISTRATEGY_WINNING_WARS</AIMilitaryStrategyType>
			<FlavorType>FLAVOR_NAVAL</FlavorType>
			<Flavor>30</Flavor>
		</Row>
		<Row>
			<AIMilitaryStrategyType>MILITARYAISTRATEGY_WINNING_WARS</AIMilitaryStrategyType>
			<FlavorType>FLAVOR_NAVAL_RECON</FlavorType>
			<Flavor>30</Flavor>
		</Row>
		<Row>
			<AIMilitaryStrategyType>MILITARYAISTRATEGY_WINNING_WARS</AIMilitaryStrategyType>
			<FlavorType>FLAVOR_AIR</FlavorType>
			<Flavor>50</Flavor>
		</Row>
		<Row>
			<AIMilitaryStrategyType>MILITARYAISTRATEGY_WINNING_WARS</AIMilitaryStrategyType>
			<FlavorType>FLAVOR_CITY_DEFENSE</FlavorType>
			<Flavor>-30</Flavor>
		</Row>
		<Row>
			<AIMilitaryStrategyType>MILITARYAISTRATEGY_WINNING_WARS</AIMilitaryStrategyType>
			<FlavorType>FLAVOR_MILITARY_TRAINING</FlavorType>
			<Flavor>10</Flavor>
		</Row>
		<Row>
			<AIMilitaryStrategyType>MILITARYAISTRATEGY_WINNING_WARS</AIMilitaryStrategyType>
			<FlavorType>FLAVOR_WONDER</FlavorType>
			<Flavor>-10</Flavor>
		</Row>
		<Row>
			<AIMilitaryStrategyType>MILITARYAISTRATEGY_WINNING_WARS</AIMilitaryStrategyType>
			<FlavorType>FLAVOR_EXPANSION</FlavorType>
			<Flavor>-10</Flavor>
		</Row>
		<Row>
			<AIMilitaryStrategyType>MILITARYAISTRATEGY_WINNING_WARS</AIMilitaryStrategyType>
			<FlavorType>FLAVOR_CULTURE</FlavorType>
			<Flavor>-10</Flavor>
		</Row>
		<Row>
			<AIMilitaryStrategyType>MILITARYAISTRATEGY_WINNING_WARS</AIMilitaryStrategyType>
			<FlavorType>FLAVOR_PRODUCTION</FlavorType>
			<Flavor>20</Flavor>
		</Row>
		<Row>
			<AIMilitaryStrategyType>MILITARYAISTRATEGY_WINNING_WARS</AIMilitaryStrategyType>
			<FlavorType>FLAVOR_GROWTH</FlavorType>
			<Flavor>-10</Flavor>
		</Row>
		<Row>
			<AIMilitaryStrategyType>MILITARYAISTRATEGY_WINNING_WARS</AIMilitaryStrategyType>
			<FlavorType>FLAVOR_SCIENCE</FlavorType>
			<Flavor>-10</Flavor>
		</Row>
		<Row>
			<AIMilitaryStrategyType>MILITARYAISTRATEGY_WINNING_WARS</AIMilitaryStrategyType>
			<FlavorType>FLAVOR_INFRASTRUCTURE</FlavorType>
			<Flavor>-10</Flavor>
		</Row>
		<Row>
			<AIMilitaryStrategyType>MILITARYAISTRATEGY_WINNING_WARS</AIMilitaryStrategyType>
			<FlavorType>FLAVOR_GOLD</FlavorType>
			<Flavor>10</Flavor>
		</Row>
		<Row>
			<AIMilitaryStrategyType>MILITARYAISTRATEGY_WINNING_WARS</AIMilitaryStrategyType>
			<FlavorType>FLAVOR_HAPPINESS</FlavorType>
			<Flavor>20</Flavor>
		</Row>
		<Row>
			<AIMilitaryStrategyType>MILITARYAISTRATEGY_WINNING_WARS</AIMilitaryStrategyType>
			<FlavorType>FLAVOR_GREAT_PEOPLE</FlavorType>
			<Flavor>-10</Flavor>
		</Row>
		<Row>
			<AIMilitaryStrategyType>MILITARYAISTRATEGY_WINNING_WARS</AIMilitaryStrategyType>
			<FlavorType>FLAVOR_RELIGION</FlavorType>
			<Flavor>-10</Flavor>
		</Row>
		<Row>
			<AIMilitaryStrategyType>MILITARYAISTRATEGY_WINNING_WARS</AIMilitaryStrategyType>
			<FlavorType>FLAVOR_DIPLOMACY</FlavorType>
			<Flavor>-30</Flavor>
		</Row>
		<Row>
			<AIMilitaryStrategyType>MILITARYAISTRATEGY_WINNING_WARS</AIMilitaryStrategyType>
			<FlavorType>FLAVOR_ARCHAEOLOGY</FlavorType>
			<Flavor>-30</Flavor>
		</Row>
		<Row>
			<AIMilitaryStrategyType>MILITARYAISTRATEGY_WINNING_WARS</AIMilitaryStrategyType>
			<FlavorType>FLAVOR_I_LAND_TRADE_ROUTE</FlavorType>
			<Flavor>-20</Flavor>
		</Row>
		<Row>
			<AIMilitaryStrategyType>MILITARYAISTRATEGY_WINNING_WARS</AIMilitaryStrategyType>
			<FlavorType>FLAVOR_I_SEA_TRADE_ROUTE</FlavorType>
			<Flavor>-20</Flavor>
		</Row>
		<Row>
			<AIMilitaryStrategyType>MILITARYAISTRATEGY_WINNING_WARS</AIMilitaryStrategyType>
			<FlavorType>FLAVOR_NAVAL_GROWTH</FlavorType>
			<Flavor>-10</Flavor>
		</Row>
		<Row>
			<AIMilitaryStrategyType>MILITARYAISTRATEGY_WINNING_WARS</AIMilitaryStrategyType>
			<FlavorType>FLAVOR_RECON</FlavorType>
			<Flavor>20</Flavor>
		</Row>
		<Row>
			<AIMilitaryStrategyType>MILITARYAISTRATEGY_LOSING_WARS</AIMilitaryStrategyType>
			<FlavorType>FLAVOR_OFFENSE</FlavorType>
			<Flavor>20</Flavor>
		</Row>
		<Row>
			<AIMilitaryStrategyType>MILITARYAISTRATEGY_LOSING_WARS</AIMilitaryStrategyType>
			<FlavorType>FLAVOR_MOBILE</FlavorType>
			<Flavor>15</Flavor>
		</Row>
		<Row>
			<AIMilitaryStrategyType>MILITARYAISTRATEGY_LOSING_WARS</AIMilitaryStrategyType>
			<FlavorType>FLAVOR_DEFENSE</FlavorType>
			<Flavor>100</Flavor>
		</Row>
		<Row>
			<AIMilitaryStrategyType>MILITARYAISTRATEGY_LOSING_WARS</AIMilitaryStrategyType>
			<FlavorType>FLAVOR_RANGED</FlavorType>
			<Flavor>30</Flavor>
		</Row>
		<Row>
			<AIMilitaryStrategyType>MILITARYAISTRATEGY_LOSING_WARS</AIMilitaryStrategyType>
			<FlavorType>FLAVOR_NAVAL</FlavorType>
			<Flavor>20</Flavor>
		</Row>
		<Row>
			<AIMilitaryStrategyType>MILITARYAISTRATEGY_LOSING_WARS</AIMilitaryStrategyType>
			<FlavorType>FLAVOR_NAVAL_RECON</FlavorType>
			<Flavor>20</Flavor>
		</Row>
		<Row>
			<AIMilitaryStrategyType>MILITARYAISTRATEGY_LOSING_WARS</AIMilitaryStrategyType>
			<FlavorType>FLAVOR_AIR</FlavorType>
			<Flavor>30</Flavor>
		</Row>
		<Row>
			<AIMilitaryStrategyType>MILITARYAISTRATEGY_LOSING_WARS</AIMilitaryStrategyType>
			<FlavorType>FLAVOR_CITY_DEFENSE</FlavorType>
			<Flavor>50</Flavor>
		</Row>
		<Row>
			<AIMilitaryStrategyType>MILITARYAISTRATEGY_LOSING_WARS</AIMilitaryStrategyType>
			<FlavorType>FLAVOR_MILITARY_TRAINING</FlavorType>
			<Flavor>5</Flavor>
		</Row>
		<Row>
			<AIMilitaryStrategyType>MILITARYAISTRATEGY_LOSING_WARS</AIMilitaryStrategyType>
			<FlavorType>FLAVOR_WONDER</FlavorType>
			<Flavor>-150</Flavor>
		</Row>
		<Row>
			<AIMilitaryStrategyType>MILITARYAISTRATEGY_LOSING_WARS</AIMilitaryStrategyType>
			<FlavorType>FLAVOR_EXPANSION</FlavorType>
			<Flavor>-150</Flavor>
		</Row>
		<Row>
			<AIMilitaryStrategyType>MILITARYAISTRATEGY_LOSING_WARS</AIMilitaryStrategyType>
			<FlavorType>FLAVOR_CULTURE</FlavorType>
			<Flavor>-40</Flavor>
		</Row>
		<Row>
			<AIMilitaryStrategyType>MILITARYAISTRATEGY_LOSING_WARS</AIMilitaryStrategyType>
			<FlavorType>FLAVOR_PRODUCTION</FlavorType>
			<Flavor>20</Flavor>
		</Row>
		<Row>
			<AIMilitaryStrategyType>MILITARYAISTRATEGY_LOSING_WARS</AIMilitaryStrategyType>
			<FlavorType>FLAVOR_GROWTH</FlavorType>
			<Flavor>-40</Flavor>
		</Row>
		<Row>
			<AIMilitaryStrategyType>MILITARYAISTRATEGY_LOSING_WARS</AIMilitaryStrategyType>
			<FlavorType>FLAVOR_SCIENCE</FlavorType>
			<Flavor>-25</Flavor>
		</Row>
		<Row>
			<AIMilitaryStrategyType>MILITARYAISTRATEGY_LOSING_WARS</AIMilitaryStrategyType>
			<FlavorType>FLAVOR_INFRASTRUCTURE</FlavorType>
			<Flavor>-40</Flavor>
		</Row>
		<Row>
			<AIMilitaryStrategyType>MILITARYAISTRATEGY_LOSING_WARS</AIMilitaryStrategyType>
			<FlavorType>FLAVOR_GOLD</FlavorType>
			<Flavor>-15</Flavor>
		</Row>
		<Row>
			<AIMilitaryStrategyType>MILITARYAISTRATEGY_LOSING_WARS</AIMilitaryStrategyType>
			<FlavorType>FLAVOR_HAPPINESS</FlavorType>
			<Flavor>-15</Flavor>
		</Row>
		<Row>
			<AIMilitaryStrategyType>MILITARYAISTRATEGY_LOSING_WARS</AIMilitaryStrategyType>
			<FlavorType>FLAVOR_GREAT_PEOPLE</FlavorType>
			<Flavor>-40</Flavor>
		</Row>
		<Row>
			<AIMilitaryStrategyType>MILITARYAISTRATEGY_LOSING_WARS</AIMilitaryStrategyType>
			<FlavorType>FLAVOR_RELIGION</FlavorType>
			<Flavor>-40</Flavor>
		</Row>
		<Row>
			<AIMilitaryStrategyType>MILITARYAISTRATEGY_LOSING_WARS</AIMilitaryStrategyType>
			<FlavorType>FLAVOR_DIPLOMACY</FlavorType>
			<Flavor>-60</Flavor>
		</Row>
		<Row>
			<AIMilitaryStrategyType>MILITARYAISTRATEGY_LOSING_WARS</AIMilitaryStrategyType>
			<FlavorType>FLAVOR_ARCHAEOLOGY</FlavorType>
			<Flavor>-60</Flavor>
		</Row>
		<Row>
			<AIMilitaryStrategyType>MILITARYAISTRATEGY_LOSING_WARS</AIMilitaryStrategyType>
			<FlavorType>FLAVOR_I_LAND_TRADE_ROUTE</FlavorType>
			<Flavor>-50</Flavor>
		</Row>
		<Row>
			<AIMilitaryStrategyType>MILITARYAISTRATEGY_LOSING_WARS</AIMilitaryStrategyType>
			<FlavorType>FLAVOR_I_SEA_TRADE_ROUTE</FlavorType>
			<Flavor>-50</Flavor>
		</Row>
		<Row>
			<AIMilitaryStrategyType>MILITARYAISTRATEGY_LOSING_WARS</AIMilitaryStrategyType>
			<FlavorType>FLAVOR_NAVAL_GROWTH</FlavorType>
			<Flavor>-40</Flavor>
		</Row>
		<Row>
			<AIMilitaryStrategyType>MILITARYAISTRATEGY_LOSING_WARS</AIMilitaryStrategyType>
			<FlavorType>FLAVOR_RECON</FlavorType>
			<Flavor>-40</Flavor>
		</Row>
	</AIMilitaryStrategy_City_Flavors>
	<AIMilitaryStrategy_Player_Flavors>
		<Row>
			<AIMilitaryStrategyType>MILITARYAISTRATEGY_AT_WAR</AIMilitaryStrategyType>
			<FlavorType>FLAVOR_OFFENSE</FlavorType>
			<Flavor>40</Flavor>
		</Row>
		<Row>
			<AIMilitaryStrategyType>MILITARYAISTRATEGY_AT_WAR</AIMilitaryStrategyType>
			<FlavorType>FLAVOR_MOBILE</FlavorType>
			<Flavor>30</Flavor>
		</Row>
		<Row>
			<AIMilitaryStrategyType>MILITARYAISTRATEGY_AT_WAR</AIMilitaryStrategyType>
			<FlavorType>FLAVOR_DEFENSE</FlavorType>
			<Flavor>40</Flavor>
		</Row>
		<Row>
			<AIMilitaryStrategyType>MILITARYAISTRATEGY_AT_WAR</AIMilitaryStrategyType>
			<FlavorType>FLAVOR_RANGED</FlavorType>
			<Flavor>30</Flavor>
		</Row>
		<Row>
			<AIMilitaryStrategyType>MILITARYAISTRATEGY_AT_WAR</AIMilitaryStrategyType>
			<FlavorType>FLAVOR_NAVAL</FlavorType>
			<Flavor>20</Flavor>
		</Row>
		<Row>
			<AIMilitaryStrategyType>MILITARYAISTRATEGY_AT_WAR</AIMilitaryStrategyType>
			<FlavorType>FLAVOR_NAVAL_RECON</FlavorType>
			<Flavor>20</Flavor>
		</Row>
		<Row>
			<AIMilitaryStrategyType>MILITARYAISTRATEGY_AT_WAR</AIMilitaryStrategyType>
			<FlavorType>FLAVOR_AIR</FlavorType>
			<Flavor>40</Flavor>
		</Row>
		<Row>
			<AIMilitaryStrategyType>MILITARYAISTRATEGY_AT_WAR</AIMilitaryStrategyType>
			<FlavorType>FLAVOR_CITY_DEFENSE</FlavorType>
			<Flavor>20</Flavor>
		</Row>
		<Row>
			<AIMilitaryStrategyType>MILITARYAISTRATEGY_AT_WAR</AIMilitaryStrategyType>
			<FlavorType>FLAVOR_MILITARY_TRAINING</FlavorType>
			<Flavor>15</Flavor>
		</Row>
		<Row>
			<AIMilitaryStrategyType>MILITARYAISTRATEGY_AT_WAR</AIMilitaryStrategyType>
			<FlavorType>FLAVOR_WONDER</FlavorType>
			<Flavor>-20</Flavor>
		</Row>
		<Row>
			<AIMilitaryStrategyType>MILITARYAISTRATEGY_AT_WAR</AIMilitaryStrategyType>
			<FlavorType>FLAVOR_EXPANSION</FlavorType>
			<Flavor>-30</Flavor>
		</Row>
		<Row>
			<AIMilitaryStrategyType>MILITARYAISTRATEGY_AT_WAR</AIMilitaryStrategyType>
			<FlavorType>FLAVOR_CULTURE</FlavorType>
			<Flavor>-10</Flavor>
		</Row>
		<Row>
			<AIMilitaryStrategyType>MILITARYAISTRATEGY_AT_WAR</AIMilitaryStrategyType>
			<FlavorType>FLAVOR_PRODUCTION</FlavorType>
			<Flavor>10</Flavor>
		</Row>
		<Row>
			<AIMilitaryStrategyType>MILITARYAISTRATEGY_AT_WAR</AIMilitaryStrategyType>
			<FlavorType>FLAVOR_GROWTH</FlavorType>
			<Flavor>-10</Flavor>
		</Row>
		<Row>
			<AIMilitaryStrategyType>MILITARYAISTRATEGY_AT_WAR</AIMilitaryStrategyType>
			<FlavorType>FLAVOR_SCIENCE</FlavorType>
			<Flavor>-10</Flavor>
		</Row>
		<Row>
			<AIMilitaryStrategyType>MILITARYAISTRATEGY_AT_WAR</AIMilitaryStrategyType>
			<FlavorType>FLAVOR_INFRASTRUCTURE</FlavorType>
			<Flavor>-20</Flavor>
		</Row>
		<Row>
			<AIMilitaryStrategyType>MILITARYAISTRATEGY_AT_WAR</AIMilitaryStrategyType>
			<FlavorType>FLAVOR_GOLD</FlavorType>
			<Flavor>-5</Flavor>
		</Row>
		<Row>
			<AIMilitaryStrategyType>MILITARYAISTRATEGY_AT_WAR</AIMilitaryStrategyType>
			<FlavorType>FLAVOR_HAPPINESS</FlavorType>
			<Flavor>-5</Flavor>
		</Row>
		<Row>
			<AIMilitaryStrategyType>MILITARYAISTRATEGY_AT_WAR</AIMilitaryStrategyType>
			<FlavorType>FLAVOR_GREAT_PEOPLE</FlavorType>
			<Flavor>-10</Flavor>
		</Row>
		<Row>
			<AIMilitaryStrategyType>MILITARYAISTRATEGY_AT_WAR</AIMilitaryStrategyType>
			<FlavorType>FLAVOR_RELIGION</FlavorType>
			<Flavor>-20</Flavor>
		</Row>
		<Row>
			<AIMilitaryStrategyType>MILITARYAISTRATEGY_AT_WAR</AIMilitaryStrategyType>
			<FlavorType>FLAVOR_DIPLOMACY</FlavorType>
			<Flavor>-20</Flavor>
		</Row>
		<Row>
			<AIMilitaryStrategyType>MILITARYAISTRATEGY_AT_WAR</AIMilitaryStrategyType>
			<FlavorType>FLAVOR_ARCHAEOLOGY</FlavorType>
			<Flavor>-20</Flavor>
		</Row>
		<Row>
			<AIMilitaryStrategyType>MILITARYAISTRATEGY_AT_WAR</AIMilitaryStrategyType>
			<FlavorType>FLAVOR_I_LAND_TRADE_ROUTE</FlavorType>
			<Flavor>-10</Flavor>
		</Row>
		<Row>
			<AIMilitaryStrategyType>MILITARYAISTRATEGY_AT_WAR</AIMilitaryStrategyType>
			<FlavorType>FLAVOR_I_SEA_TRADE_ROUTE</FlavorType>
			<Flavor>-10</Flavor>
		</Row>
		<Row>
			<AIMilitaryStrategyType>MILITARYAISTRATEGY_AT_WAR</AIMilitaryStrategyType>
			<FlavorType>FLAVOR_NAVAL_GROWTH</FlavorType>
			<Flavor>-10</Flavor>
		</Row>
		<Row>
			<AIMilitaryStrategyType>MILITARYAISTRATEGY_AT_WAR</AIMilitaryStrategyType>
			<FlavorType>FLAVOR_RECON</FlavorType>
			<Flavor>-10</Flavor>
		</Row>
		<Row>
			<AIMilitaryStrategyType>MILITARYAISTRATEGY_WINNING_WARS</AIMilitaryStrategyType>
			<FlavorType>FLAVOR_OFFENSE</FlavorType>
			<Flavor>60</Flavor>
		</Row>
		<Row>
			<AIMilitaryStrategyType>MILITARYAISTRATEGY_WINNING_WARS</AIMilitaryStrategyType>
			<FlavorType>FLAVOR_MOBILE</FlavorType>
			<Flavor>50</Flavor>
		</Row>
		<Row>
			<AIMilitaryStrategyType>MILITARYAISTRATEGY_WINNING_WARS</AIMilitaryStrategyType>
			<FlavorType>FLAVOR_DEFENSE</FlavorType>
			<Flavor>30</Flavor>
		</Row>
		<Row>
			<AIMilitaryStrategyType>MILITARYAISTRATEGY_WINNING_WARS</AIMilitaryStrategyType>
			<FlavorType>FLAVOR_RANGED</FlavorType>
			<Flavor>40</Flavor>
		</Row>
		<Row>
			<AIMilitaryStrategyType>MILITARYAISTRATEGY_WINNING_WARS</AIMilitaryStrategyType>
			<FlavorType>FLAVOR_NAVAL</FlavorType>
			<Flavor>30</Flavor>
		</Row>
		<Row>
			<AIMilitaryStrategyType>MILITARYAISTRATEGY_WINNING_WARS</AIMilitaryStrategyType>
			<FlavorType>FLAVOR_NAVAL_RECON</FlavorType>
			<Flavor>20</Flavor>
		</Row>
		<Row>
			<AIMilitaryStrategyType>MILITARYAISTRATEGY_WINNING_WARS</AIMilitaryStrategyType>
			<FlavorType>FLAVOR_AIR</FlavorType>
			<Flavor>40</Flavor>
		</Row>
		<Row>
			<AIMilitaryStrategyType>MILITARYAISTRATEGY_WINNING_WARS</AIMilitaryStrategyType>
			<FlavorType>FLAVOR_CITY_DEFENSE</FlavorType>
			<Flavor>-20</Flavor>
		</Row>
		<Row>
			<AIMilitaryStrategyType>MILITARYAISTRATEGY_WINNING_WARS</AIMilitaryStrategyType>
			<FlavorType>FLAVOR_MILITARY_TRAINING</FlavorType>
			<Flavor>20</Flavor>
		</Row>
		<Row>
			<AIMilitaryStrategyType>MILITARYAISTRATEGY_WINNING_WARS</AIMilitaryStrategyType>
			<FlavorType>FLAVOR_WONDER</FlavorType>
			<Flavor>-10</Flavor>
		</Row>
		<Row>
			<AIMilitaryStrategyType>MILITARYAISTRATEGY_WINNING_WARS</AIMilitaryStrategyType>
			<FlavorType>FLAVOR_EXPANSION</FlavorType>
			<Flavor>-10</Flavor>
		</Row>
		<Row>
			<AIMilitaryStrategyType>MILITARYAISTRATEGY_WINNING_WARS</AIMilitaryStrategyType>
			<FlavorType>FLAVOR_CULTURE</FlavorType>
			<Flavor>-10</Flavor>
		</Row>
		<Row>
			<AIMilitaryStrategyType>MILITARYAISTRATEGY_WINNING_WARS</AIMilitaryStrategyType>
			<FlavorType>FLAVOR_PRODUCTION</FlavorType>
			<Flavor>15</Flavor>
		</Row>
		<Row>
			<AIMilitaryStrategyType>MILITARYAISTRATEGY_WINNING_WARS</AIMilitaryStrategyType>
			<FlavorType>FLAVOR_GROWTH</FlavorType>
			<Flavor>-10</Flavor>
		</Row>
		<Row>
			<AIMilitaryStrategyType>MILITARYAISTRATEGY_WINNING_WARS</AIMilitaryStrategyType>
			<FlavorType>FLAVOR_SCIENCE</FlavorType>
			<Flavor>-10</Flavor>
		</Row>
		<Row>
			<AIMilitaryStrategyType>MILITARYAISTRATEGY_WINNING_WARS</AIMilitaryStrategyType>
			<FlavorType>FLAVOR_INFRASTRUCTURE</FlavorType>
			<Flavor>-10</Flavor>
		</Row>
		<Row>
			<AIMilitaryStrategyType>MILITARYAISTRATEGY_WINNING_WARS</AIMilitaryStrategyType>
			<FlavorType>FLAVOR_GOLD</FlavorType>
			<Flavor>20</Flavor>
		</Row>
		<Row>
			<AIMilitaryStrategyType>MILITARYAISTRATEGY_WINNING_WARS</AIMilitaryStrategyType>
			<FlavorType>FLAVOR_HAPPINESS</FlavorType>
			<Flavor>20</Flavor>
		</Row>
		<Row>
			<AIMilitaryStrategyType>MILITARYAISTRATEGY_WINNING_WARS</AIMilitaryStrategyType>
			<FlavorType>FLAVOR_GREAT_PEOPLE</FlavorType>
			<Flavor>-10</Flavor>
		</Row>
		<Row>
			<AIMilitaryStrategyType>MILITARYAISTRATEGY_WINNING_WARS</AIMilitaryStrategyType>
			<FlavorType>FLAVOR_RELIGION</FlavorType>
			<Flavor>-10</Flavor>
		</Row>
		<Row>
			<AIMilitaryStrategyType>MILITARYAISTRATEGY_WINNING_WARS</AIMilitaryStrategyType>
			<FlavorType>FLAVOR_DIPLOMACY</FlavorType>
			<Flavor>-10</Flavor>
		</Row>
		<Row>
			<AIMilitaryStrategyType>MILITARYAISTRATEGY_WINNING_WARS</AIMilitaryStrategyType>
			<FlavorType>FLAVOR_ARCHAEOLOGY</FlavorType>
			<Flavor>-10</Flavor>
		</Row>
		<Row>
			<AIMilitaryStrategyType>MILITARYAISTRATEGY_WINNING_WARS</AIMilitaryStrategyType>
			<FlavorType>FLAVOR_I_LAND_TRADE_ROUTE</FlavorType>
			<Flavor>-20</Flavor>
		</Row>
		<Row>
			<AIMilitaryStrategyType>MILITARYAISTRATEGY_WINNING_WARS</AIMilitaryStrategyType>
			<FlavorType>FLAVOR_I_SEA_TRADE_ROUTE</FlavorType>
			<Flavor>-20</Flavor>
		</Row>
		<Row>
			<AIMilitaryStrategyType>MILITARYAISTRATEGY_WINNING_WARS</AIMilitaryStrategyType>
			<FlavorType>FLAVOR_NAVAL_GROWTH</FlavorType>
			<Flavor>-10</Flavor>
		</Row>
		<Row>
			<AIMilitaryStrategyType>MILITARYAISTRATEGY_WINNING_WARS</AIMilitaryStrategyType>
			<FlavorType>FLAVOR_RECON</FlavorType>
			<Flavor>10</Flavor>
		</Row>
		<Row>
			<AIMilitaryStrategyType>MILITARYAISTRATEGY_LOSING_WARS</AIMilitaryStrategyType>
			<FlavorType>FLAVOR_OFFENSE</FlavorType>
			<Flavor>20</Flavor>
		</Row>
		<Row>
			<AIMilitaryStrategyType>MILITARYAISTRATEGY_LOSING_WARS</AIMilitaryStrategyType>
			<FlavorType>FLAVOR_MOBILE</FlavorType>
			<Flavor>15</Flavor>
		</Row>
		<Row>
			<AIMilitaryStrategyType>MILITARYAISTRATEGY_LOSING_WARS</AIMilitaryStrategyType>
			<FlavorType>FLAVOR_DEFENSE</FlavorType>
			<Flavor>100</Flavor>
		</Row>
		<Row>
			<AIMilitaryStrategyType>MILITARYAISTRATEGY_LOSING_WARS</AIMilitaryStrategyType>
			<FlavorType>FLAVOR_RANGED</FlavorType>
			<Flavor>20</Flavor>
		</Row>
		<Row>
			<AIMilitaryStrategyType>MILITARYAISTRATEGY_LOSING_WARS</AIMilitaryStrategyType>
			<FlavorType>FLAVOR_NAVAL</FlavorType>
			<Flavor>20</Flavor>
		</Row>
		<Row>
			<AIMilitaryStrategyType>MILITARYAISTRATEGY_LOSING_WARS</AIMilitaryStrategyType>
			<FlavorType>FLAVOR_NAVAL_RECON</FlavorType>
			<Flavor>20</Flavor>
		</Row>
		<Row>
			<AIMilitaryStrategyType>MILITARYAISTRATEGY_LOSING_WARS</AIMilitaryStrategyType>
			<FlavorType>FLAVOR_AIR</FlavorType>
			<Flavor>30</Flavor>
		</Row>
		<Row>
			<AIMilitaryStrategyType>MILITARYAISTRATEGY_LOSING_WARS</AIMilitaryStrategyType>
			<FlavorType>FLAVOR_CITY_DEFENSE</FlavorType>
			<Flavor>40</Flavor>
		</Row>
		<Row>
			<AIMilitaryStrategyType>MILITARYAISTRATEGY_LOSING_WARS</AIMilitaryStrategyType>
			<FlavorType>FLAVOR_MILITARY_TRAINING</FlavorType>
			<Flavor>-20</Flavor>
		</Row>
		<Row>
			<AIMilitaryStrategyType>MILITARYAISTRATEGY_LOSING_WARS</AIMilitaryStrategyType>
			<FlavorType>FLAVOR_WONDER</FlavorType>
			<Flavor>-50</Flavor>
		</Row>
		<Row>
			<AIMilitaryStrategyType>MILITARYAISTRATEGY_LOSING_WARS</AIMilitaryStrategyType>
			<FlavorType>FLAVOR_EXPANSION</FlavorType>
			<Flavor>-60</Flavor>
		</Row>
		<Row>
			<AIMilitaryStrategyType>MILITARYAISTRATEGY_LOSING_WARS</AIMilitaryStrategyType>
			<FlavorType>FLAVOR_CULTURE</FlavorType>
			<Flavor>-50</Flavor>
		</Row>
		<Row>
			<AIMilitaryStrategyType>MILITARYAISTRATEGY_LOSING_WARS</AIMilitaryStrategyType>
			<FlavorType>FLAVOR_PRODUCTION</FlavorType>
			<Flavor>10</Flavor>
		</Row>
		<Row>
			<AIMilitaryStrategyType>MILITARYAISTRATEGY_LOSING_WARS</AIMilitaryStrategyType>
			<FlavorType>FLAVOR_GROWTH</FlavorType>
			<Flavor>-30</Flavor>
		</Row>
		<Row>
			<AIMilitaryStrategyType>MILITARYAISTRATEGY_LOSING_WARS</AIMilitaryStrategyType>
			<FlavorType>FLAVOR_SCIENCE</FlavorType>
			<Flavor>-15</Flavor>
		</Row>
		<Row>
			<AIMilitaryStrategyType>MILITARYAISTRATEGY_LOSING_WARS</AIMilitaryStrategyType>
			<FlavorType>FLAVOR_INFRASTRUCTURE</FlavorType>
			<Flavor>-15</Flavor>
		</Row>
		<Row>
			<AIMilitaryStrategyType>MILITARYAISTRATEGY_LOSING_WARS</AIMilitaryStrategyType>
			<FlavorType>FLAVOR_GOLD</FlavorType>
			<Flavor>-10</Flavor>
		</Row>
		<Row>
			<AIMilitaryStrategyType>MILITARYAISTRATEGY_LOSING_WARS</AIMilitaryStrategyType>
			<FlavorType>FLAVOR_HAPPINESS</FlavorType>
			<Flavor>-10</Flavor>
		</Row>
		<Row>
			<AIMilitaryStrategyType>MILITARYAISTRATEGY_LOSING_WARS</AIMilitaryStrategyType>
			<FlavorType>FLAVOR_GREAT_PEOPLE</FlavorType>
			<Flavor>-20</Flavor>
		</Row>
		<Row>
			<AIMilitaryStrategyType>MILITARYAISTRATEGY_LOSING_WARS</AIMilitaryStrategyType>
			<FlavorType>FLAVOR_RELIGION</FlavorType>
			<Flavor>-40</Flavor>
		</Row>
		<Row>
			<AIMilitaryStrategyType>MILITARYAISTRATEGY_LOSING_WARS</AIMilitaryStrategyType>
			<FlavorType>FLAVOR_DIPLOMACY</FlavorType>
			<Flavor>-40</Flavor>
		</Row>
		<Row>
			<AIMilitaryStrategyType>MILITARYAISTRATEGY_LOSING_WARS</AIMilitaryStrategyType>
			<FlavorType>FLAVOR_ARCHAEOLOGY</FlavorType>
			<Flavor>-40</Flavor>
		</Row>
		<Row>
			<AIMilitaryStrategyType>MILITARYAISTRATEGY_LOSING_WARS</AIMilitaryStrategyType>
			<FlavorType>FLAVOR_I_LAND_TRADE_ROUTE</FlavorType>
			<Flavor>-30</Flavor>
		</Row>
		<Row>
			<AIMilitaryStrategyType>MILITARYAISTRATEGY_LOSING_WARS</AIMilitaryStrategyType>
			<FlavorType>FLAVOR_I_SEA_TRADE_ROUTE</FlavorType>
			<Flavor>-30</Flavor>
		</Row>
		<Row>
			<AIMilitaryStrategyType>MILITARYAISTRATEGY_LOSING_WARS</AIMilitaryStrategyType>
			<FlavorType>FLAVOR_NAVAL_GROWTH</FlavorType>
			<Flavor>-40</Flavor>
		</Row>
		<Row>
			<AIMilitaryStrategyType>MILITARYAISTRATEGY_LOSING_WARS</AIMilitaryStrategyType>
			<FlavorType>FLAVOR_RECON</FlavorType>
			<Flavor>-20</Flavor>
		</Row>
	</AIMilitaryStrategy_Player_Flavors>
	<AIEconomicStrategy_City_Flavors>
		<Row>
			<AIEconomicStrategyType>ECONOMICAISTRATEGY_NAVAL_MAP</AIEconomicStrategyType>
			<FlavorType>FLAVOR_I_LAND_TRADE_ROUTE</FlavorType>
			<Flavor>-100</Flavor>
		</Row>
		<Row>
			<AIEconomicStrategyType>ECONOMICAISTRATEGY_NAVAL_MAP</AIEconomicStrategyType>
			<FlavorType>FLAVOR_OFFENSE</FlavorType>
			<Flavor>-30</Flavor>
		</Row>
		<Row>
			<AIEconomicStrategyType>ECONOMICAISTRATEGY_NAVAL_MAP</AIEconomicStrategyType>
			<FlavorType>FLAVOR_DEFENSE</FlavorType>
			<Flavor>-30</Flavor>
		</Row>
		<Row>
			<AIEconomicStrategyType>ECONOMICAISTRATEGY_NAVAL_MAP</AIEconomicStrategyType>
			<FlavorType>FLAVOR_MOBILE</FlavorType>
			<Flavor>-30</Flavor>
		</Row>
		<Row>
			<AIEconomicStrategyType>ECONOMICAISTRATEGY_OFFSHORE_EXPANSION_MAP</AIEconomicStrategyType>
			<FlavorType>FLAVOR_I_LAND_TRADE_ROUTE</FlavorType>
			<Flavor>-30</Flavor>
		</Row>
		<Row>
			<AIEconomicStrategyType>ECONOMICAISTRATEGY_OFFSHORE_EXPANSION_MAP</AIEconomicStrategyType>
			<FlavorType>FLAVOR_OFFENSE</FlavorType>
			<Flavor>-15</Flavor>
		</Row>
		<Row>
			<AIEconomicStrategyType>ECONOMICAISTRATEGY_OFFSHORE_EXPANSION_MAP</AIEconomicStrategyType>
			<FlavorType>FLAVOR_DEFENSE</FlavorType>
			<Flavor>-15</Flavor>
		</Row>
		<Row>
			<AIEconomicStrategyType>ECONOMICAISTRATEGY_OFFSHORE_EXPANSION_MAP</AIEconomicStrategyType>
			<FlavorType>FLAVOR_MOBILE</FlavorType>
			<Flavor>-15</Flavor>
		</Row>
		<Row>
			<AIEconomicStrategyType>ECONOMICAISTRATEGY_TOO_MANY_UNITS</AIEconomicStrategyType>
			<FlavorType>FLAVOR_ANTIAIR</FlavorType>
			<Flavor>-300</Flavor>
		</Row>
		<Row>
			<AIEconomicStrategyType>ECONOMICAISTRATEGY_TOO_MANY_UNITS</AIEconomicStrategyType>
			<FlavorType>FLAVOR_AIR</FlavorType>
			<Flavor>-300</Flavor>
		</Row>
		<Row>
			<AIEconomicStrategyType>ECONOMICAISTRATEGY_LOSING_MONEY</AIEconomicStrategyType>
			<FlavorType>FLAVOR_ANTIAIR</FlavorType>
			<Flavor>-300</Flavor>
		</Row>
		<Row>
			<AIEconomicStrategyType>ECONOMICAISTRATEGY_LOSING_MONEY</AIEconomicStrategyType>
			<FlavorType>FLAVOR_AIR</FlavorType>
			<Flavor>-300</Flavor>
		</Row>
		<Row>
			<AIEconomicStrategyType>ECONOMICAISTRATEGY_LOSING_MONEY</AIEconomicStrategyType>
			<FlavorType>FLAVOR_MOBILE</FlavorType>
			<Flavor>-300</Flavor>
		</Row>
		<Row>
			<AIEconomicStrategyType>ECONOMICAISTRATEGY_LOSING_MONEY</AIEconomicStrategyType>
			<FlavorType>FLAVOR_NAVAL</FlavorType>
			<Flavor>-300</Flavor>
		</Row>
		<Row>
			<AIEconomicStrategyType>ECONOMICAISTRATEGY_LOSING_MONEY</AIEconomicStrategyType>
			<FlavorType>FLAVOR_NAVAL_RECON</FlavorType>
			<Flavor>-300</Flavor>
		</Row>
		<Row>
			<AIEconomicStrategyType>ECONOMICAISTRATEGY_LOSING_MONEY</AIEconomicStrategyType>
			<FlavorType>FLAVOR_RANGED</FlavorType>
			<Flavor>-300</Flavor>
		</Row>
		<Row>
			<AIEconomicStrategyType>ECONOMICAISTRATEGY_LOSING_MONEY</AIEconomicStrategyType>
			<FlavorType>FLAVOR_RECON</FlavorType>
			<Flavor>-300</Flavor>
		</Row>
	</AIEconomicStrategy_City_Flavors>
	<AICityStrategy_Flavors>
		<Row>
			<AICityStrategyType>AICITYSTRATEGY_LARGE_CITY</AICityStrategyType>
			<FlavorType>FLAVOR_EXPANSION</FlavorType>
			<Flavor>30</Flavor>
		</Row>
		<Row>
			<AICityStrategyType>AICITYSTRATEGY_ENOUGH_TILE_IMPROVERS</AICityStrategyType>
			<FlavorType>FLAVOR_EXPANSION</FlavorType>
			<Flavor>40</Flavor>
		</Row>
		<Row>
			<AICityStrategyType>AICITYSTRATEGY_CAPITAL_NEED_SETTLER</AICityStrategyType>
			<FlavorType>FLAVOR_OFFENSE</FlavorType>
			<Flavor>100</Flavor>
		</Row>
	</AICityStrategy_Flavors>
	<AIEconomicStrategy_Player_Flavors>
		<Row>
			<AIEconomicStrategyType>ECONOMICAISTRATEGY_NEED_ARCHAEOLOGISTS</AIEconomicStrategyType>
			<FlavorType>FLAVOR_ARCHAEOLOGY</FlavorType>
			<Flavor>50</Flavor>
		</Row>
	</AIEconomicStrategy_Player_Flavors>
	<!-- Resource Change for Iron-->
	<Resource_FeatureBooleans>
		<Row>
			<ResourceType>RESOURCE_IRON</ResourceType>
			<FeatureType>FEATURE_FOREST</FeatureType>
		</Row>
	</Resource_FeatureBooleans>
	<Resource_FeatureTerrainBooleans>
		<Row>
			<ResourceType>RESOURCE_IRON</ResourceType>
			<TerrainType>TERRAIN_GRASS</TerrainType>
		</Row>
		<Row>
			<ResourceType>RESOURCE_IRON</ResourceType>
			<TerrainType>TERRAIN_PLAINS</TerrainType>
		</Row>
		<Row>
			<ResourceType>RESOURCE_IRON</ResourceType>
			<TerrainType>TERRAIN_TUNDRA</TerrainType>
		</Row>
		<Row>
			<ResourceType>RESOURCE_IRON</ResourceType>
			<TerrainType>TERRAIN_DESERT</TerrainType>
		</Row>
	</Resource_FeatureTerrainBooleans>

	
	<AIGrandStrategy_Yields>
		<Delete AIGrandStrategyType="AIGRANDSTRATEGY_CONQUEST"/>
		<Delete AIGrandStrategyType="AIGRANDSTRATEGY_CULTURE"/>
		<Delete AIGrandStrategyType="AIGRANDSTRATEGY_UNITED_NATIONS"/>
		<Delete AIGrandStrategyType="AIGRANDSTRATEGY_SPACESHIP"/>
		<Row>
			<AIGrandStrategyType>AIGRANDSTRATEGY_CONQUEST</AIGrandStrategyType>
			<YieldType>YIELD_PRODUCTION</YieldType>
			<Yield>400</Yield>
		</Row>
		<Row>
			<AIGrandStrategyType>AIGRANDSTRATEGY_CONQUEST</AIGrandStrategyType>
			<YieldType>YIELD_FOOD</YieldType>
			<Yield>300</Yield>
		</Row>
		<Row>
			<AIGrandStrategyType>AIGRANDSTRATEGY_CONQUEST</AIGrandStrategyType>
			<YieldType>YIELD_GOLD</YieldType>
			<Yield>200</Yield>
		</Row>
		<Row>
			<AIGrandStrategyType>AIGRANDSTRATEGY_CULTURE</AIGrandStrategyType>
			<YieldType>YIELD_CULTURE</YieldType>
			<Yield>400</Yield>
		</Row>
		<Row>
			<AIGrandStrategyType>AIGRANDSTRATEGY_CULTURE</AIGrandStrategyType>
			<YieldType>YIELD_FAITH</YieldType>
			<Yield>300</Yield>
		</Row>
		<Row>
			<AIGrandStrategyType>AIGRANDSTRATEGY_CULTURE</AIGrandStrategyType>
			<YieldType>YIELD_FOOD</YieldType>
			<Yield>200</Yield>
		</Row>
		<Row>
			<AIGrandStrategyType>AIGRANDSTRATEGY_UNITED_NATIONS</AIGrandStrategyType>
			<YieldType>YIELD_GOLD</YieldType>
			<Yield>400</Yield>
		</Row>
		<Row>
			<AIGrandStrategyType>AIGRANDSTRATEGY_UNITED_NATIONS</AIGrandStrategyType>
			<YieldType>YIELD_SCIENCE</YieldType>
			<Yield>300</Yield>
		</Row>
		<Row>
			<AIGrandStrategyType>AIGRANDSTRATEGY_UNITED_NATIONS</AIGrandStrategyType>
			<YieldType>YIELD_FOOD</YieldType>
			<Yield>200</Yield>
		</Row>
		<Row>
			<AIGrandStrategyType>AIGRANDSTRATEGY_SPACESHIP</AIGrandStrategyType>
			<YieldType>YIELD_SCIENCE</YieldType>
			<Yield>400</Yield>
		</Row>
		<Row>
			<AIGrandStrategyType>AIGRANDSTRATEGY_SPACESHIP</AIGrandStrategyType>
			<YieldType>YIELD_FOOD</YieldType>
			<Yield>300</Yield>
		</Row>
		<Row>
			<AIGrandStrategyType>AIGRANDSTRATEGY_SPACESHIP</AIGrandStrategyType>
			<YieldType>YIELD_PRODUCTION</YieldType>
			<Yield>200</Yield>
		</Row>
	</AIGrandStrategy_Yields>
</GameData>