<?xml version="1.0" encoding="utf-8"?>
<!-- Created by ModBuddy on 12/2/2014 4:56:13 PM -->
<GameData>
	<Unit_UniqueNames>
		<Row>
			<UnitType>UNIT_ARTIST</UnitType>
			<UniqueName>TXT_KEY_GREAT_PERSON_ZHAN_ZIQIAN</UniqueName>
			<GreatWorkType>GREAT_WORK_CHINESE_LANDSCAPE</GreatWorkType>
			<EraType>ERA_ANCIENT</EraType>
		</Row>
	</Unit_UniqueNames>
	<GreatWorks>
		<Row>
			<Type>GREAT_WORK_CHINESE_LANDSCAPE</Type>
			<GreatWorkClassType>GREAT_WORK_ART</GreatWorkClassType>
			<Description>TXT_KEY_GREAT_WORK_CHINESE_LANDSCAPE</Description>
			<Audio>AS2D_GREAT_ARTIST_ARTWORK</Audio>
			<Image>ancientchina.dds</Image>
		</Row>
	</GreatWorks>
	<Unit_UniqueNames>
		<Row>
			<UnitType>UNIT_ARTIST</UnitType>
			<UniqueName>TXT_KEY_GREAT_PERSON_MERYMOSE</UniqueName>
			<GreatWorkType>GREAT_WORK_EGYPTIAN_SCULPTURE</GreatWorkType>
			<EraType>ERA_ANCIENT</EraType>
		</Row>
	</Unit_UniqueNames>
	<GreatWorks>
		<Row>
			<Type>GREAT_WORK_EGYPTIAN_SCULPTURE</Type>
			<GreatWorkClassType>GREAT_WORK_ART</GreatWorkClassType>
			<Description>TXT_KEY_GREAT_WORK_EGYPTIAN_SCULPTURE</Description>
			<Audio>AS2D_GREAT_ARTIST_ARTWORK</Audio>
			<Image>egyptianmefertem.dds</Image>
		</Row>
	</GreatWorks>
	<Unit_UniqueNames>
		<Row>
			<UnitType>UNIT_ARTIST</UnitType>
			<UniqueName>TXT_KEY_GREAT_PERSON_KORYU_MIROKU</UniqueName>
			<GreatWorkType>GREAT_WORK_JAPANESE_LANDSCAPE</GreatWorkType>
			<EraType>ERA_ANCIENT</EraType>
		</Row>
	</Unit_UniqueNames>
	<GreatWorks>
		<Row>
			<Type>GREAT_WORK_JAPANESE_LANDSCAPE</Type>
			<GreatWorkClassType>GREAT_WORK_ART</GreatWorkClassType>
			<Description>TXT_KEY_GREAT_WORK_JAPANESE_LANDSCAPE</Description>
			<Audio>AS2D_GREAT_ARTIST_ARTWORK</Audio>
			<Image>ancientjapan.dds</Image>
		</Row>
	</GreatWorks>
	<Unit_UniqueNames>
		<Row>
			<UnitType>UNIT_ARTIST</UnitType>
			<UniqueName>TXT_KEY_GREAT_PERSON_POLYKLEITOS</UniqueName>
			<GreatWorkType>GREAT_WORK_AUGUSTUS</GreatWorkType>
			<EraType>ERA_CLASSICAL</EraType>
		</Row>
	</Unit_UniqueNames>
	<GreatWorks>
		<Row>
			<Type>GREAT_WORK_AUGUSTUS</Type>
			<GreatWorkClassType>GREAT_WORK_ART</GreatWorkClassType>
			<Description>TXT_KEY_GREAT_WORK_AUGUSTUS</Description>
			<Audio>AS2D_GREAT_ARTIST_ARTWORK</Audio>
			<Image>augustusstatue.dds</Image>
		</Row>
	</GreatWorks>
	<Unit_UniqueNames>
		<Row>
			<UnitType>UNIT_ARTIST</UnitType>
			<UniqueName>TXT_KEY_GREAT_PERSON_CHRYSOTOM</UniqueName>
			<GreatWorkType>GREAT_WORK_JUSTINIAN</GreatWorkType>
			<EraType>ERA_CLASSICAL</EraType>
		</Row>
	</Unit_UniqueNames>
	<GreatWorks>
		<Row>
			<Type>GREAT_WORK_JUSTINIAN</Type>
			<GreatWorkClassType>GREAT_WORK_ART</GreatWorkClassType>
			<Description>TXT_KEY_GREAT_WORK_JUSTINIAN</Description>
			<Audio>AS2D_GREAT_ARTIST_ARTWORK</Audio>
			<Image>justinian.dds</Image>
		</Row>
	</GreatWorks>
	<Unit_UniqueNames>
		<Row>
			<UnitType>UNIT_ARTIST</UnitType>
			<UniqueName>TXT_KEY_GREAT_PERSON_IONA</UniqueName>
			<GreatWorkType>GREAT_WORK_KELLS2</GreatWorkType>
			<EraType>ERA_CLASSICAL</EraType>
		</Row>
	</Unit_UniqueNames>
	<GreatWorks>
		<Row>
			<Type>GREAT_WORK_KELLS2</Type>
			<GreatWorkClassType>GREAT_WORK_ART</GreatWorkClassType>
			<Description>TXT_KEY_GREAT_WORK_KELLS_2</Description>
			<Audio>AS2D_GREAT_ARTIST_ARTWORK</Audio>
			<Image>kells.dds</Image>
		</Row>
	</GreatWorks>
	<Unit_UniqueNames>
		<Row>
			<UnitType>UNIT_ARTIST</UnitType>
			<UniqueName>TXT_KEY_GREAT_PERSON_LASCAUX</UniqueName>
			<GreatWorkType>GREAT_WORK_LASCAUX</GreatWorkType>
			<EraType>ERA_ANCIENT</EraType>
		</Row>
	</Unit_UniqueNames>
	<GreatWorks>
		<Row>
			<Type>GREAT_WORK_LASCAUX</Type>
			<GreatWorkClassType>GREAT_WORK_ART</GreatWorkClassType>
			<Description>TXT_KEY_GREAT_WORK_LASCAUX</Description>
			<Audio>AS2D_GREAT_ARTIST_ARTWORK</Audio>
			<Image>lascaux.dds</Image>
		</Row>
	</GreatWorks>
	<Unit_UniqueNames>
		<Row>
			<UnitType>UNIT_ARTIST</UnitType>
			<UniqueName>TXT_KEY_GREAT_PERSON_ALEXANDRINUS</UniqueName>
			<GreatWorkType>GREAT_WORK_MEDIEVAL_DRAGON</GreatWorkType>
			<EraType>ERA_MEDIEVAL</EraType>
		</Row>
	</Unit_UniqueNames>
	<GreatWorks>
		<Row>
			<Type>GREAT_WORK_MEDIEVAL_DRAGON</Type>
			<GreatWorkClassType>GREAT_WORK_ART</GreatWorkClassType>
			<Description>TXT_KEY_GREAT_WORK_MEDIEVAL_DRAGON</Description>
			<Audio>AS2D_GREAT_ARTIST_ARTWORK</Audio>
			<Image>medieval.dds</Image>
		</Row>
	</GreatWorks>
	<Unit_UniqueNames>
		<Row>
			<UnitType>UNIT_ARTIST</UnitType>
			<UniqueName>TXT_KEY_GREAT_PERSON_KALHU</UniqueName>
			<GreatWorkType>GREAT_WORK_ASHURBANIPAL</GreatWorkType>
			<EraType>ERA_ANCIENT</EraType>
		</Row>
	</Unit_UniqueNames>
	<GreatWorks>
		<Row>
			<Type>GREAT_WORK_ASHURBANIPAL</Type>
			<GreatWorkClassType>GREAT_WORK_ART</GreatWorkClassType>
			<Description>TXT_KEY_GREAT_WORK_ASHURBANIPAL</Description>
			<Audio>AS2D_GREAT_ARTIST_ARTWORK</Audio>
			<Image>ashurbanipalstatue.dds</Image>
		</Row>
	</GreatWorks>
	<Unit_UniqueNames>
		<Row>
			<UnitType>UNIT_ARTIST</UnitType>
			<UniqueName>TXT_KEY_GREAT_PERSON_TIZOC</UniqueName>
			<GreatWorkType>GREAT_WORK_AZTEC</GreatWorkType>
			<EraType>ERA_ANCIENT</EraType>
		</Row>
	</Unit_UniqueNames>
	<GreatWorks>
		<Row>
			<Type>GREAT_WORK_AZTEC</Type>
			<GreatWorkClassType>GREAT_WORK_ART</GreatWorkClassType>
			<Description>TXT_KEY_GREAT_WORK_AZTEC</Description>
			<Audio>AS2D_GREAT_ARTIST_ARTWORK</Audio>
			<Image>aztec.dds</Image>
		</Row>
	</GreatWorks>
	<Unit_UniqueNames>
		<Row>
			<UnitType>UNIT_ARTIST</UnitType>
			<UniqueName>TXT_KEY_GREAT_PERSON_BISHOP_ODO</UniqueName>
			<GreatWorkType>GREAT_WORK_BAYEUX_TAPESTRY</GreatWorkType>
			<EraType>ERA_MEDIEVAL</EraType>
		</Row>
	</Unit_UniqueNames>
	<GreatWorks>
		<Row>
			<Type>GREAT_WORK_BAYEUX_TAPESTRY</Type>
			<GreatWorkClassType>GREAT_WORK_ART</GreatWorkClassType>
			<Description>TXT_KEY_GREAT_WORK_BAYEUX_TAPESTRY</Description>
			<Audio>AS2D_GREAT_ARTIST_ARTWORK</Audio>
			<Image>bayeuxtapestry.dds</Image>
		</Row>
	</GreatWorks>
	<Unit_UniqueNames>
		<Row>
			<UnitType>UNIT_ARTIST</UnitType>
			<UniqueName>TXT_KEY_GREAT_PERSON_ONATAS</UniqueName>
			<GreatWorkType>GREAT_WORK_GREEK_POTTERY</GreatWorkType>
			<EraType>ERA_CLASSICAL</EraType>
		</Row>
	</Unit_UniqueNames>
	<GreatWorks>
		<Row>
			<Type>GREAT_WORK_GREEK_POTTERY</Type>
			<GreatWorkClassType>GREAT_WORK_ART</GreatWorkClassType>
			<Description>TXT_KEY_GREAT_WORK_GREEK_POTTERY</Description>
			<Audio>AS2D_GREAT_ARTIST_ARTWORK</Audio>
			<Image>classicalgreece.dds</Image>
		</Row>
	</GreatWorks>
	<Unit_UniqueNames>
		<Row>
			<UnitType>UNIT_ARTIST</UnitType>
			<UniqueName>TXT_KEY_GREAT_PERSON_GOLCONDA</UniqueName>
			<GreatWorkType>GREAT_WORK_KALAMKARI</GreatWorkType>
			<EraType>ERA_ANCIENT</EraType>
		</Row>
	</Unit_UniqueNames>
	<GreatWorks>
		<Row>
			<Type>GREAT_WORK_KALAMKARI</Type>
			<GreatWorkClassType>GREAT_WORK_ART</GreatWorkClassType>
			<Description>TXT_KEY_GREAT_WORK_KALAMKARI</Description>
			<Audio>AS2D_GREAT_ARTIST_ARTWORK</Audio>
			<Image>kalamkari.dds</Image>
		</Row>
	</GreatWorks>
	<Unit_UniqueNames>
		<Row>
			<UnitType>UNIT_ARTIST</UnitType>
			<UniqueName>TXT_KEY_GREAT_PERSON_ARTAXERXES</UniqueName>
			<GreatWorkType>GREAT_WORK_PERSIAN_SOLDIERS</GreatWorkType>
			<EraType>ERA_ANCIENT</EraType>
		</Row>
	</Unit_UniqueNames>
	<GreatWorks>
		<Row>
			<Type>GREAT_WORK_PERSIAN_SOLDIERS</Type>
			<GreatWorkClassType>GREAT_WORK_ART</GreatWorkClassType>
			<Description>TXT_KEY_GREAT_WORK_PERSIAN_SOLDIERS</Description>
			<Audio>AS2D_GREAT_ARTIST_ARTWORK</Audio>
			<Image>ancientpersia.dds</Image>
		</Row>
	</GreatWorks>
	<Unit_UniqueNames>
		<Row>
			<UnitType>UNIT_ARTIST</UnitType>
			<UniqueName>TXT_KEY_GREAT_PERSON_SUTTON_HOO</UniqueName>
			<GreatWorkType>GREAT_WORK_SUTTON_HOO</GreatWorkType>
			<EraType>ERA_ANCIENT</EraType>
		</Row>
	</Unit_UniqueNames>
	<GreatWorks>
		<Row>
			<Type>GREAT_WORK_SUTTON_HOO</Type>
			<GreatWorkClassType>GREAT_WORK_ART</GreatWorkClassType>
			<Description>TXT_KEY_GREAT_WORK_SUTTON_HOO</Description>
			<Audio>AS2D_GREAT_ARTIST_ARTWORK</Audio>
			<Image>suttonhoo.dds</Image>
		</Row>
	</GreatWorks>
</GameData>