<?xml version="1.0" encoding="utf-8"?>
<!-- Created by ModBuddy on 12/2/2014 9:07:43 PM -->
<GameData>
	<Unit_UniqueNames>
		<Row>
			<UnitType>UNIT_WRITER</UnitType>
			<UniqueName>TXT_KEY_GREAT_PERSON_MOSES</UniqueName>
			<GreatWorkType>GREAT_WORK_GENESIS</GreatWorkType>
			<EraType>ERA_ANCIENT</EraType>
		</Row>
	</Unit_UniqueNames>
	<GreatWorks>
		<Row>
			<Type>GREAT_WORK_GENESIS</Type>
			<GreatWorkClassType>GREAT_WORK_LITERATURE</GreatWorkClassType>
			<Description>TXT_KEY_GREAT_WORK_GENESIS</Description>
			<Quote>TXT_KEY_GREAT_WORK_GENESIS_QUOTE</Quote>
			<Audio>AS2D_GREAT_ARTIST_ARTWORK</Audio>
			<Image>GreatWriter_Background.dds</Image>
		</Row>
	</GreatWorks>
</GameData>