<?xml version="1.0" encoding="utf-8"?>
<!-- Created by ModBuddy on 8/4/2015 1:06:06 PM -->
<GameData>
	<Natural_Wonder_Placement>
		<Update>
			<Where NaturalWonderType="FEATURE_CRATER" />
			<Set CoreTileCanBeAnyTerrainType="1"
				 AdjacentTilesCareAboutTerrainTypes="0"
				 AdjacentTilesAvoidGrass="0"
				 ChangeCoreTileToMountain="0"
				 />
		</Update>
		<Update>
			<Where NaturalWonderType="FEATURE_FUJI" />
			<Set AdjacentTilesCareAboutFeatureTypes="1"
				 AdjacentTilesAvoidJungle="1"
				 MaximumAllowedAdjacentJungle="0"
				 />
		</Update>
		<Update>
			<Where NaturalWonderType="FEATURE_MESA" />
			<Set CoreTileCanBeAnyTerrainType="0"
				 CoreTileCanBePlains="0"
				 CoreTileCanBeTundra="0"
				 CoreTileCanBeDesert="1"
				 AdjacentTilesCareAboutTerrainTypes="0"
				 AdjacentTilesAvoidGrass="0"
				 MaximumAllowedAdjacentMountain="1"
				 />
		</Update>
		<Update>
			<Where NaturalWonderType="FEATURE_GEYSER" />
			<Set CoreTileCanBeAnyTerrainType="0"
				 CoreTileCanBeDesert="1"
				 AdjacentTilesAvoidDesert="0"
				 MaximumAllowedAdjacentDesert="99"
				 AdjacentTilesRequireHillsPlusMountains="0"
				 RequiredNumberOfAdjacentHillsPlusMountains="0"
				 ChangeCoreTileToMountain="0"
				 />
		</Update>
		<Update>
			<Where NaturalWonderType="FEATURE_FOUNTAIN_YOUTH" />
			<Set CoreTileCanBeAnyTerrainType="0"
				 CoreTileCanBeDesert="1"
				 AdjacentTilesRequireDesert="1"
				 RequiredNumberOfAdjacentDesert="1"
				 ChangeCoreTileToMountain="0"
				 />
		</Update>
		<Update>
			<Where NaturalWonderType="FEATURE_SRI_PADA" />
			<Set AdjacentTilesCareAboutFeatureTypes="0"
				 AdjacentTilesAvoidMarsh="0"
				 MaximumAllowedAdjacentMarsh="99"
				 />
		</Update>
		<Update>
			<Where NaturalWonderType="FEATURE_MT_KAILASH" />
			<Set AdjacentTilesAvoidDesert="0"
				 AdjacentTilesAvoidJungle="1"
				 MaximumAllowedAdjacentDesert="99"
				 MaximumAllowedAdjacentJungle="0"
				 />
		</Update>
		<Update>
			<Where NaturalWonderType="FEATURE_LAKE_VICTORIA" />
			<Set AdjacentTilesCareAboutTerrainTypes="1"
				 AdjacentTilesAvoidGrass="1"
				 MaximumAllowedAdjacentGrass="1"
				 ChangeCoreTileToMountain="0"
				 />
		</Update>
		<Update>
			<Where NaturalWonderType="FEATURE_KILIMANJARO" />
			<Set CoreTileCanBeDesert="1"
				 AdjacentTilesCareAboutFeatureTypes="1"
				 AdjacentTilesAvoidJungle="1"
				 MaximumAllowedAdjacentJungle="0"
				 MaximumAllowedAdjacentMountain="0"
				 />
		</Update>

		<Update>
			<Where NaturalWonderType="FEATURE_SOLOMONS_MINES" />
			<Set AdjacentTilesAvoidHills="1"
				 MaximumAllowedAdjacentHills="1"
				 CoreTileCanBeAnyTerrainType="0"
				 CoreTileCanBeDesert="1"
				 CoreTileCanBeTundra="1"
				 CoreTileCanBeSnow="1"
				 CoreTileCanBePlains="1"
				 ChangeCoreTileToMountain="0"
				 />
		</Update>
	</Natural_Wonder_Placement>
</GameData>