<?xml version="1.0" encoding="utf-8"?>
<!-- Created by ModBuddy for robk on 11/17/2010 7:47:07 PM -->

<GameData>
	<Language_fr_FR>


		<!-- Titles in the main info addict screen -->
		<Row Tag="TXT_KEY_INFOADDICT_MAIN_TITLE">
			<Text>Info Addict</Text>
		</Row>

		<Row Tag="TXT_KEY_INFOADDICT_HISTORICAL_TITLE">
			<Text>Graphique Historique</Text>
		</Row>

		<Row Tag="TXT_KEY_INFOADDICT_FACTBOOK_TITLE">
			<Text>Renseignements Mondiaux</Text>
		</Row>

		<Row Tag="TXT_KEY_INFOADDICT_GLOBALRELATIONS_TITLE">
			<Text>Relations Internationales</Text>
		</Row>

		<Row Tag="TXT_KEY_INFOADDICT_OPTIONS_TITLE">
			<Text>Options</Text>
		</Row>


		<!-- This is text for the reset selections button in the graph screens-->
		<Row Tag="TXT_KEY_INFOADDICT_RESET_SELECTIONS">
			<Text>RAZ Sélections</Text>
		</Row>

		<!-- Text displayed when no data is available -->
		<Row Tag="TXT_KEY_INFOADDICT_NODATA">
			<Text>Pas de Données</Text>
		</Row>

		<!-- Button text during leader discussions -->
		<Row Tag="TXT_KEY_INFOADDICT_CHECK_INFOADDICT">
			<Text>Verifier InfoAddict</Text>
		</Row>

		<!-- "of the" used when building a leader title, as in "Bismark of the German Empire" -->
		<Row Tag="TXT_KEY_INFOADDICT_OF_THE">
			<Text>de</Text>
		</Row>

		<!-- "Turn" as in "Turn 145 of the game" -->
		<Row Tag="TXT_KEY_INFOADDICT_TURN">
			<Text>Tour</Text>
		</Row>


		<!-- Category titles for the historical graphs -->
		<Row Tag="TXT_KEY_INFOADDICT_CATEGORY_SCORE">
			<Text>Score</Text>
		</Row>

		<Row Tag="TXT_KEY_INFOADDICT_CATEGORY_MILITARY">
			<Text>Militaire</Text>
		</Row>

		<Row Tag="TXT_KEY_INFOADDICT_CATEGORY_NETGOLD">
			<Text>Or Net</Text>
		</Row>

		<Row Tag="TXT_KEY_INFOADDICT_CATEGORY_GNP">
			<Text>PNB</Text>
		</Row>

		<Row Tag="TXT_KEY_INFOADDICT_CATEGORY_HAPPINESS">
			<Text>Bonheur</Text>
		</Row>

		<Row Tag="TXT_KEY_INFOADDICT_CATEGORY_SCIENCE">
			<Text>Science</Text>
		</Row>

		<Row Tag="TXT_KEY_INFOADDICT_CATEGORY_CULTURE">
			<Text>Culture</Text>
		</Row>

		<Row Tag="TXT_KEY_INFOADDICT_CATEGORY_MANUFACTURING">
			<Text>Production</Text>
		</Row>

		<Row Tag="TXT_KEY_INFOADDICT_CATEGORY_POPULATION">
			<Text>Population</Text>
		</Row>

		<Row Tag="TXT_KEY_INFOADDICT_CATEGORY_CROPYIELD">
			<Text>Prod. Agricole</Text>
		</Row>

		<Row Tag="TXT_KEY_INFOADDICT_CATEGORY_LANDAREA">
			<Text>Superficie</Text>
		</Row>

		<Row Tag="TXT_KEY_INFOADDICT_CATEGORY_NUMCITIES">
			<Text>Villes</Text>
		</Row>

		<Row Tag="TXT_KEY_INFOADDICT_CATEGORY_TECHS">
			<Text>Techs</Text>
		</Row>

		<Row Tag="TXT_KEY_INFOADDICT_CATEGORY_POLICIES">
			<Text>Policies</Text>
		</Row>

		<Row Tag="TXT_KEY_INFOADDICT_CATEGORY_WONDERS">
			<Text>Wonders</Text>
		</Row>

		<Row Tag="TXT_KEY_INFOADDICT_CATEGORY_FAITH">
			<Text>Total Faith</Text>
		</Row>

		<Row Tag="TXT_KEY_INFOADDICT_CATEGORY_FAITHPERTURN">
			<Text>Faith Gain</Text>
		</Row>

		<Row Tag="TXT_KEY_INFOADDICT_CATEGORY_INFLUENCE">
			<Text>Influence</Text>
		</Row>

		<Row Tag="TXT_KEY_INFOADDICT_CATEGORY_GREATWORKS">
			<Text>Great Works</Text>
		</Row>

		<Row Tag="TXT_KEY_INFOADDICT_CATEGORY_TRADEROUTES">
			<Text>Trade Routes</Text>
		</Row>

		<Row Tag="TXT_KEY_INFOADDICT_CATEGORY_TOURISM">
			<Text>Tourism</Text>
		</Row>

		<!-- Headers for the rank tables in the world factbook -->
		<Row Tag="TXT_KEY_INFOADDICT_HEADER_RANK">
			<Text>Rang</Text>
		</Row>

		<Row Tag="TXT_KEY_INFOADDICT_HEADER_EMPIRE">
			<Text>Empire</Text>
		</Row>

		<Row Tag="TXT_KEY_INFOADDICT_HEADER_VALUE">
			<Text>Valeur</Text>
		</Row>



		<!-- Rank titles in the world factbook (left bar menu and table title) -->
		<Row Tag="TXT_KEY_INFOADDICT_RANKTITLE_POPULATION">
			<Text>Population</Text>
		</Row>

		<Row Tag="TXT_KEY_INFOADDICT_RANKTITLE_CROPYIELD">
			<Text>Rendement Agricole</Text>
		</Row>

		<Row Tag="TXT_KEY_INFOADDICT_RANKTITLE_MANUFACTUREDGOODS">
			<Text>Produits manufacturés</Text>
		</Row>

		<Row Tag="TXT_KEY_INFOADDICT_RANKTITLE_GNP">
			<Text>PNB</Text>
		</Row>

		<Row Tag="TXT_KEY_INFOADDICT_RANKTITLE_LANDAREA">
			<Text>Superficie</Text>
		</Row>

		<Row Tag="TXT_KEY_INFOADDICT_RANKTITLE_MILITARYMANPOWER">
			<Text>Unitées militaire</Text>
		</Row>

		<Row Tag="TXT_KEY_INFOADDICT_RANKTITLE_APPROVAL">
			<Text>Approbation</Text>
		</Row>

		<Row Tag="TXT_KEY_INFOADDICT_RANKTITLE_LITERACY">
			<Text>Alphabétisation</Text>
		</Row>

		<Row Tag="TXT_KEY_INFOADDICT_RANKTITLE_SOCIALSTANDING">
			<Text>Niveau Social</Text>
		</Row>

		<Row Tag="TXT_KEY_INFOADDICT_RANKTITLE_HAPPINESS">
			<Text>Bonheur</Text>
		</Row>

		<Row Tag="TXT_KEY_INFOADDICT_RANKTITLE_TECHNOLOGIES">
			<Text>Technologies</Text>
		</Row>

		<Row Tag="TXT_KEY_INFOADDICT_RANKTITLE_NETGOLD">
			<Text>Or net</Text>
		</Row>

		<Row Tag="TXT_KEY_INFOADDICT_RANKTITLE_NUMCITIES">
			<Text>Villes</Text>
		</Row>

		<Row Tag="TXT_KEY_INFOADDICT_RANKTITLE_SCIENCE">
			<Text>Science</Text>
		</Row>

		<Row Tag="TXT_KEY_INFOADDICT_RANKTITLE_CULTURE">
			<Text>Culture</Text>
		</Row>

		<Row Tag="TXT_KEY_INFOADDICT_RANKTITLE_WONDERS">
			<Text>Wonders</Text>
		</Row>

		<Row Tag="TXT_KEY_INFOADDICT_RANKTITLE_FAITH">
			<Text>Total Faith</Text>
		</Row>

		<Row Tag="TXT_KEY_INFOADDICT_RANKTITLE_FAITHPERTURN">
			<Text>Faith Gain</Text>
		</Row>

		<Row Tag="TXT_KEY_INFOADDICT_RANKTITLE_INFLUENCE">
			<Text>Influence</Text>
		</Row>

		<Row Tag="TXT_KEY_INFOADDICT_RANKTITLE_GREATWORKS">
			<Text>Great Works</Text>
		</Row>

		<Row Tag="TXT_KEY_INFOADDICT_RANKTITLE_TRADEROUTES">
			<Text>Trade Routes</Text>
		</Row>

		<Row Tag="TXT_KEY_INFOADDICT_RANKTITLE_TOURISM">
			<Text>Tourism</Text>
		</Row>


		<!-- Rank units in the world factbook (shows up as table header) -->
		<Row Tag="TXT_KEY_INFOADDICT_RANKUNITS_PEOPLE">
			<Text>Population</Text>
		</Row>

		<Row Tag="TXT_KEY_INFOADDICT_RANKUNITS_BUSHELS">
			<Text>Boisseaux (millions)</Text>
		</Row>

		<Row Tag="TXT_KEY_INFOADDICT_RANKUNITS_TONS">
			<Text>Tonnes (millions)</Text>
		</Row>

		<Row Tag="TXT_KEY_INFOADDICT_RANKUNITS_GOLD">
			<Text>Or (millions)</Text>
		</Row>

		<Row Tag="TXT_KEY_INFOADDICT_RANKUNITS_SQUAREKILOMETERS">
			<Text>Kilomètres carré</Text>
		</Row>

		<Row Tag="TXT_KEY_INFOADDICT_RANKUNITS_SOLDIERS">
			<Text>Soldats</Text>
		</Row>

		<Row Tag="TXT_KEY_INFOADDICT_RANKUNITS_PERCENTOFPOP">
			<Text>Pourcentage de la population</Text>
		</Row>

		<Row Tag="TXT_KEY_INFOADDICT_RANKUNITS_POLICIESADOPTED">
			<Text>Doctrines</Text>
		</Row>

		<Row Tag="TXT_KEY_INFOADDICT_RANKUNITS_NETHAPPY">
			<Text>Bonheur Net</Text>
		</Row>

		<Row Tag="TXT_KEY_INFOADDICT_RANKUNITS_TECHDISCOVERED">
			<Text>Technologies découverte</Text>
		</Row>

		<Row Tag="TXT_KEY_INFOADDICT_RANKUNITS_NUMCITIES">
			<Text>Nombre de ville</Text>
		</Row>

		<Row Tag="TXT_KEY_INFOADDICT_RANKUNITS_SCIENCE">
			<Text>Science Output</Text>
		</Row>

		<Row Tag="TXT_KEY_INFOADDICT_RANKUNITS_CULTURE">
			<Text>Culture Output</Text>
		</Row>

		<Row Tag="TXT_KEY_INFOADDICT_RANKUNITS_WONDERS">
			<Text>Wonders in Possession</Text>
		</Row>

		<Row Tag="TXT_KEY_INFOADDICT_RANKUNITS_FAITH">
			<Text>Faith</Text>
		</Row>

		<Row Tag="TXT_KEY_INFOADDICT_RANKUNITS_FAITHPERTURN">
			<Text>Faith Gain</Text>
		</Row>

		<Row Tag="TXT_KEY_INFOADDICT_RANKUNITS_INFLUENCE">
			<Text>Civs Influenced</Text>
		</Row>

		<Row Tag="TXT_KEY_INFOADDICT_RANKUNITS_GREATWORKS">
			<Text>Great Works</Text>
		</Row>

		<Row Tag="TXT_KEY_INFOADDICT_RANKUNITS_TRADEROUTES">
			<Text>Trade Routes</Text>
		</Row>

		<Row Tag="TXT_KEY_INFOADDICT_RANKUNITS_TOURISM">
			<Text>Tourism Output</Text>
		</Row>


		<!-- Menu titles for the world factbook (left bar) -->
		<Row Tag="TXT_KEY_INFOADDICT_MENUTITLE_WORLDRANKINGS">
			<Text>Rang Mondial</Text>
		</Row>

		<Row Tag="TXT_KEY_INFOADDICT_MENUTITLE_EMPIRES">
			<Text>Empires</Text>
		</Row>



		<!-- Attribute names in the Empire factbook screen -->
		<Row Tag="TXT_KEY_INFOADDICT_EMPIREATTR_HEADOFSTATE">
			<Text>Chef de D'Etat</Text>
		</Row>

		<Row Tag="TXT_KEY_INFOADDICT_EMPIREATTR_POPULATION">
			<Text>Population</Text>
		</Row>

		<Row Tag="TXT_KEY_INFOADDICT_EMPIREATTR_LANDAREA">
			<Text>Superficie (en km²)</Text>
		</Row>

		<Row Tag="TXT_KEY_INFOADDICT_EMPIREATTR_GNP">
			<Text>PNB (millions d'Or)</Text>
		</Row>

		<Row Tag="TXT_KEY_INFOADDICT_EMPIREATTR_NETGOLD">
			<Text>Or net (millions d'Or)</Text>
		</Row>

		<Row Tag="TXT_KEY_INFOADDICT_EMPIREATTR_MILITARY">
			<Text>Militaires en service actif</Text>
		</Row>

		<Row Tag="TXT_KEY_INFOADDICT_EMPIREATTR_CROPYIELD">
			<Text>Prod. agricole (millions de boisseaux)</Text>
		</Row>

		<Row Tag="TXT_KEY_INFOADDICT_EMPIREATTR_INDUSTRIALOUTPUT">
			<Text>Prod. industrielle (millions de tonnes)</Text>
		</Row>

		<Row Tag="TXT_KEY_INFOADDICT_EMPIREATTR_APPROVALRATE">
			<Text>Taux d'approbation du Chef d'Etat</Text>
		</Row>

		<Row Tag="TXT_KEY_INFOADDICT_EMPIREATTR_NETHAPPY">
			<Text>Bonheur Net</Text>
		</Row>

		<Row Tag="TXT_KEY_INFOADDICT_EMPIREATTR_LITERACY">
			<Text>Taux d'alphabétisation</Text>
		</Row>

		<Row Tag="TXT_KEY_INFOADDICT_EMPIREATTR_TECHDISCOVERED">
			<Text>Technologies découverte</Text>
		</Row>

		<Row Tag="TXT_KEY_INFOADDICT_EMPIREATTR_POLICIES">
			<Text>Doctrines Adopté</Text>
		</Row>

		<Row Tag="TXT_KEY_INFOADDICT_EMPIREATTR_NUMCITIES">
			<Text>Nombre de villes</Text>
		</Row>

		<Row Tag="TXT_KEY_INFOADDICT_EMPIREATTR_SCIENCE">
			<Text>Science Output</Text>
		</Row>

		<Row Tag="TXT_KEY_INFOADDICT_EMPIREATTR_CULTURE">
			<Text>Culture Output</Text>
		</Row>

		<Row Tag="TXT_KEY_INFOADDICT_EMPIREATTR_WONDERS">
			<Text>Wonders in Possession</Text>
		</Row>

		<Row Tag="TXT_KEY_INFOADDICT_EMPIREATTR_FAITH">
			<Text>Total Faith</Text>
		</Row>

		<Row Tag="TXT_KEY_INFOADDICT_EMPIREATTR_FAITHPERTURN">
			<Text>Net Faith Gain</Text>
		</Row>

		<Row Tag="TXT_KEY_INFOADDICT_EMPIREATTR_INFLUENCE">
			<Text>Civilizations Influenced</Text>
		</Row>

		<Row Tag="TXT_KEY_INFOADDICT_EMPIREATTR_GREATWORKS">
			<Text>Great Works in Possession</Text>
		</Row>

		<Row Tag="TXT_KEY_INFOADDICT_EMPIREATTR_TRADEROUTES">
			<Text>Internal Trade Routes established</Text>
		</Row>

		<Row Tag="TXT_KEY_INFOADDICT_EMPIREATTR_TOURISM">
			<Text>Tourism Output</Text>
		</Row>


		<!-- Relationship view titles -->
		<Row Tag="TXT_KEY_INFOADDICT_RELATIONVIEW_ECONOMIC">
			<Text>Économique</Text>
		</Row>

		<Row Tag="TXT_KEY_INFOADDICT_RELATIONVIEW_POLITICAL">
			<Text>Politiques</Text>
		</Row>


		<!-- Relationship view key (bottom right) -->
		<Row Tag="TXT_KEY_INFOADDICT_RELATIONKEY_WAR">
			<Text>Guerre</Text>
		</Row>

		<Row Tag="TXT_KEY_INFOADDICT_RELATIONKEY_OPEN_BORDERS">
			<Text>Ouverture des frontières</Text>
		</Row>

		<Row Tag="TXT_KEY_INFOADDICT_RELATIONKEY_DECLARATION_OF_FRIENDSHIP">
			<Text>Déclaration d'amitié</Text>
		</Row>

		<Row Tag="TXT_KEY_INFOADDICT_RELATIONKEY_DENOUNCEMENT">
			<Text>Dénonciation</Text>
		</Row>

		<Row Tag="TXT_KEY_INFOADDICT_RELATIONKEY_DEFENSIVE_PACT">
			<Text>Pacte de défense</Text>
		</Row>

		<Row Tag="TXT_KEY_INFOADDICT_RELATIONKEY_RESEARCH_AGREEMENT">
			<Text>Accord de recherche</Text>
		</Row>

		<Row Tag="TXT_KEY_INFOADDICT_RELATIONKEY_GPT">
			<Text>Or par Tour</Text>
		</Row>

		<Row Tag="TXT_KEY_INFOADDICT_RELATIONKEY_RESOURCE">
			<Text>Ressource</Text>
		</Row>

		<Row Tag="TXT_KEY_INFOADDICT_RELATIONKEY_TRADEROUTE">
			<Text>Trade Route</Text>
		</Row>


		<!-- Tooltip text fragments for the relationship graphs -->
		<Row Tag="TXT_KEY_INFOADDICT_RELATIONTOOLTIP_GPT_TO">
			<Text>or par tour à</Text>
		</Row>

		<Row Tag="TXT_KEY_INFOADDICT_RELATIONTOOLTIP_GPT_FROM">
			<Text>or par tour de</Text>
		</Row>

		<Row Tag="TXT_KEY_INFOADDICT_RELATIONTOOLTIP_RESEARCH_WITH">
			<Text>Accord de recherche avec</Text>
		</Row>

		<Row Tag="TXT_KEY_INFOADDICT_RELATIONTOOLTIP_TO">
			<Text>à</Text>
		</Row>

		<Row Tag="TXT_KEY_INFOADDICT_RELATIONTOOLTIP_FROM">
			<Text>de</Text>
		</Row>

		<Row Tag="TXT_KEY_INFOADDICT_RELATIONTOOLTIP_EXPORTS">
			<Text>Exportations</Text>
		</Row>

		<Row Tag="TXT_KEY_INFOADDICT_RELATIONTOOLTIP_IMPORTS">
			<Text>Importations</Text>
		</Row>

		<Row Tag="TXT_KEY_INFOADDICT_RELATIONTOOLTIP_TRADEROUTES">
			<Text>Trade Routes</Text>
		</Row>

		<Row Tag="TXT_KEY_INFOADDICT_RELATIONTOOLTIP_RESEARCH_AGREEMENTS">
			<Text>Ententes de recherche</Text>
		</Row>


		<!-- Text for the options screen -->
		<Row Tag="TXT_KEY_INFOADDICT_OPTIONS_HISTORICAL_FIELD_TOOLTIPS">
			<Text>Affichage graphique historique au-dessus</Text>
		</Row>

		<Row Tag="TXT_KEY_INFOADDICT_OPTIONS_HISTORICAL_FIELD_TOOLTIPS_TT">
			<Text>Permet affichage infobulle et soulignage lors du survol des graphiques historiques.</Text>
		</Row>

		<Row Tag="TXT_KEY_INFOADDICT_OPTIONS_HISTORICAL_YAXIS">
			<Text>Graphique historique avec axe Y</Text>
		</Row>

		<Row Tag="TXT_KEY_INFOADDICT_OPTIONS_HISTORICAL_YAXIS_TT">
			<Text>Affiche un axe Y sur le côté gauche des graphiques historiques.</Text>
		</Row>

		<Row Tag="TXT_KEY_INFOADDICT_OPTIONS_HISTORICAL_XAXIS_LABEL_COUNT">
			<Text>Etiquettes sur l'axe X: {1_Num}</Text>
		</Row>

		<Row Tag="TXT_KEY_INFOADDICT_OPTIONS_HISTORICAL_XAXIS_LABEL_COUNT_TT">
			<Text>Nombre d'étiquettes sur l'axe X pour les graphiques historiques.</Text>
		</Row>

		<Row Tag="TXT_KEY_INFOADDICT_OPTIONS_HISTORICAL_YAXIS_LABEL_COUNT">
			<Text>Etiquettes sur l'axe Y: {1_Num}</Text>
		</Row>

		<Row Tag="TXT_KEY_INFOADDICT_OPTIONS_HISTORICAL_YAXIS_LABEL_COUNT_TT">
			<Text>Nombre d'étiquettes sur l'axe Y pour les graphiques historiques.</Text>
		</Row>

		<Row Tag="TXT_KEY_INFOADDICT_OPTIONS_HISTORICAL_SMOOTHLINES">
			<Text>Lissage des Lignes les Graphiques Historiques</Text>
		</Row>

		<Row Tag="TXT_KEY_INFOADDICT_OPTIONS_HISTORICAL_SMOOTHLINES_TT">
			<Text>Lisse les lignes dans les graphiques historiques au lieu de construire des lignes avec des segments verticaux et horizontaux.</Text>
		</Row>

		<Row Tag="TXT_KEY_INFOADDICT_RELATIONTOOLTIP_AFRAID">
			<Text>Inquiet</Text>
		</Row>

		<Row Tag="TXT_KEY_INFOADDICT_CATEGORY_TREASURY">
			<Text>Trésorerie</Text>
		</Row>

		<Row Tag="TXT_KEY_INFOADDICT_RELATIONKEY_FRIENDLY">
			<Text>Amical</Text>
		</Row>

		<Row Tag="TXT_KEY_INFOADDICT_RELATIONKEY_NEUTRAL">
			<Text>Neutre</Text>
		</Row>

		<Row Tag="TXT_KEY_INFOADDICT_RANKTITLE_INCOME">
			<Text>Recettes</Text>
		</Row>

		<Row Tag="TXT_KEY_INFOADDICT_CATEGORY_INCOME">
			<Text>Recettes</Text>
		</Row>

		<Row Tag="TXT_KEY_INFOADDICT_RELATIONTOOLTIP_HOSTILE">
			<Text>Hostile à l'égard</Text>
		</Row>

		<Row Tag="TXT_KEY_INFOADDICT_RELATIONKEY_GUARDED">
			<Text>Prudent</Text>
		</Row>

		<Row Tag="TXT_KEY_INFOADDICT_EMPIREATTR_INCOME">
			<Text>Recettes (en millions Or)</Text>
		</Row>

		<Row Tag="TXT_KEY_INFOADDICT_RELATIONTOOLTIP_GUARDED">
			<Text>Prudent envers</Text>
		</Row>

		<Row Tag="TXT_KEY_INFOADDICT_OPTIONS_HISTORICAL_LINEOFFSET_TT">
			<Text>Ajoute un petit décalage à chaque ligne dans les graphiques historiques pour rendre chaque ligne visible lorsque les valeurs entre deux CIVS sont les mêmes.</Text>
		</Row>

		<Row Tag="TXT_KEY_INFOADDICT_EMPIREATTR_TREASURY">
			<Text>Or en Trésorerie (en millions Or)</Text>
		</Row>

		<Row Tag="TXT_KEY_INFOADDICT_NEXT">
			<Text>Suivant</Text>
		</Row>


		<Row Tag="TXT_KEY_INFOADDICT_RELATIONTOOLTIP_NEUTRAL">
			<Text>Neutre à l'égard</Text>
		</Row>

		<Row Tag="TXT_KEY_INFOADDICT_RELATIONKEY_HOSTILE">
			<Text>Ennemi</Text>
		</Row>

		<Row Tag="TXT_KEY_INFOADDICT_OPTIONS_HISTORICAL_LINEOFFSET">
			<Text>Courbes des Lignes du Graphique Historique</Text>
		</Row>

		<Row Tag="TXT_KEY_INFOADDICT_RELATIONKEY_AFRAID">
			<Text>Inquiet</Text>
		</Row>

		<Row Tag="TXT_KEY_INFOADDICT_RANKTITLE_TREASURY">
			<Text>Trésorerie</Text>
		</Row>

		<Row Tag="TXT_KEY_INFOADDICT_RELATIONVIEW_ATTITUDE">
			<Text>Attitude</Text>
		</Row>

		<Row Tag="TXT_KEY_INFOADDICT_PREVIOUS">
			<Text>Précédent</Text>
		</Row>

		<Row Tag="TXT_KEY_INFOADDICT_RELATIONTOOLTIP_FRIENDLY">
			<Text>Amical avec</Text>
		</Row>

	</Language_fr_FR>
</GameData>