<?xml version="1.0" encoding="utf-8"?>
<Context Font="TwCenMT14" FontStyle="Base" Color="Beige" Color1="Black" >
	<Instance Name="ItemInstance">
		<Button Anchor="L,C" Size="955,73" Color="255,255,255,255" Offset="0,0" StateOffsetIncrement="0,0" ID="Button">
			<ShowOnMouseOver>
				<AlphaAnim ID="BounceAnim" Anchor="L,T" Size="955,70" Offset="0,-3" Pause="0" Cycle="Bounce" Speed="1" AlphaStart="2" AlphaEnd="1">
					<Grid ID="BounceGrid" Size="955,70" Offset="0,0" Padding="0,0" Style="Grid9FrameTurnsHL"/>
				</AlphaAnim>
			</ShowOnMouseOver>

			<Box Anchor="L,T" Size="955,63" Color="19,32,46,0" ID="Box" />

			<Button Anchor="L,T" Offset="10,0" ID="GoToCity" Size="32,32" Texture="IconFrame32Search.dds" />

			<Stack Anchor="L,T" Offset="0,0" StackGrowth="Bottom" Padding="15" ID="CityEventInfoStack">
				<Label Anchor="L,T" Offset="50,5" Font="TwCenMT24" ColorSet="Beige_Black_Alpha" FontStyle="Shadow" WrapWidth="850" ID="CityEventChoiceLocation" />
				<Label Anchor="L,T" Offset="35,0" Font="TwCenMT20" ColorSet="Beige_Black_Alpha" FontStyle="Shadow" WrapWidth="850" ID="CityParentEventTitle" />
				<Label Anchor="L,T" Offset="35,0" Font="TwCenMT18" ColorSet="Beige_Black_Alpha" FontStyle="Shadow" WrapWidth="850" ID="CityEventChoiceTitle" />
				<Label Anchor="L,T" Offset="35,0" Font="TwCenMT16" ColorSet="Beige_Black_Alpha" FontStyle="Shadow" WrapWidth="850" ID="CityEventChoiceDuration" />
				<Label Anchor="L,T" Offset="35,0" Font="TwCenMT18" ColorSet="Beige_Black_Alpha" FontStyle="Shadow" WrapWidth="850" ID="CityEventChoiceHelpText" />
				<Image Hidden="0" Anchor="L,T" Offset="0,0" Texture="bar500x2.dds" Size="500.1" />
			</Stack>
		</Button>
	</Instance>
	<!-- BOTTOM PANEL-->
	<Grid  Anchor="C,C" Size="955,500" Color="255.255.200.0" Offset="0,30" Padding="0,0" Style="Grid9DetailSix140" ConsumeMouse="1" ID="BottomPanel">
		<Label ID="NoCityEvents" Offset="0,0" Anchor="C,C" String="{TXT_KEY_NO_CITY_EVENTS:upper}" WrapWidth="425" Font="TwCenMT22" ColorSet="Beige_Black_Alpha" FontStyle="Shadow" />
		<Box Anchor="L,T" Size="955,40" Offset="0,5" Color="0,0,0,0">
			<PullDown  Anchor="L,C" Offset="20,0" Style="GenericPullDown" ScrollThreshold="110" Size="260,27" AutoSizePopUp="1" SpaceForScroll="1" ID="SortByPullDown" />
		</Box>

		<ScrollPanel Anchor="L,T" Size="955,420" Offset="5,50" Vertical="1" ID="ItemScrollPanel" AutoScrollBar="0">
			<!-- Scroll Controls -->
			<ScrollBar Style="VertSlider" Length="384" Offset="0,18" Anchor="L,T" AnchorSide="I,I"/>
			<UpButton Offset="0,0" Style="ScrollBarUp" Anchor="L,T" AnchorSide="I,I"/>
			<DownButton Offset="0,0" Style="ScrollBarDown" Anchor="L,B" AnchorSide="I,I"/>
			<Stack Anchor="L,T" Offset="18,0" StackGrowth="Bottom" Padding="5" ID="ItemStack">
				<Stack ID="CityEventsStack" Anchor="L,T" Offset="0,0" StackGrowth="Bottom" Padding="10" Color="0.0.0.0"/>
			</Stack>

		</ScrollPanel>
	</Grid>
</Context>