<?xml version="1.0" encoding="utf-8"?>
<Context Font="TwCenMT14" FontStyle="Base" Color="Beige" Color1="Black">
	<Instance Name="ItemInstance">
		<Box ID="Box" Anchor="L,C" Offset="0,0" Size="560,53" Color="255,255,255,0">
			<Button Anchor="L,C" Size="560,53" Color="255,255,255,255" Offset="0,0" StateOffsetIncrement="0,0" ID="Button">
				<ShowOnMouseOver>
					<AlphaAnim Anchor="L,C" Size="560,56" Pause="0" ID="MOSelectionAnim" Cycle="Bounce" Speed="1" AlphaStart="2" AlphaEnd="1">
						<Grid Size="560,56" Offset="0,0" ID="MOSelectionAnimHL" Padding="0,0" Style="Grid9FrameTurnsHL"/>
					</AlphaAnim>
				</ShowOnMouseOver>
				<AlphaAnim Anchor="L,C" Size="560,56" Pause="0" Cycle="Bounce" Speed="1" AlphaStart="2" AlphaEnd="1" ID="SelectionAnim" Hidden="1">
					<Grid Size="560,56" Offset="0,0" Padding="0,0" ID="SelectionAnimHL" Style="Grid9FrameTurnsHL"/>
				</AlphaAnim>
				<Label Anchor="L,C" Offset="10,0" WrapWidth="490" Font="TwCenMT18" ColorSet="Beige_Black_Alpha" FontStyle="Shadow" ID="Name"/>
				<Image Anchor="C,B" Offset="0,0" Texture="bar340x2.dds" Size="340.1"/>
			</Button>
		</Box>
	</Instance>
	<Box Style="BGBlock_ClearTopBar"/>
	<Grid Size="560,520" ID="MainGrid" Anchor="C,C" Offset="0,0" Padding="0,0" Style="Grid9DetailFive140" ConsumeMouse="1">
		<!--=======================================================================================================================-->
		<!-- Side treatments -->
		<Box Style="MenuLeftSideTreatment"/>
		<Box Style="MenuRightSideTreatment"/>
		<!-- Title -->
		<Label Style="MenuTitleCaption" TruncateWidth="500" ID="TitleLabel"/>
		<!--=======================================================================================================================-->
		<!-- Body Text -->
		<ScrollPanel Anchor="L,T" Offset="15,50" Size="500,380" AutoScrollBar="1" Vertical="1" ID="ItemScrollPanel">
			<!-- Scroll Controls -->
			<ScrollBar ID="ScrollBar" Style="VertSlider" Length="167" Offset="5.195" Anchor="R,T" AnchorSide="O,I"/>
			<UpButton ID="ScrollBarU" Offset="5.177" Style="ScrollBarUp" Anchor="R,T" AnchorSide="O,I"/>
			<DownButton ID="ScrollBarD" Offset="5.0" Style="ScrollBarDown" Anchor="R,B" AnchorSide="O,I"/>
			<Stack Anchor="L,T" Offset="0,0" Size="560,350" Padding="10" StackGrowth="Bottom">
				<Image Anchor="C,T" Offset="-10,0" Hidden="0" Texture="EventFrame.dds" Size="365,105" ID="EventArtFrame">
					<Image Anchor="C,C" Offset="0,0" Hidden="0" Size="350,100" Texture="playereventdefaultbackground.dds" ID="EventArt"/>
				</Image>
				<Label Anchor="L,T" Offset="35,0" WrapWidth="450" LeadingOffset="-4" Font="TwCenMT18" FontStyle="Shadow" ColorSet="Beige_Black_Alpha" ID="DescriptionLabel"/>
				<Stack Anchor="L,T" Offset="0,0" StackGrowth="Bottom" Padding="0" ID="ItemStack"/>
			</Stack>
		</ScrollPanel>
		<!--=======================================================================================================================-->
      
		<!-- HIDE BUTTON  -->
		<GridButton Anchor="L,B" Style="SmallButton" Size="120,32" Offset="30,50" ToolTip="TXT_KEY_HIDE_TT" StateOffsetIncrement="0,0" ID="HideButton">
			<Label Anchor="C,C" Offset="0,0" String="TXT_KEY_HIDE" ToolTip="TXT_KEY_HIDE_TT" Font="TwCenMT18" ColorSet="Beige_Black_Alpha" FontStyle="Shadow"/>
		</GridButton>
		<!-- CONFIRM BUTTON  -->
		<Box Anchor="R,B" AnchorSide="I.I" Offset="0,54" Size="520,56" Color="255,255,255,0">
			<GridButton Anchor="R,B" Style="SmallButton" Size="150,32" Offset="40,-5" StateOffsetIncrement="0,0" ID="ConfirmButton">
				<Label Anchor="C,C" Offset="0,0" String="TXT_KEY_OK_BUTTON" Font="TwCenMT18" ColorSet="Beige_Black_Alpha" FontStyle="Shadow"/>
			</GridButton>
		</Box>
	</Grid>
</Context>
