<?xml version="1.0" encoding="utf-8"?>
<Context Font="TwCenMT20" FontStyle="Shadow" ColorSet="Beige_Black_Alpha">

	<Box Style="BGBlock_ClearTopBar" />
	<Grid Size="1000,658" Anchor="C,C" Offset="0,36" Padding="0,0" Style="Grid9DetailFive140" ConsumeMouse="1">

		<!-- Upper Treatment -->
		<Image Anchor="C,T" AnchorSide="I.O" Size="256,64" Offset="0,-14"  Texture="assets\UI\Art\Icons\Top512IconTrim.dds" >
			<Image ID="CivIconBG" Size="64.64" Anchor="C,C" Offset="-1,-1" TextureOffset="77,0" Texture="CivIconBGSizes.dds" />
			<Image ID="CivIconShadow" Size="48.48" Anchor="C,C" Offset="0,0" Texture="CivSymbolAtlas48.dds" Color="Black.128"/>
			<Image ID="CivIcon" Size="48,48" Offset="-1,-1"  Anchor="C,C" Texture="CivSymbolsColor512.dds" />
		</Image>

    <!-- Side treatments -->
    <Box Style="MenuLeftSideTreatment"/>
    <Box Style="MenuRightSideTreatment"/>

		<!-- Panel Header Text -->
		<Label Style="MenuTitleCaption" String="TXT_KEY_EVENT_OVERVIEW" ID="Title" />

		<!-- Top Panel  -->
		<Box Anchor="C,T" Size="955,32" Offset="0,44" Color="0.0.0.128" >

			<Stack Anchor="C,T" Size="971,32" Offset="0,0" Padding="0" StackGrowth="Right">

				<Button  Anchor="L,T" Size="250,24" Offset="0,0" String="TXT_KEY_PLAYER_EVENT_INFORMATION" ToolTip="TXT_KEY_RECENT_CHOICE_TT" ID="PlayerEvents" >
					<ShowOnMouseOver>
						<AlphaAnim Anchor="L,C" Size="250,27" Pause="0" Cycle="Bounce" Speed="1" AlphaStart="2" AlphaEnd="1"  >
							<Grid   Size="250,27" Offset="0,2" Padding="0,0" Style="Grid9FrameTurnsHL" />
						</AlphaAnim>
					</ShowOnMouseOver>
					<!-- Selected State  -->
					<Grid Anchor="C,C" Offset="0,1" Size="250,26"  Style="Grid9FrameTurns" Hidden="1" ID="PlayerEventsInfoHighlight" />
				</Button>

				<Button  Anchor="L,T" Size="250,24" Offset="0,0" String="TXT_KEY_CITY_EVENT_INFORMATION" ToolTip="TXT_KEY_RECENT_CHOICE_TT" ID="CityEvents" >
					<ShowOnMouseOver>
						<AlphaAnim Anchor="L,C" Size="250,27" Pause="0" Cycle="Bounce" Speed="1" AlphaStart="2" AlphaEnd="1"  >
							<Grid   Size="250,27" Offset="0,2" Padding="0,0" Style="Grid9FrameTurnsHL" />
						</AlphaAnim>
					</ShowOnMouseOver>
					<!-- Selected State  -->
					<Grid Anchor="C,C" Offset="0,1" Size="250,26"  Style="Grid9FrameTurns" Hidden="1" ID="CityEventsInfoHighlight" />
				</Button>

				<Button  Anchor="L,T" Size="250,24" Offset="0,0" String="TXT_KEY_RECENT_EVENT_INFORMATION" ToolTip="TXT_KEY_RECENT_EVENT_TT" ID="RecentEvents" >
					<ShowOnMouseOver>
						<AlphaAnim Anchor="L,C" Size="250,27" Pause="0" Cycle="Bounce" Speed="1" AlphaStart="2" AlphaEnd="1"  >
							<Grid   Size="250,27" Offset="0,2" Padding="0,0" Style="Grid9FrameTurnsHL" />
						</AlphaAnim>
					</ShowOnMouseOver>
					<!-- Selected State  -->
					<Grid Anchor="C,C" Offset="0,1" Size="250,26"  Style="Grid9FrameTurns" Hidden="1" ID="RecentEventsInfoHighlight" />
				</Button>

				<Button  Anchor="L,T" Size="250,24" Offset="0,0" String="TXT_KEY_CITY_RECENT_EVENT_INFORMATION" ToolTip="TXT_KEY_RECENT_EVENT_TT" ID="CityRecentEvents" >
					<ShowOnMouseOver>
						<AlphaAnim Anchor="L,C" Size="250,27" Pause="0" Cycle="Bounce" Speed="1" AlphaStart="2" AlphaEnd="1"  >
							<Grid   Size="250,27" Offset="0,2" Padding="0,0" Style="Grid9FrameTurnsHL" />
						</AlphaAnim>
					</ShowOnMouseOver>
					<!-- Selected State  -->
					<Grid Anchor="C,C" Offset="0,1" Size="250,26"  Style="Grid9FrameTurns" Hidden="1" ID="CityRecentEventsInfoHighlight" />
				</Button>
			</Stack>
			<Image Anchor="C,B" Offset="0,0" Texture="HorizontalTrim.dds" Size="971.5" />


		</Box>

		<Box Anchor="C,B" AnchorSide="I.I" Offset="0,54"   Size="960,56" Color="255,255,255,0" >
			<!-- Close Button  -->
			<GridButton Anchor="L,B"  Style="SmallButton" Size="150,32"  Offset="14,0" StateOffsetIncrement="0,0" ID="CloseButton"  >
				<Label Anchor="C,C"  Offset="0,0"  String="TXT_KEY_CLOSE" Font="TwCenMT18" ColorSet="Beige_Black_Alpha" FontStyle="Shadow"  />
			</GridButton>
		</Box>


		<Image Anchor="L,B" Offset="18,110" Texture="HorizontalTrim.dds" Size="966.5" />


	</Grid>

	<LuaContext FileName="Assets/UI/InGame/Popups/PlayerEventsInfo" ID="PlayerEventsInfo" Hidden="0" />
	<LuaContext FileName="Assets/UI/InGame/Popups/CityEventsInfo" ID="CityEventsInfo" Hidden="1" />
	<LuaContext FileName="Assets/UI/InGame/Popups/RecentEventsInfo" ID="RecentEventsInfo" Hidden="1" />
	<LuaContext FileName="Assets/UI/InGame/Popups/CityRecentEventsInfo" ID="CityRecentEventsInfo" Hidden="1" />
</Context>