<?xml version="1.0" encoding="utf-8"?>
<!-- Created by ModBuddy on 8/26/2015 11:05:04 AM -->
<GameData>
	<Automates>
		<Row>
			<Type>AUTOMATE_MISSIONARY</Type>
			<Description>TXT_KEY_ACTION_AUTOMATE_MISSIONARY</Description>
			<Help>TXT_KEY_ACTION_AUTOMATE_MISSIONARY_HELP</Help>
			<DisabledHelp>TXT_KEY_ACTION_AUTOMATE_MISSIONARY_DISABLED_HELP</DisabledHelp>>
			<HotKey>KB_E</HotKey>
			<OrderPriority>1</OrderPriority>
			<Command>COMMAND_AUTOMATE</Command>
			<Automate>AUTOMATE_MISSIONARY</Automate>
			<Visible>true</Visible>
			<IconIndex>43</IconIndex>
			<IconAtlas>UNIT_ACTION_ATLAS</IconAtlas>
		</Row>
	</Automates>
	<Automates>
		<Row>
			<Type>AUTOMATE_ARCHAEOLOGIST</Type>
			<Description>TXT_KEY_ACTION_AUTOMATE_ARCHAEOLOGIST</Description>
			<Help>TXT_KEY_ACTION_AUTOMATE_ARCHAEOLOGIST_HELP</Help>
			<DisabledHelp>TXT_KEY_ACTION_AUTOMATE_ARCHAEOLOGIST_DISABLED_HELP</DisabledHelp>>
			<HotKey>KB_E</HotKey>
			<OrderPriority>1</OrderPriority>
			<Command>COMMAND_AUTOMATE</Command>
			<Automate>AUTOMATE_ARCHAEOLOGIST</Automate>
			<Visible>true</Visible>
			<IconIndex>43</IconIndex>
			<IconAtlas>UNIT_ACTION_ATLAS</IconAtlas>
		</Row>
	</Automates>
</GameData>