<?xml version="1.0" encoding="utf-8"?>
<!-- Created by ModBuddy on 6/29/2015 4:25:27 PM -->
<GameData>
	<CitySpecializations>
		<Delete Type="CITYSPECIALIZATION_GENERAL_ECONOMIC"/>
		<Row>
			<ID>8</ID>
			<Type>CITYSPECIALIZATION_CULTURE</Type>
			<YieldType>YIELD_CULTURE</YieldType>
		</Row>
		<Row>
			<ID>9</ID>
			<Type>CITYSPECIALIZATION_FAITH</Type>
			<YieldType>YIELD_FAITH</YieldType>
		</Row>
		<Row>
			<ID/>
			<Type>CITYSPECIALIZATION_GENERAL_ECONOMIC</Type>
			<IsDefault>true</IsDefault>
		</Row>
	</CitySpecializations>
	<CitySpecialization_Flavors>
		<Row>
			<CitySpecializationType>CITYSPECIALIZATION_CULTURE</CitySpecializationType>
			<FlavorType>FLAVOR_GREAT_PEOPLE</FlavorType>
			<Flavor>100</Flavor>
		</Row>
		<Row>
			<CitySpecializationType>CITYSPECIALIZATION_CULTURE</CitySpecializationType>
			<FlavorType>FLAVOR_CULTURE</FlavorType>
			<Flavor>200</Flavor>
		</Row>
		<Row>
			<CitySpecializationType>CITYSPECIALIZATION_FAITH</CitySpecializationType>
			<FlavorType>FLAVOR_RELIGION</FlavorType>
			<Flavor>60</Flavor>
		</Row>
		<Row>
			<CitySpecializationType>CITYSPECIALIZATION_FAITH</CitySpecializationType>
			<FlavorType>FLAVOR_CULTURE</FlavorType>
			<Flavor>30</Flavor>
		</Row>
	</CitySpecialization_Flavors>
	<CitySpecialization_TargetYields>
		<Row>
			<CitySpecializationType>CITYSPECIALIZATION_CULTURE</CitySpecializationType>
			<YieldType>YIELD_FOOD</YieldType>
			<Yield>233</Yield>
		</Row>
		<Row>
			<CitySpecializationType>CITYSPECIALIZATION_CULTURE</CitySpecializationType>
			<YieldType>YIELD_PRODUCTION</YieldType>
			<Yield>100</Yield>
		</Row>
		<Row>
			<CitySpecializationType>CITYSPECIALIZATION_CULTURE</CitySpecializationType>
			<YieldType>YIELD_GOLD</YieldType>
			<Yield>100</Yield>
		</Row>
		<Row>
			<CitySpecializationType>CITYSPECIALIZATION_CULTURE</CitySpecializationType>
			<YieldType>YIELD_SCIENCE</YieldType>
			<Yield>125</Yield>
		</Row>
		<Row>
			<CitySpecializationType>CITYSPECIALIZATION_CULTURE</CitySpecializationType>
			<YieldType>YIELD_CULTURE</YieldType>
			<Yield>250</Yield>
		</Row>
		<Row>
			<CitySpecializationType>CITYSPECIALIZATION_CULTURE</CitySpecializationType>
			<YieldType>YIELD_FAITH</YieldType>
			<Yield>50</Yield>
		</Row>
		<Row>
			<CitySpecializationType>CITYSPECIALIZATION_FAITH</CitySpecializationType>
			<YieldType>YIELD_FAITH</YieldType>
			<Yield>250</Yield>
		</Row>
		<Row>
			<CitySpecializationType>CITYSPECIALIZATION_FAITH</CitySpecializationType>
			<YieldType>YIELD_FOOD</YieldType>
			<Yield>233</Yield>
		</Row>
		<Row>
			<CitySpecializationType>CITYSPECIALIZATION_FAITH</CitySpecializationType>
			<YieldType>YIELD_PRODUCTION</YieldType>
			<Yield>100</Yield>
		</Row>
		<Row>
			<CitySpecializationType>CITYSPECIALIZATION_FAITH</CitySpecializationType>
			<YieldType>YIELD_GOLD</YieldType>
			<Yield>75</Yield>
		</Row>
		<Row>
			<CitySpecializationType>CITYSPECIALIZATION_FAITH</CitySpecializationType>
			<YieldType>YIELD_SCIENCE</YieldType>
			<Yield>125</Yield>
		</Row>
		<Row>
			<CitySpecializationType>CITYSPECIALIZATION_FAITH</CitySpecializationType>
			<YieldType>YIELD_CULTURE</YieldType>
			<Yield>75</Yield>
		</Row>

		<Row>
			<CitySpecializationType>CITYSPECIALIZATION_COMMERCE</CitySpecializationType>
			<YieldType>YIELD_CULTURE</YieldType>
			<Yield>75</Yield>
		</Row>
		<Row>
			<CitySpecializationType>CITYSPECIALIZATION_COMMERCE</CitySpecializationType>
			<YieldType>YIELD_FAITH</YieldType>
			<Yield>50</Yield>
		</Row>

		<Row>
			<CitySpecializationType>CITYSPECIALIZATION_EMERGENCY_UNITS</CitySpecializationType>
			<YieldType>YIELD_CULTURE</YieldType>
			<Yield>75</Yield>
		</Row>
		<Row>
			<CitySpecializationType>CITYSPECIALIZATION_EMERGENCY_UNITS</CitySpecializationType>
			<YieldType>YIELD_FAITH</YieldType>
			<Yield>50</Yield>
		</Row>

		<Row>
			<CitySpecializationType>CITYSPECIALIZATION_GENERAL_ECONOMIC</CitySpecializationType>
			<YieldType>YIELD_CULTURE</YieldType>
			<Yield>75</Yield>
		</Row>
		<Row>
			<CitySpecializationType>CITYSPECIALIZATION_GENERAL_ECONOMIC</CitySpecializationType>
			<YieldType>YIELD_FAITH</YieldType>
			<Yield>50</Yield>
		</Row>

		<Row>
			<CitySpecializationType>CITYSPECIALIZATION_MILITARY_NAVAL</CitySpecializationType>
			<YieldType>YIELD_CULTURE</YieldType>
			<Yield>75</Yield>
		</Row>
		<Row>
			<CitySpecializationType>CITYSPECIALIZATION_MILITARY_NAVAL</CitySpecializationType>
			<YieldType>YIELD_FAITH</YieldType>
			<Yield>50</Yield>
		</Row>

		<Row>
			<CitySpecializationType>CITYSPECIALIZATION_MILITARY_TRAINING</CitySpecializationType>
			<YieldType>YIELD_CULTURE</YieldType>
			<Yield>75</Yield>
		</Row>
		<Row>
			<CitySpecializationType>CITYSPECIALIZATION_MILITARY_TRAINING</CitySpecializationType>
			<YieldType>YIELD_FAITH</YieldType>
			<Yield>50</Yield>
		</Row>

		<Row>
			<CitySpecializationType>CITYSPECIALIZATION_PRODUCTION_SPACESHIP</CitySpecializationType>
			<YieldType>YIELD_CULTURE</YieldType>
			<Yield>75</Yield>
		</Row>
		<Row>
			<CitySpecializationType>CITYSPECIALIZATION_PRODUCTION_SPACESHIP</CitySpecializationType>
			<YieldType>YIELD_FAITH</YieldType>
			<Yield>50</Yield>
		</Row>

		<Row>
			<CitySpecializationType>CITYSPECIALIZATION_PRODUCTION_WONDER</CitySpecializationType>
			<YieldType>YIELD_CULTURE</YieldType>
			<Yield>75</Yield>
		</Row>
		<Row>
			<CitySpecializationType>CITYSPECIALIZATION_PRODUCTION_WONDER</CitySpecializationType>
			<YieldType>YIELD_FAITH</YieldType>
			<Yield>50</Yield>
		</Row>

		<Row>
			<CitySpecializationType>CITYSPECIALIZATION_SETTLER_PUMP</CitySpecializationType>
			<YieldType>YIELD_CULTURE</YieldType>
			<Yield>75</Yield>
		</Row>
		<Row>
			<CitySpecializationType>CITYSPECIALIZATION_SETTLER_PUMP</CitySpecializationType>
			<YieldType>YIELD_FAITH</YieldType>
			<Yield>50</Yield>
		</Row>
	</CitySpecialization_TargetYields>
	<Defines>
		<Row Name="FRIENDS_GOLD_FLAT_BONUS_AMOUNT_INDUSTRIAL">
			<Value>0</Value>
		</Row>
		<Row Name="FRIENDS_GOLD_FLAT_BONUS_AMOUNT_RENAISSANCE">
			<Value>0</Value>
		</Row>
		<Row Name="FRIENDS_GOLD_FLAT_BONUS_AMOUNT_MEDIEVAL">
			<Value>0</Value>
		</Row>
		<Row Name="FRIENDS_GOLD_FLAT_BONUS_AMOUNT_CLASSICAL">
			<Value>0</Value>
		</Row>
		<Row Name="FRIENDS_GOLD_FLAT_BONUS_AMOUNT_ANCIENT">
			<Value>0</Value>
		</Row>
		<Row Name="ALLIES_GOLD_FLAT_BONUS_AMOUNT_INDUSTRIAL">
			<Value>0</Value>
		</Row>
		<Row Name="ALLIES_GOLD_FLAT_BONUS_AMOUNT_RENAISSANCE">
			<Value>0</Value>
		</Row>
		<Row Name="ALLIES_GOLD_FLAT_BONUS_AMOUNT_MEDIEVAL">
			<Value>0</Value>
		</Row>
		<Row Name="ALLIES_GOLD_FLAT_BONUS_AMOUNT_CLASSICAL">
			<Value>0</Value>
		</Row>
		<Row Name="ALLIES_GOLD_FLAT_BONUS_AMOUNT_ANCIENT">
			<Value>0</Value>
		</Row>
		<Row Name="FRIENDS_SCIENCE_FLAT_BONUS_AMOUNT_INDUSTRIAL">
			<Value>0</Value>
		</Row>
		<Row Name="FRIENDS_SCIENCE_FLAT_BONUS_AMOUNT_RENAISSANCE">
			<Value>0</Value>
		</Row>
		<Row Name="FRIENDS_SCIENCE_FLAT_BONUS_AMOUNT_MEDIEVAL">
			<Value>0</Value>
		</Row>
		<Row Name="FRIENDS_SCIENCE_FLAT_BONUS_AMOUNT_CLASSICAL">
			<Value>0</Value>
		</Row>
		<Row Name="FRIENDS_SCIENCE_FLAT_BONUS_AMOUNT_ANCIENT">
			<Value>0</Value>
		</Row>
		<Row Name="ALLIES_SCIENCE_FLAT_BONUS_AMOUNT_INDUSTRIAL">
			<Value>0</Value>
		</Row>
		<Row Name="ALLIES_SCIENCE_FLAT_BONUS_AMOUNT_RENAISSANCE">
			<Value>0</Value>
		</Row>
		<Row Name="ALLIES_SCIENCE_FLAT_BONUS_AMOUNT_MEDIEVAL">
			<Value>0</Value>
		</Row>
		<Row Name="ALLIES_SCIENCE_FLAT_BONUS_AMOUNT_CLASSICAL">
			<Value>0</Value>
		</Row>
		<Row Name="ALLIES_SCIENCE_FLAT_BONUS_AMOUNT_ANCIENT">
			<Value>0</Value>
		</Row>
		<Row Name="TRADE_ROUTE_CULTURE_DIVISOR_TIMES100">
			<Value>200</Value>
		</Row>
		<Row Name="TRADE_ROUTE_CS_ALLY_CULTURE_DELTA">
			<Value>2</Value>
		</Row>
		<Row Name="TRADE_ROUTE_CS_FRIEND_CULTURE_DELTA">
			<Value>1</Value>
		</Row>
		<Row Name="POLICY_COST_EXTRA_VALUE">
			<Value>0.0</Value>
		</Row>
		<Row Name="BLOCKADE_GOLD_PENALTY">
			<Value>0</Value>
		</Row>
		<Row Name="GREAT_WORK_CULTURE_MULTIPLIER">
			<Value>0</Value>
		</Row>
		<Row Name="THEME_GREAT_WORK_GA_MULTIPLIER">
			<Value>0</Value>
		</Row>
		<Row Name="MINOR_MAX_XP_VALUE">
			<Value>-1</Value>
		</Row>
	</Defines>
	
	<!-- Specialists -->
	<SpecialistFlavors>
		<Row>
			<SpecialistType>SPECIALIST_WRITER</SpecialistType>
			<FlavorType>FLAVOR_CULTURE</FlavorType>
			<Flavor>3</Flavor>
		</Row>
		<Row>
			<SpecialistType>SPECIALIST_ARTIST</SpecialistType>
			<FlavorType>FLAVOR_CULTURE</FlavorType>
			<Flavor>3</Flavor>
		</Row>
		<Row>
			<SpecialistType>SPECIALIST_MUSICIAN</SpecialistType>
			<FlavorType>FLAVOR_CULTURE</FlavorType>
			<Flavor>3</Flavor>
		</Row>
		<Row>
			<SpecialistType>SPECIALIST_SCIENTIST</SpecialistType>
			<FlavorType>FLAVOR_SCIENCE</FlavorType>
			<Flavor>3</Flavor>
		</Row>
		<Row>
			<SpecialistType>SPECIALIST_MERCHANT</SpecialistType>
			<FlavorType>FLAVOR_GOLD</FlavorType>
			<Flavor>3</Flavor>
		</Row>
		<Row>
			<SpecialistType>SPECIALIST_ENGINEER</SpecialistType>
			<FlavorType>FLAVOR_PRODUCTION</FlavorType>
			<Flavor>3</Flavor>
		</Row>
	</SpecialistFlavors>
	<ReplayDataSets>
		<Row>
			<Type>REPLAYDATASET_TOURISMPERTURN</Type>
			<Description>TXT_KEY_REPLAY_VIEWER_GRAPHBY_TOURISM</Description>
		</Row>
		<Row>
			<Type>REPLAYDATASET_GAPPERTURN</Type>
			<Description>TXT_KEY_REPLAY_VIEWER_GRAPHBY_GAP</Description>
		</Row>
	</ReplayDataSets>
</GameData>