<?xml version="1.0" encoding="utf-8"?>
<!-- Created by ModBuddy on 5/29/2014 8:57:08 AM -->
<GameData>
	<Civilization_SpyNames>
		<!-- America - Flavoured -->
		<Row>
			<CivilizationType>CIVILIZATION_AMERICA</CivilizationType>
			<SpyName>TXT_KEY_SPY_NAME_AMERICA_10</SpyName>
		</Row>
		<Row>
			<CivilizationType>CIVILIZATION_AMERICA</CivilizationType>
			<SpyName>TXT_KEY_SPY_NAME_AMERICA_11</SpyName>
		</Row>
		<Row>
			<CivilizationType>CIVILIZATION_AMERICA</CivilizationType>
			<SpyName>TXT_KEY_SPY_NAME_AMERICA_12</SpyName>
		</Row>
		<Row>
			<CivilizationType>CIVILIZATION_AMERICA</CivilizationType>
			<SpyName>TXT_KEY_SPY_NAME_AMERICA_13</SpyName>
		</Row>
		<Row>
			<CivilizationType>CIVILIZATION_AMERICA</CivilizationType>
			<SpyName>TXT_KEY_SPY_NAME_AMERICA_14</SpyName>
		</Row>
		<Row>
			<CivilizationType>CIVILIZATION_AMERICA</CivilizationType>
			<SpyName>TXT_KEY_SPY_NAME_AMERICA_15</SpyName>
		</Row>
		<Row>
			<CivilizationType>CIVILIZATION_AMERICA</CivilizationType>
			<SpyName>TXT_KEY_SPY_NAME_AMERICA_16</SpyName>
		</Row>
		<Row>
			<CivilizationType>CIVILIZATION_AMERICA</CivilizationType>
			<SpyName>TXT_KEY_SPY_NAME_AMERICA_17</SpyName>
		</Row>
		<Row>
			<CivilizationType>CIVILIZATION_AMERICA</CivilizationType>
			<SpyName>TXT_KEY_SPY_NAME_AMERICA_18</SpyName>
		</Row>
		<Row>
			<CivilizationType>CIVILIZATION_AMERICA</CivilizationType>
			<SpyName>TXT_KEY_SPY_NAME_AMERICA_19</SpyName>
		</Row>
		<Row>
			<CivilizationType>CIVILIZATION_AMERICA</CivilizationType>
			<SpyName>TXT_KEY_SPY_NAME_AMERICA_20</SpyName>
		</Row>
		<Row>
			<CivilizationType>CIVILIZATION_AMERICA</CivilizationType>
			<SpyName>TXT_KEY_SPY_NAME_AMERICA_21</SpyName>
		</Row>
		<Row>
			<CivilizationType>CIVILIZATION_AMERICA</CivilizationType>
			<SpyName>TXT_KEY_SPY_NAME_AMERICA_22</SpyName>
		</Row>
		<Row>
			<CivilizationType>CIVILIZATION_AMERICA</CivilizationType>
			<SpyName>TXT_KEY_SPY_NAME_AMERICA_23</SpyName>
		</Row>
		<Row>
			<CivilizationType>CIVILIZATION_AMERICA</CivilizationType>
			<SpyName>TXT_KEY_SPY_NAME_AMERICA_24</SpyName>
		</Row>
		<!-- ARABIA - Flavoured -->
		<Row>
			<CivilizationType>CIVILIZATION_ARABIA</CivilizationType>
			<SpyName>TXT_KEY_SPY_NAME_ARABIA_10</SpyName>
		</Row>
		<Row>
			<CivilizationType>CIVILIZATION_ARABIA</CivilizationType>
			<SpyName>TXT_KEY_SPY_NAME_ARABIA_11</SpyName>
		</Row>
		<Row>
			<CivilizationType>CIVILIZATION_ARABIA</CivilizationType>
			<SpyName>TXT_KEY_SPY_NAME_ARABIA_12</SpyName>
		</Row>
		<Row>
			<CivilizationType>CIVILIZATION_ARABIA</CivilizationType>
			<SpyName>TXT_KEY_SPY_NAME_ARABIA_13</SpyName>
		</Row>
		<Row>
			<CivilizationType>CIVILIZATION_ARABIA</CivilizationType>
			<SpyName>TXT_KEY_SPY_NAME_ARABIA_14</SpyName>
		</Row>
		<Row>
			<CivilizationType>CIVILIZATION_ARABIA</CivilizationType>
			<SpyName>TXT_KEY_SPY_NAME_ARABIA_15</SpyName>
		</Row>
		<Row>
			<CivilizationType>CIVILIZATION_ARABIA</CivilizationType>
			<SpyName>TXT_KEY_SPY_NAME_ARABIA_16</SpyName>
		</Row>
		<Row>
			<CivilizationType>CIVILIZATION_ARABIA</CivilizationType>
			<SpyName>TXT_KEY_SPY_NAME_ARABIA_17</SpyName>
		</Row>
		<Row>
			<CivilizationType>CIVILIZATION_ARABIA</CivilizationType>
			<SpyName>TXT_KEY_SPY_NAME_ARABIA_18</SpyName>
		</Row>
		<Row>
			<CivilizationType>CIVILIZATION_ARABIA</CivilizationType>
			<SpyName>TXT_KEY_SPY_NAME_ARABIA_19</SpyName>
		</Row>
		<Row>
			<CivilizationType>CIVILIZATION_ARABIA</CivilizationType>
			<SpyName>TXT_KEY_SPY_NAME_ARABIA_20</SpyName>
		</Row>
		<Row>
			<CivilizationType>CIVILIZATION_ARABIA</CivilizationType>
			<SpyName>TXT_KEY_SPY_NAME_ARABIA_21</SpyName>
		</Row>
		<Row>
			<CivilizationType>CIVILIZATION_ARABIA</CivilizationType>
			<SpyName>TXT_KEY_SPY_NAME_ARABIA_22</SpyName>
		</Row>
		<Row>
			<CivilizationType>CIVILIZATION_ARABIA</CivilizationType>
			<SpyName>TXT_KEY_SPY_NAME_ARABIA_23</SpyName>
		</Row>
		<Row>
			<CivilizationType>CIVILIZATION_ARABIA</CivilizationType>
			<SpyName>TXT_KEY_SPY_NAME_ARABIA_24</SpyName>
		</Row>
		<!-- AZTEC - Flavoured -->
		<Row>
			<CivilizationType>CIVILIZATION_AZTEC</CivilizationType>
			<SpyName>TXT_KEY_SPY_NAME_AZTEC_10</SpyName>
		</Row>
		<Row>
			<CivilizationType>CIVILIZATION_AZTEC</CivilizationType>
			<SpyName>TXT_KEY_SPY_NAME_AZTEC_11</SpyName>
		</Row>
		<Row>
			<CivilizationType>CIVILIZATION_AZTEC</CivilizationType>
			<SpyName>TXT_KEY_SPY_NAME_AZTEC_12</SpyName>
		</Row>
		<Row>
			<CivilizationType>CIVILIZATION_AZTEC</CivilizationType>
			<SpyName>TXT_KEY_SPY_NAME_AZTEC_13</SpyName>
		</Row>
		<Row>
			<CivilizationType>CIVILIZATION_AZTEC</CivilizationType>
			<SpyName>TXT_KEY_SPY_NAME_AZTEC_14</SpyName>
		</Row>
		<Row>
			<CivilizationType>CIVILIZATION_AZTEC</CivilizationType>
			<SpyName>TXT_KEY_SPY_NAME_AZTEC_15</SpyName>
		</Row>
		<Row>
			<CivilizationType>CIVILIZATION_AZTEC</CivilizationType>
			<SpyName>TXT_KEY_SPY_NAME_AZTEC_16</SpyName>
		</Row>
		<Row>
			<CivilizationType>CIVILIZATION_AZTEC</CivilizationType>
			<SpyName>TXT_KEY_SPY_NAME_AZTEC_17</SpyName>
		</Row>
		<Row>
			<CivilizationType>CIVILIZATION_AZTEC</CivilizationType>
			<SpyName>TXT_KEY_SPY_NAME_AZTEC_18</SpyName>
		</Row>
		<Row>
			<CivilizationType>CIVILIZATION_AZTEC</CivilizationType>
			<SpyName>TXT_KEY_SPY_NAME_AZTEC_19</SpyName>
		</Row>
		<Row>
			<CivilizationType>CIVILIZATION_AZTEC</CivilizationType>
			<SpyName>TXT_KEY_SPY_NAME_AZTEC_20</SpyName>
		</Row>
		<Row>
			<CivilizationType>CIVILIZATION_AZTEC</CivilizationType>
			<SpyName>TXT_KEY_SPY_NAME_AZTEC_21</SpyName>
		</Row>
		<Row>
			<CivilizationType>CIVILIZATION_AZTEC</CivilizationType>
			<SpyName>TXT_KEY_SPY_NAME_AZTEC_22</SpyName>
		</Row>
		<Row>
			<CivilizationType>CIVILIZATION_AZTEC</CivilizationType>
			<SpyName>TXT_KEY_SPY_NAME_AZTEC_23</SpyName>
		</Row>
		<Row>
			<CivilizationType>CIVILIZATION_AZTEC</CivilizationType>
			<SpyName>TXT_KEY_SPY_NAME_AZTEC_24</SpyName>
		</Row>
		<!-- CHINA - Flavoured -->
		<Row>
			<CivilizationType>CIVILIZATION_CHINA</CivilizationType>
			<SpyName>TXT_KEY_SPY_NAME_CHINA_10</SpyName>
		</Row>
		<Row>
			<CivilizationType>CIVILIZATION_CHINA</CivilizationType>
			<SpyName>TXT_KEY_SPY_NAME_CHINA_11</SpyName>
		</Row>
		<Row>
			<CivilizationType>CIVILIZATION_CHINA</CivilizationType>
			<SpyName>TXT_KEY_SPY_NAME_CHINA_12</SpyName>
		</Row>
		<Row>
			<CivilizationType>CIVILIZATION_CHINA</CivilizationType>
			<SpyName>TXT_KEY_SPY_NAME_CHINA_13</SpyName>
		</Row>
		<Row>
			<CivilizationType>CIVILIZATION_CHINA</CivilizationType>
			<SpyName>TXT_KEY_SPY_NAME_CHINA_14</SpyName>
		</Row>
		<Row>
			<CivilizationType>CIVILIZATION_CHINA</CivilizationType>
			<SpyName>TXT_KEY_SPY_NAME_CHINA_15</SpyName>
		</Row>
		<Row>
			<CivilizationType>CIVILIZATION_CHINA</CivilizationType>
			<SpyName>TXT_KEY_SPY_NAME_CHINA_16</SpyName>
		</Row>
		<Row>
			<CivilizationType>CIVILIZATION_CHINA</CivilizationType>
			<SpyName>TXT_KEY_SPY_NAME_CHINA_17</SpyName>
		</Row>
		<Row>
			<CivilizationType>CIVILIZATION_CHINA</CivilizationType>
			<SpyName>TXT_KEY_SPY_NAME_CHINA_18</SpyName>
		</Row>
		<Row>
			<CivilizationType>CIVILIZATION_CHINA</CivilizationType>
			<SpyName>TXT_KEY_SPY_NAME_CHINA_19</SpyName>
		</Row>
		<Row>
			<CivilizationType>CIVILIZATION_CHINA</CivilizationType>
			<SpyName>TXT_KEY_SPY_NAME_CHINA_20</SpyName>
		</Row>
		<Row>
			<CivilizationType>CIVILIZATION_CHINA</CivilizationType>
			<SpyName>TXT_KEY_SPY_NAME_CHINA_21</SpyName>
		</Row>
		<Row>
			<CivilizationType>CIVILIZATION_CHINA</CivilizationType>
			<SpyName>TXT_KEY_SPY_NAME_CHINA_22</SpyName>
		</Row>
		<Row>
			<CivilizationType>CIVILIZATION_CHINA</CivilizationType>
			<SpyName>TXT_KEY_SPY_NAME_CHINA_23</SpyName>
		</Row>
		<Row>
			<CivilizationType>CIVILIZATION_CHINA</CivilizationType>
			<SpyName>TXT_KEY_SPY_NAME_CHINA_24</SpyName>
		</Row>
		<!-- EGYPT - Flavoured -->
		<Row>
			<CivilizationType>CIVILIZATION_EGYPT</CivilizationType>
			<SpyName>TXT_KEY_SPY_NAME_EGYPT_10</SpyName>
		</Row>
		<Row>
			<CivilizationType>CIVILIZATION_EGYPT</CivilizationType>
			<SpyName>TXT_KEY_SPY_NAME_EGYPT_11</SpyName>
		</Row>
		<Row>
			<CivilizationType>CIVILIZATION_EGYPT</CivilizationType>
			<SpyName>TXT_KEY_SPY_NAME_EGYPT_12</SpyName>
		</Row>
		<Row>
			<CivilizationType>CIVILIZATION_EGYPT</CivilizationType>
			<SpyName>TXT_KEY_SPY_NAME_EGYPT_13</SpyName>
		</Row>
		<Row>
			<CivilizationType>CIVILIZATION_EGYPT</CivilizationType>
			<SpyName>TXT_KEY_SPY_NAME_EGYPT_14</SpyName>
		</Row>
		<Row>
			<CivilizationType>CIVILIZATION_EGYPT</CivilizationType>
			<SpyName>TXT_KEY_SPY_NAME_EGYPT_15</SpyName>
		</Row>
		<Row>
			<CivilizationType>CIVILIZATION_EGYPT</CivilizationType>
			<SpyName>TXT_KEY_SPY_NAME_EGYPT_16</SpyName>
		</Row>
		<Row>
			<CivilizationType>CIVILIZATION_EGYPT</CivilizationType>
			<SpyName>TXT_KEY_SPY_NAME_EGYPT_17</SpyName>
		</Row>
		<Row>
			<CivilizationType>CIVILIZATION_EGYPT</CivilizationType>
			<SpyName>TXT_KEY_SPY_NAME_EGYPT_18</SpyName>
		</Row>
		<Row>
			<CivilizationType>CIVILIZATION_EGYPT</CivilizationType>
			<SpyName>TXT_KEY_SPY_NAME_EGYPT_19</SpyName>
		</Row>
		<Row>
			<CivilizationType>CIVILIZATION_EGYPT</CivilizationType>
			<SpyName>TXT_KEY_SPY_NAME_EGYPT_20</SpyName>
		</Row>
		<Row>
			<CivilizationType>CIVILIZATION_EGYPT</CivilizationType>
			<SpyName>TXT_KEY_SPY_NAME_EGYPT_21</SpyName>
		</Row>
		<Row>
			<CivilizationType>CIVILIZATION_EGYPT</CivilizationType>
			<SpyName>TXT_KEY_SPY_NAME_EGYPT_22</SpyName>
		</Row>
		<Row>
			<CivilizationType>CIVILIZATION_EGYPT</CivilizationType>
			<SpyName>TXT_KEY_SPY_NAME_EGYPT_23</SpyName>
		</Row>
		<Row>
			<CivilizationType>CIVILIZATION_EGYPT</CivilizationType>
			<SpyName>TXT_KEY_SPY_NAME_EGYPT_24</SpyName>
		</Row>
		<!-- ENGLAND - Flavoured -->
		<Row>
			<CivilizationType>CIVILIZATION_ENGLAND</CivilizationType>
			<SpyName>TXT_KEY_SPY_NAME_ENGLAND_10</SpyName>
		</Row>
		<Row>
			<CivilizationType>CIVILIZATION_ENGLAND</CivilizationType>
			<SpyName>TXT_KEY_SPY_NAME_ENGLAND_11</SpyName>
		</Row>
		<Row>
			<CivilizationType>CIVILIZATION_ENGLAND</CivilizationType>
			<SpyName>TXT_KEY_SPY_NAME_ENGLAND_12</SpyName>
		</Row>
		<Row>
			<CivilizationType>CIVILIZATION_ENGLAND</CivilizationType>
			<SpyName>TXT_KEY_SPY_NAME_ENGLAND_13</SpyName>
		</Row>
		<Row>
			<CivilizationType>CIVILIZATION_ENGLAND</CivilizationType>
			<SpyName>TXT_KEY_SPY_NAME_ENGLAND_14</SpyName>
		</Row>
		<Row>
			<CivilizationType>CIVILIZATION_ENGLAND</CivilizationType>
			<SpyName>TXT_KEY_SPY_NAME_ENGLAND_15</SpyName>
		</Row>
		<Row>
			<CivilizationType>CIVILIZATION_ENGLAND</CivilizationType>
			<SpyName>TXT_KEY_SPY_NAME_ENGLAND_16</SpyName>
		</Row>
		<Row>
			<CivilizationType>CIVILIZATION_ENGLAND</CivilizationType>
			<SpyName>TXT_KEY_SPY_NAME_ENGLAND_17</SpyName>
		</Row>
		<Row>
			<CivilizationType>CIVILIZATION_ENGLAND</CivilizationType>
			<SpyName>TXT_KEY_SPY_NAME_ENGLAND_18</SpyName>
		</Row>
		<Row>
			<CivilizationType>CIVILIZATION_ENGLAND</CivilizationType>
			<SpyName>TXT_KEY_SPY_NAME_ENGLAND_19</SpyName>
		</Row>
		<Row>
			<CivilizationType>CIVILIZATION_ENGLAND</CivilizationType>
			<SpyName>TXT_KEY_SPY_NAME_ENGLAND_20</SpyName>
		</Row>
		<Row>
			<CivilizationType>CIVILIZATION_ENGLAND</CivilizationType>
			<SpyName>TXT_KEY_SPY_NAME_ENGLAND_21</SpyName>
		</Row>
		<Row>
			<CivilizationType>CIVILIZATION_ENGLAND</CivilizationType>
			<SpyName>TXT_KEY_SPY_NAME_ENGLAND_22</SpyName>
		</Row>
		<Row>
			<CivilizationType>CIVILIZATION_ENGLAND</CivilizationType>
			<SpyName>TXT_KEY_SPY_NAME_ENGLAND_23</SpyName>
		</Row>
		<Row>
			<CivilizationType>CIVILIZATION_ENGLAND</CivilizationType>
			<SpyName>TXT_KEY_SPY_NAME_ENGLAND_24</SpyName>
		</Row>
		<!-- FRANCE - Flavoured -->
		<Row>
			<CivilizationType>CIVILIZATION_FRANCE</CivilizationType>
			<SpyName>TXT_KEY_SPY_NAME_FRANCE_10</SpyName>
		</Row>
		<Row>
			<CivilizationType>CIVILIZATION_FRANCE</CivilizationType>
			<SpyName>TXT_KEY_SPY_NAME_FRANCE_11</SpyName>
		</Row>
		<Row>
			<CivilizationType>CIVILIZATION_FRANCE</CivilizationType>
			<SpyName>TXT_KEY_SPY_NAME_FRANCE_12</SpyName>
		</Row>
		<Row>
			<CivilizationType>CIVILIZATION_FRANCE</CivilizationType>
			<SpyName>TXT_KEY_SPY_NAME_FRANCE_13</SpyName>
		</Row>
		<Row>
			<CivilizationType>CIVILIZATION_FRANCE</CivilizationType>
			<SpyName>TXT_KEY_SPY_NAME_FRANCE_14</SpyName>
		</Row>
		<Row>
			<CivilizationType>CIVILIZATION_FRANCE</CivilizationType>
			<SpyName>TXT_KEY_SPY_NAME_FRANCE_15</SpyName>
		</Row>
		<Row>
			<CivilizationType>CIVILIZATION_FRANCE</CivilizationType>
			<SpyName>TXT_KEY_SPY_NAME_FRANCE_16</SpyName>
		</Row>
		<Row>
			<CivilizationType>CIVILIZATION_FRANCE</CivilizationType>
			<SpyName>TXT_KEY_SPY_NAME_FRANCE_17</SpyName>
		</Row>
		<Row>
			<CivilizationType>CIVILIZATION_FRANCE</CivilizationType>
			<SpyName>TXT_KEY_SPY_NAME_FRANCE_18</SpyName>
		</Row>
		<Row>
			<CivilizationType>CIVILIZATION_FRANCE</CivilizationType>
			<SpyName>TXT_KEY_SPY_NAME_FRANCE_19</SpyName>
		</Row>
		<Row>
			<CivilizationType>CIVILIZATION_FRANCE</CivilizationType>
			<SpyName>TXT_KEY_SPY_NAME_FRANCE_20</SpyName>
		</Row>
		<Row>
			<CivilizationType>CIVILIZATION_FRANCE</CivilizationType>
			<SpyName>TXT_KEY_SPY_NAME_FRANCE_21</SpyName>
		</Row>
		<Row>
			<CivilizationType>CIVILIZATION_FRANCE</CivilizationType>
			<SpyName>TXT_KEY_SPY_NAME_FRANCE_22</SpyName>
		</Row>
		<Row>
			<CivilizationType>CIVILIZATION_FRANCE</CivilizationType>
			<SpyName>TXT_KEY_SPY_NAME_FRANCE_23</SpyName>
		</Row>
		<Row>
			<CivilizationType>CIVILIZATION_FRANCE</CivilizationType>
			<SpyName>TXT_KEY_SPY_NAME_FRANCE_24</SpyName>
		</Row>
		<!-- GERMANY - Flavoured -->
		<Row>
			<CivilizationType>CIVILIZATION_GERMANY</CivilizationType>
			<SpyName>TXT_KEY_SPY_NAME_GERMANY_10</SpyName>
		</Row>
		<Row>
			<CivilizationType>CIVILIZATION_GERMANY</CivilizationType>
			<SpyName>TXT_KEY_SPY_NAME_GERMANY_11</SpyName>
		</Row>
		<Row>
			<CivilizationType>CIVILIZATION_GERMANY</CivilizationType>
			<SpyName>TXT_KEY_SPY_NAME_GERMANY_12</SpyName>
		</Row>
		<Row>
			<CivilizationType>CIVILIZATION_GERMANY</CivilizationType>
			<SpyName>TXT_KEY_SPY_NAME_GERMANY_13</SpyName>
		</Row>
		<Row>
			<CivilizationType>CIVILIZATION_GERMANY</CivilizationType>
			<SpyName>TXT_KEY_SPY_NAME_GERMANY_14</SpyName>
		</Row>
		<Row>
			<CivilizationType>CIVILIZATION_GERMANY</CivilizationType>
			<SpyName>TXT_KEY_SPY_NAME_GERMANY_15</SpyName>
		</Row>
		<Row>
			<CivilizationType>CIVILIZATION_GERMANY</CivilizationType>
			<SpyName>TXT_KEY_SPY_NAME_GERMANY_16</SpyName>
		</Row>
		<Row>
			<CivilizationType>CIVILIZATION_GERMANY</CivilizationType>
			<SpyName>TXT_KEY_SPY_NAME_GERMANY_17</SpyName>
		</Row>
		<Row>
			<CivilizationType>CIVILIZATION_GERMANY</CivilizationType>
			<SpyName>TXT_KEY_SPY_NAME_GERMANY_18</SpyName>
		</Row>
		<Row>
			<CivilizationType>CIVILIZATION_GERMANY</CivilizationType>
			<SpyName>TXT_KEY_SPY_NAME_GERMANY_19</SpyName>
		</Row>
		<Row>
			<CivilizationType>CIVILIZATION_GERMANY</CivilizationType>
			<SpyName>TXT_KEY_SPY_NAME_GERMANY_20</SpyName>
		</Row>
		<Row>
			<CivilizationType>CIVILIZATION_GERMANY</CivilizationType>
			<SpyName>TXT_KEY_SPY_NAME_GERMANY_21</SpyName>
		</Row>
		<Row>
			<CivilizationType>CIVILIZATION_GERMANY</CivilizationType>
			<SpyName>TXT_KEY_SPY_NAME_GERMANY_22</SpyName>
		</Row>
		<Row>
			<CivilizationType>CIVILIZATION_GERMANY</CivilizationType>
			<SpyName>TXT_KEY_SPY_NAME_GERMANY_23</SpyName>
		</Row>
		<Row>
			<CivilizationType>CIVILIZATION_GERMANY</CivilizationType>
			<SpyName>TXT_KEY_SPY_NAME_GERMANY_24</SpyName>
		</Row>
		<!-- GREECE - Flavoured -->
		<Row>
			<CivilizationType>CIVILIZATION_GREECE</CivilizationType>
			<SpyName>TXT_KEY_SPY_NAME_GREECE_10</SpyName>
		</Row>
		<Row>
			<CivilizationType>CIVILIZATION_GREECE</CivilizationType>
			<SpyName>TXT_KEY_SPY_NAME_GREECE_11</SpyName>
		</Row>
		<Row>
			<CivilizationType>CIVILIZATION_GREECE</CivilizationType>
			<SpyName>TXT_KEY_SPY_NAME_GREECE_12</SpyName>
		</Row>
		<Row>
			<CivilizationType>CIVILIZATION_GREECE</CivilizationType>
			<SpyName>TXT_KEY_SPY_NAME_GREECE_13</SpyName>
		</Row>
		<Row>
			<CivilizationType>CIVILIZATION_GREECE</CivilizationType>
			<SpyName>TXT_KEY_SPY_NAME_GREECE_14</SpyName>
		</Row>
		<Row>
			<CivilizationType>CIVILIZATION_GREECE</CivilizationType>
			<SpyName>TXT_KEY_SPY_NAME_GREECE_15</SpyName>
		</Row>
		<Row>
			<CivilizationType>CIVILIZATION_GREECE</CivilizationType>
			<SpyName>TXT_KEY_SPY_NAME_GREECE_16</SpyName>
		</Row>
		<Row>
			<CivilizationType>CIVILIZATION_GREECE</CivilizationType>
			<SpyName>TXT_KEY_SPY_NAME_GREECE_17</SpyName>
		</Row>
		<Row>
			<CivilizationType>CIVILIZATION_GREECE</CivilizationType>
			<SpyName>TXT_KEY_SPY_NAME_GREECE_18</SpyName>
		</Row>
		<Row>
			<CivilizationType>CIVILIZATION_GREECE</CivilizationType>
			<SpyName>TXT_KEY_SPY_NAME_GREECE_19</SpyName>
		</Row>
		<Row>
			<CivilizationType>CIVILIZATION_GREECE</CivilizationType>
			<SpyName>TXT_KEY_SPY_NAME_GREECE_20</SpyName>
		</Row>
		<Row>
			<CivilizationType>CIVILIZATION_GREECE</CivilizationType>
			<SpyName>TXT_KEY_SPY_NAME_GREECE_21</SpyName>
		</Row>
		<Row>
			<CivilizationType>CIVILIZATION_GREECE</CivilizationType>
			<SpyName>TXT_KEY_SPY_NAME_GREECE_22</SpyName>
		</Row>
		<Row>
			<CivilizationType>CIVILIZATION_GREECE</CivilizationType>
			<SpyName>TXT_KEY_SPY_NAME_GREECE_23</SpyName>
		</Row>
		<Row>
			<CivilizationType>CIVILIZATION_GREECE</CivilizationType>
			<SpyName>TXT_KEY_SPY_NAME_GREECE_24</SpyName>
		</Row>
		<!-- INDIA - Flavoured -->
		<Row>
			<CivilizationType>CIVILIZATION_INDIA</CivilizationType>
			<SpyName>TXT_KEY_SPY_NAME_INDIA_10</SpyName>
		</Row>
		<Row>
			<CivilizationType>CIVILIZATION_INDIA</CivilizationType>
			<SpyName>TXT_KEY_SPY_NAME_INDIA_11</SpyName>
		</Row>
		<Row>
			<CivilizationType>CIVILIZATION_INDIA</CivilizationType>
			<SpyName>TXT_KEY_SPY_NAME_INDIA_12</SpyName>
		</Row>
		<Row>
			<CivilizationType>CIVILIZATION_INDIA</CivilizationType>
			<SpyName>TXT_KEY_SPY_NAME_INDIA_13</SpyName>
		</Row>
		<Row>
			<CivilizationType>CIVILIZATION_INDIA</CivilizationType>
			<SpyName>TXT_KEY_SPY_NAME_INDIA_14</SpyName>
		</Row>
		<Row>
			<CivilizationType>CIVILIZATION_INDIA</CivilizationType>
			<SpyName>TXT_KEY_SPY_NAME_INDIA_15</SpyName>
		</Row>
		<Row>
			<CivilizationType>CIVILIZATION_INDIA</CivilizationType>
			<SpyName>TXT_KEY_SPY_NAME_INDIA_16</SpyName>
		</Row>
		<Row>
			<CivilizationType>CIVILIZATION_INDIA</CivilizationType>
			<SpyName>TXT_KEY_SPY_NAME_INDIA_17</SpyName>
		</Row>
		<Row>
			<CivilizationType>CIVILIZATION_INDIA</CivilizationType>
			<SpyName>TXT_KEY_SPY_NAME_INDIA_18</SpyName>
		</Row>
		<Row>
			<CivilizationType>CIVILIZATION_INDIA</CivilizationType>
			<SpyName>TXT_KEY_SPY_NAME_INDIA_19</SpyName>
		</Row>
		<Row>
			<CivilizationType>CIVILIZATION_INDIA</CivilizationType>
			<SpyName>TXT_KEY_SPY_NAME_INDIA_20</SpyName>
		</Row>
		<Row>
			<CivilizationType>CIVILIZATION_INDIA</CivilizationType>
			<SpyName>TXT_KEY_SPY_NAME_INDIA_21</SpyName>
		</Row>
		<Row>
			<CivilizationType>CIVILIZATION_INDIA</CivilizationType>
			<SpyName>TXT_KEY_SPY_NAME_INDIA_22</SpyName>
		</Row>
		<Row>
			<CivilizationType>CIVILIZATION_INDIA</CivilizationType>
			<SpyName>TXT_KEY_SPY_NAME_INDIA_23</SpyName>
		</Row>
		<Row>
			<CivilizationType>CIVILIZATION_INDIA</CivilizationType>
			<SpyName>TXT_KEY_SPY_NAME_INDIA_24</SpyName>
		</Row>
		<!-- IROQUOIS - Flavoured -->
		<Row>
			<CivilizationType>CIVILIZATION_IROQUOIS</CivilizationType>
			<SpyName>TXT_KEY_SPY_NAME_IROQUOIS_10</SpyName>
		</Row>
		<Row>
			<CivilizationType>CIVILIZATION_IROQUOIS</CivilizationType>
			<SpyName>TXT_KEY_SPY_NAME_IROQUOIS_11</SpyName>
		</Row>
		<Row>
			<CivilizationType>CIVILIZATION_IROQUOIS</CivilizationType>
			<SpyName>TXT_KEY_SPY_NAME_IROQUOIS_12</SpyName>
		</Row>
		<Row>
			<CivilizationType>CIVILIZATION_IROQUOIS</CivilizationType>
			<SpyName>TXT_KEY_SPY_NAME_IROQUOIS_13</SpyName>
		</Row>
		<Row>
			<CivilizationType>CIVILIZATION_IROQUOIS</CivilizationType>
			<SpyName>TXT_KEY_SPY_NAME_IROQUOIS_14</SpyName>
		</Row>
		<Row>
			<CivilizationType>CIVILIZATION_IROQUOIS</CivilizationType>
			<SpyName>TXT_KEY_SPY_NAME_IROQUOIS_15</SpyName>
		</Row>
		<Row>
			<CivilizationType>CIVILIZATION_IROQUOIS</CivilizationType>
			<SpyName>TXT_KEY_SPY_NAME_IROQUOIS_16</SpyName>
		</Row>
		<Row>
			<CivilizationType>CIVILIZATION_IROQUOIS</CivilizationType>
			<SpyName>TXT_KEY_SPY_NAME_IROQUOIS_17</SpyName>
		</Row>
		<Row>
			<CivilizationType>CIVILIZATION_IROQUOIS</CivilizationType>
			<SpyName>TXT_KEY_SPY_NAME_IROQUOIS_18</SpyName>
		</Row>
		<Row>
			<CivilizationType>CIVILIZATION_IROQUOIS</CivilizationType>
			<SpyName>TXT_KEY_SPY_NAME_IROQUOIS_19</SpyName>
		</Row>
		<Row>
			<CivilizationType>CIVILIZATION_IROQUOIS</CivilizationType>
			<SpyName>TXT_KEY_SPY_NAME_IROQUOIS_20</SpyName>
		</Row>
		<Row>
			<CivilizationType>CIVILIZATION_IROQUOIS</CivilizationType>
			<SpyName>TXT_KEY_SPY_NAME_IROQUOIS_21</SpyName>
		</Row>
		<Row>
			<CivilizationType>CIVILIZATION_IROQUOIS</CivilizationType>
			<SpyName>TXT_KEY_SPY_NAME_IROQUOIS_22</SpyName>
		</Row>
		<Row>
			<CivilizationType>CIVILIZATION_IROQUOIS</CivilizationType>
			<SpyName>TXT_KEY_SPY_NAME_IROQUOIS_23</SpyName>
		</Row>
		<Row>
			<CivilizationType>CIVILIZATION_IROQUOIS</CivilizationType>
			<SpyName>TXT_KEY_SPY_NAME_IROQUOIS_24</SpyName>
		</Row>
		<!-- JAPAN - Flavoured -->
		<Row>
			<CivilizationType>CIVILIZATION_JAPAN</CivilizationType>
			<SpyName>TXT_KEY_SPY_NAME_JAPAN_10</SpyName>
		</Row>
		<Row>
			<CivilizationType>CIVILIZATION_JAPAN</CivilizationType>
			<SpyName>TXT_KEY_SPY_NAME_JAPAN_11</SpyName>
		</Row>
		<Row>
			<CivilizationType>CIVILIZATION_JAPAN</CivilizationType>
			<SpyName>TXT_KEY_SPY_NAME_JAPAN_12</SpyName>
		</Row>
		<Row>
			<CivilizationType>CIVILIZATION_JAPAN</CivilizationType>
			<SpyName>TXT_KEY_SPY_NAME_JAPAN_13</SpyName>
		</Row>
		<Row>
			<CivilizationType>CIVILIZATION_JAPAN</CivilizationType>
			<SpyName>TXT_KEY_SPY_NAME_JAPAN_14</SpyName>
		</Row>
		<Row>
			<CivilizationType>CIVILIZATION_JAPAN</CivilizationType>
			<SpyName>TXT_KEY_SPY_NAME_JAPAN_15</SpyName>
		</Row>
		<Row>
			<CivilizationType>CIVILIZATION_JAPAN</CivilizationType>
			<SpyName>TXT_KEY_SPY_NAME_JAPAN_16</SpyName>
		</Row>
		<Row>
			<CivilizationType>CIVILIZATION_JAPAN</CivilizationType>
			<SpyName>TXT_KEY_SPY_NAME_JAPAN_17</SpyName>
		</Row>
		<Row>
			<CivilizationType>CIVILIZATION_JAPAN</CivilizationType>
			<SpyName>TXT_KEY_SPY_NAME_JAPAN_18</SpyName>
		</Row>
		<Row>
			<CivilizationType>CIVILIZATION_JAPAN</CivilizationType>
			<SpyName>TXT_KEY_SPY_NAME_JAPAN_19</SpyName>
		</Row>
		<Row>
			<CivilizationType>CIVILIZATION_JAPAN</CivilizationType>
			<SpyName>TXT_KEY_SPY_NAME_JAPAN_20</SpyName>
		</Row>
		<Row>
			<CivilizationType>CIVILIZATION_JAPAN</CivilizationType>
			<SpyName>TXT_KEY_SPY_NAME_JAPAN_21</SpyName>
		</Row>
		<Row>
			<CivilizationType>CIVILIZATION_JAPAN</CivilizationType>
			<SpyName>TXT_KEY_SPY_NAME_JAPAN_22</SpyName>
		</Row>
		<Row>
			<CivilizationType>CIVILIZATION_JAPAN</CivilizationType>
			<SpyName>TXT_KEY_SPY_NAME_JAPAN_23</SpyName>
		</Row>
		<Row>
			<CivilizationType>CIVILIZATION_JAPAN</CivilizationType>
			<SpyName>TXT_KEY_SPY_NAME_JAPAN_24</SpyName>
		</Row>
		<!-- OTTOMAN - Flavoured -->
		<Row>
			<CivilizationType>CIVILIZATION_OTTOMAN</CivilizationType>
			<SpyName>TXT_KEY_SPY_NAME_OTTOMAN_10</SpyName>
		</Row>
		<Row>
			<CivilizationType>CIVILIZATION_OTTOMAN</CivilizationType>
			<SpyName>TXT_KEY_SPY_NAME_OTTOMAN_11</SpyName>
		</Row>
		<Row>
			<CivilizationType>CIVILIZATION_OTTOMAN</CivilizationType>
			<SpyName>TXT_KEY_SPY_NAME_OTTOMAN_12</SpyName>
		</Row>
		<Row>
			<CivilizationType>CIVILIZATION_OTTOMAN</CivilizationType>
			<SpyName>TXT_KEY_SPY_NAME_OTTOMAN_13</SpyName>
		</Row>
		<Row>
			<CivilizationType>CIVILIZATION_OTTOMAN</CivilizationType>
			<SpyName>TXT_KEY_SPY_NAME_OTTOMAN_14</SpyName>
		</Row>
		<Row>
			<CivilizationType>CIVILIZATION_OTTOMAN</CivilizationType>
			<SpyName>TXT_KEY_SPY_NAME_OTTOMAN_15</SpyName>
		</Row>
		<Row>
			<CivilizationType>CIVILIZATION_OTTOMAN</CivilizationType>
			<SpyName>TXT_KEY_SPY_NAME_OTTOMAN_16</SpyName>
		</Row>
		<Row>
			<CivilizationType>CIVILIZATION_OTTOMAN</CivilizationType>
			<SpyName>TXT_KEY_SPY_NAME_OTTOMAN_17</SpyName>
		</Row>
		<Row>
			<CivilizationType>CIVILIZATION_OTTOMAN</CivilizationType>
			<SpyName>TXT_KEY_SPY_NAME_OTTOMAN_18</SpyName>
		</Row>
		<Row>
			<CivilizationType>CIVILIZATION_OTTOMAN</CivilizationType>
			<SpyName>TXT_KEY_SPY_NAME_OTTOMAN_19</SpyName>
		</Row>
		<Row>
			<CivilizationType>CIVILIZATION_OTTOMAN</CivilizationType>
			<SpyName>TXT_KEY_SPY_NAME_OTTOMAN_20</SpyName>
		</Row>
		<Row>
			<CivilizationType>CIVILIZATION_OTTOMAN</CivilizationType>
			<SpyName>TXT_KEY_SPY_NAME_OTTOMAN_21</SpyName>
		</Row>
		<Row>
			<CivilizationType>CIVILIZATION_OTTOMAN</CivilizationType>
			<SpyName>TXT_KEY_SPY_NAME_OTTOMAN_22</SpyName>
		</Row>
		<Row>
			<CivilizationType>CIVILIZATION_OTTOMAN</CivilizationType>
			<SpyName>TXT_KEY_SPY_NAME_OTTOMAN_23</SpyName>
		</Row>
		<Row>
			<CivilizationType>CIVILIZATION_OTTOMAN</CivilizationType>
			<SpyName>TXT_KEY_SPY_NAME_OTTOMAN_24</SpyName>
		</Row>
		<!-- PERSIA - Flavoured -->
		<Row>
			<CivilizationType>CIVILIZATION_PERSIA</CivilizationType>
			<SpyName>TXT_KEY_SPY_NAME_PERSIA_10</SpyName>
		</Row>
		<Row>
			<CivilizationType>CIVILIZATION_PERSIA</CivilizationType>
			<SpyName>TXT_KEY_SPY_NAME_PERSIA_11</SpyName>
		</Row>
		<Row>
			<CivilizationType>CIVILIZATION_PERSIA</CivilizationType>
			<SpyName>TXT_KEY_SPY_NAME_PERSIA_12</SpyName>
		</Row>
		<Row>
			<CivilizationType>CIVILIZATION_PERSIA</CivilizationType>
			<SpyName>TXT_KEY_SPY_NAME_PERSIA_13</SpyName>
		</Row>
		<Row>
			<CivilizationType>CIVILIZATION_PERSIA</CivilizationType>
			<SpyName>TXT_KEY_SPY_NAME_PERSIA_14</SpyName>
		</Row>
		<Row>
			<CivilizationType>CIVILIZATION_PERSIA</CivilizationType>
			<SpyName>TXT_KEY_SPY_NAME_PERSIA_15</SpyName>
		</Row>
		<Row>
			<CivilizationType>CIVILIZATION_PERSIA</CivilizationType>
			<SpyName>TXT_KEY_SPY_NAME_PERSIA_16</SpyName>
		</Row>
		<Row>
			<CivilizationType>CIVILIZATION_PERSIA</CivilizationType>
			<SpyName>TXT_KEY_SPY_NAME_PERSIA_17</SpyName>
		</Row>
		<Row>
			<CivilizationType>CIVILIZATION_PERSIA</CivilizationType>
			<SpyName>TXT_KEY_SPY_NAME_PERSIA_18</SpyName>
		</Row>
		<Row>
			<CivilizationType>CIVILIZATION_PERSIA</CivilizationType>
			<SpyName>TXT_KEY_SPY_NAME_PERSIA_19</SpyName>
		</Row>
		<Row>
			<CivilizationType>CIVILIZATION_PERSIA</CivilizationType>
			<SpyName>TXT_KEY_SPY_NAME_PERSIA_20</SpyName>
		</Row>
		<Row>
			<CivilizationType>CIVILIZATION_PERSIA</CivilizationType>
			<SpyName>TXT_KEY_SPY_NAME_PERSIA_21</SpyName>
		</Row>
		<Row>
			<CivilizationType>CIVILIZATION_PERSIA</CivilizationType>
			<SpyName>TXT_KEY_SPY_NAME_PERSIA_22</SpyName>
		</Row>
		<Row>
			<CivilizationType>CIVILIZATION_PERSIA</CivilizationType>
			<SpyName>TXT_KEY_SPY_NAME_PERSIA_23</SpyName>
		</Row>
		<Row>
			<CivilizationType>CIVILIZATION_PERSIA</CivilizationType>
			<SpyName>TXT_KEY_SPY_NAME_PERSIA_24</SpyName>
		</Row>
		<!-- ROME - Flavoured -->
		<Row>
			<CivilizationType>CIVILIZATION_ROME</CivilizationType>
			<SpyName>TXT_KEY_SPY_NAME_ROME_10</SpyName>
		</Row>
		<Row>
			<CivilizationType>CIVILIZATION_ROME</CivilizationType>
			<SpyName>TXT_KEY_SPY_NAME_ROME_11</SpyName>
		</Row>
		<Row>
			<CivilizationType>CIVILIZATION_ROME</CivilizationType>
			<SpyName>TXT_KEY_SPY_NAME_ROME_12</SpyName>
		</Row>
		<Row>
			<CivilizationType>CIVILIZATION_ROME</CivilizationType>
			<SpyName>TXT_KEY_SPY_NAME_ROME_13</SpyName>
		</Row>
		<Row>
			<CivilizationType>CIVILIZATION_ROME</CivilizationType>
			<SpyName>TXT_KEY_SPY_NAME_ROME_14</SpyName>
		</Row>
		<Row>
			<CivilizationType>CIVILIZATION_ROME</CivilizationType>
			<SpyName>TXT_KEY_SPY_NAME_ROME_15</SpyName>
		</Row>
		<Row>
			<CivilizationType>CIVILIZATION_ROME</CivilizationType>
			<SpyName>TXT_KEY_SPY_NAME_ROME_16</SpyName>
		</Row>
		<Row>
			<CivilizationType>CIVILIZATION_ROME</CivilizationType>
			<SpyName>TXT_KEY_SPY_NAME_ROME_17</SpyName>
		</Row>
		<Row>
			<CivilizationType>CIVILIZATION_ROME</CivilizationType>
			<SpyName>TXT_KEY_SPY_NAME_ROME_18</SpyName>
		</Row>
		<Row>
			<CivilizationType>CIVILIZATION_ROME</CivilizationType>
			<SpyName>TXT_KEY_SPY_NAME_ROME_19</SpyName>
		</Row>
		<Row>
			<CivilizationType>CIVILIZATION_ROME</CivilizationType>
			<SpyName>TXT_KEY_SPY_NAME_ROME_20</SpyName>
		</Row>
		<Row>
			<CivilizationType>CIVILIZATION_ROME</CivilizationType>
			<SpyName>TXT_KEY_SPY_NAME_ROME_21</SpyName>
		</Row>
		<Row>
			<CivilizationType>CIVILIZATION_ROME</CivilizationType>
			<SpyName>TXT_KEY_SPY_NAME_ROME_22</SpyName>
		</Row>
		<Row>
			<CivilizationType>CIVILIZATION_ROME</CivilizationType>
			<SpyName>TXT_KEY_SPY_NAME_ROME_23</SpyName>
		</Row>
		<Row>
			<CivilizationType>CIVILIZATION_ROME</CivilizationType>
			<SpyName>TXT_KEY_SPY_NAME_ROME_24</SpyName>
		</Row>
		<!-- RUSSIA - Flavoured -->
		<Row>
			<CivilizationType>CIVILIZATION_RUSSIA</CivilizationType>
			<SpyName>TXT_KEY_SPY_NAME_RUSSIA_10</SpyName>
		</Row>
		<Row>
			<CivilizationType>CIVILIZATION_RUSSIA</CivilizationType>
			<SpyName>TXT_KEY_SPY_NAME_RUSSIA_11</SpyName>
		</Row>
		<Row>
			<CivilizationType>CIVILIZATION_RUSSIA</CivilizationType>
			<SpyName>TXT_KEY_SPY_NAME_RUSSIA_12</SpyName>
		</Row>
		<Row>
			<CivilizationType>CIVILIZATION_RUSSIA</CivilizationType>
			<SpyName>TXT_KEY_SPY_NAME_RUSSIA_13</SpyName>
		</Row>
		<Row>
			<CivilizationType>CIVILIZATION_RUSSIA</CivilizationType>
			<SpyName>TXT_KEY_SPY_NAME_RUSSIA_14</SpyName>
		</Row>
		<Row>
			<CivilizationType>CIVILIZATION_RUSSIA</CivilizationType>
			<SpyName>TXT_KEY_SPY_NAME_RUSSIA_15</SpyName>
		</Row>
		<Row>
			<CivilizationType>CIVILIZATION_RUSSIA</CivilizationType>
			<SpyName>TXT_KEY_SPY_NAME_RUSSIA_16</SpyName>
		</Row>
		<Row>
			<CivilizationType>CIVILIZATION_RUSSIA</CivilizationType>
			<SpyName>TXT_KEY_SPY_NAME_RUSSIA_17</SpyName>
		</Row>
		<Row>
			<CivilizationType>CIVILIZATION_RUSSIA</CivilizationType>
			<SpyName>TXT_KEY_SPY_NAME_RUSSIA_18</SpyName>
		</Row>
		<Row>
			<CivilizationType>CIVILIZATION_RUSSIA</CivilizationType>
			<SpyName>TXT_KEY_SPY_NAME_RUSSIA_19</SpyName>
		</Row>
		<Row>
			<CivilizationType>CIVILIZATION_RUSSIA</CivilizationType>
			<SpyName>TXT_KEY_SPY_NAME_RUSSIA_20</SpyName>
		</Row>
		<Row>
			<CivilizationType>CIVILIZATION_RUSSIA</CivilizationType>
			<SpyName>TXT_KEY_SPY_NAME_RUSSIA_21</SpyName>
		</Row>
		<Row>
			<CivilizationType>CIVILIZATION_RUSSIA</CivilizationType>
			<SpyName>TXT_KEY_SPY_NAME_RUSSIA_22</SpyName>
		</Row>
		<Row>
			<CivilizationType>CIVILIZATION_RUSSIA</CivilizationType>
			<SpyName>TXT_KEY_SPY_NAME_RUSSIA_23</SpyName>
		</Row>
		<Row>
			<CivilizationType>CIVILIZATION_RUSSIA</CivilizationType>
			<SpyName>TXT_KEY_SPY_NAME_RUSSIA_24</SpyName>
		</Row>
		<!-- SIAM - Flavoured -->
		<Row>
			<CivilizationType>CIVILIZATION_SIAM</CivilizationType>
			<SpyName>TXT_KEY_SPY_NAME_SIAM_10</SpyName>
		</Row>
		<Row>
			<CivilizationType>CIVILIZATION_SIAM</CivilizationType>
			<SpyName>TXT_KEY_SPY_NAME_SIAM_11</SpyName>
		</Row>
		<Row>
			<CivilizationType>CIVILIZATION_SIAM</CivilizationType>
			<SpyName>TXT_KEY_SPY_NAME_SIAM_12</SpyName>
		</Row>
		<Row>
			<CivilizationType>CIVILIZATION_SIAM</CivilizationType>
			<SpyName>TXT_KEY_SPY_NAME_SIAM_13</SpyName>
		</Row>
		<Row>
			<CivilizationType>CIVILIZATION_SIAM</CivilizationType>
			<SpyName>TXT_KEY_SPY_NAME_SIAM_14</SpyName>
		</Row>
		<Row>
			<CivilizationType>CIVILIZATION_SIAM</CivilizationType>
			<SpyName>TXT_KEY_SPY_NAME_SIAM_15</SpyName>
		</Row>
		<Row>
			<CivilizationType>CIVILIZATION_SIAM</CivilizationType>
			<SpyName>TXT_KEY_SPY_NAME_SIAM_16</SpyName>
		</Row>
		<Row>
			<CivilizationType>CIVILIZATION_SIAM</CivilizationType>
			<SpyName>TXT_KEY_SPY_NAME_SIAM_17</SpyName>
		</Row>
		<Row>
			<CivilizationType>CIVILIZATION_SIAM</CivilizationType>
			<SpyName>TXT_KEY_SPY_NAME_SIAM_18</SpyName>
		</Row>
		<Row>
			<CivilizationType>CIVILIZATION_SIAM</CivilizationType>
			<SpyName>TXT_KEY_SPY_NAME_SIAM_19</SpyName>
		</Row>
		<Row>
			<CivilizationType>CIVILIZATION_SIAM</CivilizationType>
			<SpyName>TXT_KEY_SPY_NAME_SIAM_20</SpyName>
		</Row>
		<Row>
			<CivilizationType>CIVILIZATION_SIAM</CivilizationType>
			<SpyName>TXT_KEY_SPY_NAME_SIAM_21</SpyName>
		</Row>
		<Row>
			<CivilizationType>CIVILIZATION_SIAM</CivilizationType>
			<SpyName>TXT_KEY_SPY_NAME_SIAM_22</SpyName>
		</Row>
		<Row>
			<CivilizationType>CIVILIZATION_SIAM</CivilizationType>
			<SpyName>TXT_KEY_SPY_NAME_SIAM_23</SpyName>
		</Row>
		<Row>
			<CivilizationType>CIVILIZATION_SIAM</CivilizationType>
			<SpyName>TXT_KEY_SPY_NAME_SIAM_24</SpyName>
		</Row>
		<!-- SONGHAI - Flavoured -->
		<Row>
			<CivilizationType>CIVILIZATION_SONGHAI</CivilizationType>
			<SpyName>TXT_KEY_SPY_NAME_SONGHAI_10</SpyName>
		</Row>
		<Row>
			<CivilizationType>CIVILIZATION_SONGHAI</CivilizationType>
			<SpyName>TXT_KEY_SPY_NAME_SONGHAI_11</SpyName>
		</Row>
		<Row>
			<CivilizationType>CIVILIZATION_SONGHAI</CivilizationType>
			<SpyName>TXT_KEY_SPY_NAME_SONGHAI_12</SpyName>
		</Row>
		<Row>
			<CivilizationType>CIVILIZATION_SONGHAI</CivilizationType>
			<SpyName>TXT_KEY_SPY_NAME_SONGHAI_13</SpyName>
		</Row>
		<Row>
			<CivilizationType>CIVILIZATION_SONGHAI</CivilizationType>
			<SpyName>TXT_KEY_SPY_NAME_SONGHAI_14</SpyName>
		</Row>
		<Row>
			<CivilizationType>CIVILIZATION_SONGHAI</CivilizationType>
			<SpyName>TXT_KEY_SPY_NAME_SONGHAI_15</SpyName>
		</Row>
		<Row>
			<CivilizationType>CIVILIZATION_SONGHAI</CivilizationType>
			<SpyName>TXT_KEY_SPY_NAME_SONGHAI_16</SpyName>
		</Row>
		<Row>
			<CivilizationType>CIVILIZATION_SONGHAI</CivilizationType>
			<SpyName>TXT_KEY_SPY_NAME_SONGHAI_17</SpyName>
		</Row>
		<Row>
			<CivilizationType>CIVILIZATION_SONGHAI</CivilizationType>
			<SpyName>TXT_KEY_SPY_NAME_SONGHAI_18</SpyName>
		</Row>
		<Row>
			<CivilizationType>CIVILIZATION_SONGHAI</CivilizationType>
			<SpyName>TXT_KEY_SPY_NAME_SONGHAI_19</SpyName>
		</Row>
		<Row>
			<CivilizationType>CIVILIZATION_SONGHAI</CivilizationType>
			<SpyName>TXT_KEY_SPY_NAME_SONGHAI_20</SpyName>
		</Row>
		<Row>
			<CivilizationType>CIVILIZATION_SONGHAI</CivilizationType>
			<SpyName>TXT_KEY_SPY_NAME_SONGHAI_21</SpyName>
		</Row>
		<Row>
			<CivilizationType>CIVILIZATION_SONGHAI</CivilizationType>
			<SpyName>TXT_KEY_SPY_NAME_SONGHAI_22</SpyName>
		</Row>
		<Row>
			<CivilizationType>CIVILIZATION_SONGHAI</CivilizationType>
			<SpyName>TXT_KEY_SPY_NAME_SONGHAI_23</SpyName>
		</Row>
		<Row>
			<CivilizationType>CIVILIZATION_SONGHAI</CivilizationType>
			<SpyName>TXT_KEY_SPY_NAME_SONGHAI_24</SpyName>
		</Row>
		<!-- AUSTRIA - Flavoured -->
		<Row>
			<CivilizationType>CIVILIZATION_AUSTRIA</CivilizationType>
			<SpyName>TXT_KEY_SPY_NAME_AUSTRIA_10</SpyName>
		</Row>
		<Row>
			<CivilizationType>CIVILIZATION_AUSTRIA</CivilizationType>
			<SpyName>TXT_KEY_SPY_NAME_AUSTRIA_11</SpyName>
		</Row>
		<Row>
			<CivilizationType>CIVILIZATION_AUSTRIA</CivilizationType>
			<SpyName>TXT_KEY_SPY_NAME_AUSTRIA_12</SpyName>
		</Row>
		<Row>
			<CivilizationType>CIVILIZATION_AUSTRIA</CivilizationType>
			<SpyName>TXT_KEY_SPY_NAME_AUSTRIA_13</SpyName>
		</Row>
		<Row>
			<CivilizationType>CIVILIZATION_AUSTRIA</CivilizationType>
			<SpyName>TXT_KEY_SPY_NAME_AUSTRIA_14</SpyName>
		</Row>
		<Row>
			<CivilizationType>CIVILIZATION_AUSTRIA</CivilizationType>
			<SpyName>TXT_KEY_SPY_NAME_AUSTRIA_15</SpyName>
		</Row>
		<Row>
			<CivilizationType>CIVILIZATION_AUSTRIA</CivilizationType>
			<SpyName>TXT_KEY_SPY_NAME_AUSTRIA_16</SpyName>
		</Row>
		<Row>
			<CivilizationType>CIVILIZATION_AUSTRIA</CivilizationType>
			<SpyName>TXT_KEY_SPY_NAME_AUSTRIA_17</SpyName>
		</Row>
		<Row>
			<CivilizationType>CIVILIZATION_AUSTRIA</CivilizationType>
			<SpyName>TXT_KEY_SPY_NAME_AUSTRIA_18</SpyName>
		</Row>
		<Row>
			<CivilizationType>CIVILIZATION_AUSTRIA</CivilizationType>
			<SpyName>TXT_KEY_SPY_NAME_AUSTRIA_19</SpyName>
		</Row>
		<Row>
			<CivilizationType>CIVILIZATION_AUSTRIA</CivilizationType>
			<SpyName>TXT_KEY_SPY_NAME_AUSTRIA_20</SpyName>
		</Row>
		<Row>
			<CivilizationType>CIVILIZATION_AUSTRIA</CivilizationType>
			<SpyName>TXT_KEY_SPY_NAME_AUSTRIA_21</SpyName>
		</Row>
		<Row>
			<CivilizationType>CIVILIZATION_AUSTRIA</CivilizationType>
			<SpyName>TXT_KEY_SPY_NAME_AUSTRIA_22</SpyName>
		</Row>
		<Row>
			<CivilizationType>CIVILIZATION_AUSTRIA</CivilizationType>
			<SpyName>TXT_KEY_SPY_NAME_AUSTRIA_23</SpyName>
		</Row>
		<Row>
			<CivilizationType>CIVILIZATION_AUSTRIA</CivilizationType>
			<SpyName>TXT_KEY_SPY_NAME_AUSTRIA_24</SpyName>
		</Row>
		<!-- BYZANTIUM - Flavoured -->
		<Row>
			<CivilizationType>CIVILIZATION_BYZANTIUM</CivilizationType>
			<SpyName>TXT_KEY_SPY_NAME_BYZANTIUM_10</SpyName>
		</Row>
		<Row>
			<CivilizationType>CIVILIZATION_BYZANTIUM</CivilizationType>
			<SpyName>TXT_KEY_SPY_NAME_BYZANTIUM_11</SpyName>
		</Row>
		<Row>
			<CivilizationType>CIVILIZATION_BYZANTIUM</CivilizationType>
			<SpyName>TXT_KEY_SPY_NAME_BYZANTIUM_12</SpyName>
		</Row>
		<Row>
			<CivilizationType>CIVILIZATION_BYZANTIUM</CivilizationType>
			<SpyName>TXT_KEY_SPY_NAME_BYZANTIUM_13</SpyName>
		</Row>
		<Row>
			<CivilizationType>CIVILIZATION_BYZANTIUM</CivilizationType>
			<SpyName>TXT_KEY_SPY_NAME_BYZANTIUM_14</SpyName>
		</Row>
		<Row>
			<CivilizationType>CIVILIZATION_BYZANTIUM</CivilizationType>
			<SpyName>TXT_KEY_SPY_NAME_BYZANTIUM_15</SpyName>
		</Row>
		<Row>
			<CivilizationType>CIVILIZATION_BYZANTIUM</CivilizationType>
			<SpyName>TXT_KEY_SPY_NAME_BYZANTIUM_16</SpyName>
		</Row>
		<Row>
			<CivilizationType>CIVILIZATION_BYZANTIUM</CivilizationType>
			<SpyName>TXT_KEY_SPY_NAME_BYZANTIUM_17</SpyName>
		</Row>
		<Row>
			<CivilizationType>CIVILIZATION_BYZANTIUM</CivilizationType>
			<SpyName>TXT_KEY_SPY_NAME_BYZANTIUM_18</SpyName>
		</Row>
		<Row>
			<CivilizationType>CIVILIZATION_BYZANTIUM</CivilizationType>
			<SpyName>TXT_KEY_SPY_NAME_BYZANTIUM_19</SpyName>
		</Row>
		<Row>
			<CivilizationType>CIVILIZATION_BYZANTIUM</CivilizationType>
			<SpyName>TXT_KEY_SPY_NAME_BYZANTIUM_20</SpyName>
		</Row>
		<Row>
			<CivilizationType>CIVILIZATION_BYZANTIUM</CivilizationType>
			<SpyName>TXT_KEY_SPY_NAME_BYZANTIUM_21</SpyName>
		</Row>
		<Row>
			<CivilizationType>CIVILIZATION_BYZANTIUM</CivilizationType>
			<SpyName>TXT_KEY_SPY_NAME_BYZANTIUM_22</SpyName>
		</Row>
		<Row>
			<CivilizationType>CIVILIZATION_BYZANTIUM</CivilizationType>
			<SpyName>TXT_KEY_SPY_NAME_BYZANTIUM_23</SpyName>
		</Row>
		<Row>
			<CivilizationType>CIVILIZATION_BYZANTIUM</CivilizationType>
			<SpyName>TXT_KEY_SPY_NAME_BYZANTIUM_24</SpyName>
		</Row>
		<!-- CARTHAGE - Flavoured -->
		<Row>
			<CivilizationType>CIVILIZATION_CARTHAGE</CivilizationType>
			<SpyName>TXT_KEY_SPY_NAME_CARTHAGE_10</SpyName>
		</Row>
		<Row>
			<CivilizationType>CIVILIZATION_CARTHAGE</CivilizationType>
			<SpyName>TXT_KEY_SPY_NAME_CARTHAGE_11</SpyName>
		</Row>
		<Row>
			<CivilizationType>CIVILIZATION_CARTHAGE</CivilizationType>
			<SpyName>TXT_KEY_SPY_NAME_CARTHAGE_12</SpyName>
		</Row>
		<Row>
			<CivilizationType>CIVILIZATION_CARTHAGE</CivilizationType>
			<SpyName>TXT_KEY_SPY_NAME_CARTHAGE_13</SpyName>
		</Row>
		<Row>
			<CivilizationType>CIVILIZATION_CARTHAGE</CivilizationType>
			<SpyName>TXT_KEY_SPY_NAME_CARTHAGE_14</SpyName>
		</Row>
		<Row>
			<CivilizationType>CIVILIZATION_CARTHAGE</CivilizationType>
			<SpyName>TXT_KEY_SPY_NAME_CARTHAGE_15</SpyName>
		</Row>
		<Row>
			<CivilizationType>CIVILIZATION_CARTHAGE</CivilizationType>
			<SpyName>TXT_KEY_SPY_NAME_CARTHAGE_16</SpyName>
		</Row>
		<Row>
			<CivilizationType>CIVILIZATION_CARTHAGE</CivilizationType>
			<SpyName>TXT_KEY_SPY_NAME_CARTHAGE_17</SpyName>
		</Row>
		<Row>
			<CivilizationType>CIVILIZATION_CARTHAGE</CivilizationType>
			<SpyName>TXT_KEY_SPY_NAME_CARTHAGE_18</SpyName>
		</Row>
		<Row>
			<CivilizationType>CIVILIZATION_CARTHAGE</CivilizationType>
			<SpyName>TXT_KEY_SPY_NAME_CARTHAGE_19</SpyName>
		</Row>
		<Row>
			<CivilizationType>CIVILIZATION_CARTHAGE</CivilizationType>
			<SpyName>TXT_KEY_SPY_NAME_CARTHAGE_20</SpyName>
		</Row>
		<Row>
			<CivilizationType>CIVILIZATION_CARTHAGE</CivilizationType>
			<SpyName>TXT_KEY_SPY_NAME_CARTHAGE_21</SpyName>
		</Row>
		<Row>
			<CivilizationType>CIVILIZATION_CARTHAGE</CivilizationType>
			<SpyName>TXT_KEY_SPY_NAME_CARTHAGE_22</SpyName>
		</Row>
		<Row>
			<CivilizationType>CIVILIZATION_CARTHAGE</CivilizationType>
			<SpyName>TXT_KEY_SPY_NAME_CARTHAGE_23</SpyName>
		</Row>
		<Row>
			<CivilizationType>CIVILIZATION_CARTHAGE</CivilizationType>
			<SpyName>TXT_KEY_SPY_NAME_CARTHAGE_24</SpyName>
		</Row>
		<!-- CELTS - Flavoured -->
		<Row>
			<CivilizationType>CIVILIZATION_CELTS</CivilizationType>
			<SpyName>TXT_KEY_SPY_NAME_CELTS_10</SpyName>
		</Row>
		<Row>
			<CivilizationType>CIVILIZATION_CELTS</CivilizationType>
			<SpyName>TXT_KEY_SPY_NAME_CELTS_11</SpyName>
		</Row>
		<Row>
			<CivilizationType>CIVILIZATION_CELTS</CivilizationType>
			<SpyName>TXT_KEY_SPY_NAME_CELTS_12</SpyName>
		</Row>
		<Row>
			<CivilizationType>CIVILIZATION_CELTS</CivilizationType>
			<SpyName>TXT_KEY_SPY_NAME_CELTS_13</SpyName>
		</Row>
		<Row>
			<CivilizationType>CIVILIZATION_CELTS</CivilizationType>
			<SpyName>TXT_KEY_SPY_NAME_CELTS_14</SpyName>
		</Row>
		<Row>
			<CivilizationType>CIVILIZATION_CELTS</CivilizationType>
			<SpyName>TXT_KEY_SPY_NAME_CELTS_15</SpyName>
		</Row>
		<Row>
			<CivilizationType>CIVILIZATION_CELTS</CivilizationType>
			<SpyName>TXT_KEY_SPY_NAME_CELTS_16</SpyName>
		</Row>
		<Row>
			<CivilizationType>CIVILIZATION_CELTS</CivilizationType>
			<SpyName>TXT_KEY_SPY_NAME_CELTS_17</SpyName>
		</Row>
		<Row>
			<CivilizationType>CIVILIZATION_CELTS</CivilizationType>
			<SpyName>TXT_KEY_SPY_NAME_CELTS_18</SpyName>
		</Row>
		<Row>
			<CivilizationType>CIVILIZATION_CELTS</CivilizationType>
			<SpyName>TXT_KEY_SPY_NAME_CELTS_19</SpyName>
		</Row>
		<Row>
			<CivilizationType>CIVILIZATION_CELTS</CivilizationType>
			<SpyName>TXT_KEY_SPY_NAME_CELTS_20</SpyName>
		</Row>
		<Row>
			<CivilizationType>CIVILIZATION_CELTS</CivilizationType>
			<SpyName>TXT_KEY_SPY_NAME_CELTS_21</SpyName>
		</Row>
		<Row>
			<CivilizationType>CIVILIZATION_CELTS</CivilizationType>
			<SpyName>TXT_KEY_SPY_NAME_CELTS_22</SpyName>
		</Row>
		<Row>
			<CivilizationType>CIVILIZATION_CELTS</CivilizationType>
			<SpyName>TXT_KEY_SPY_NAME_CELTS_23</SpyName>
		</Row>
		<Row>
			<CivilizationType>CIVILIZATION_CELTS</CivilizationType>
			<SpyName>TXT_KEY_SPY_NAME_CELTS_24</SpyName>
		</Row>
		<!-- ETHIOPIA - Flavoured -->
		<Row>
			<CivilizationType>CIVILIZATION_ETHIOPIA</CivilizationType>
			<SpyName>TXT_KEY_SPY_NAME_ETHIOPIA_10</SpyName>
		</Row>
		<Row>
			<CivilizationType>CIVILIZATION_ETHIOPIA</CivilizationType>
			<SpyName>TXT_KEY_SPY_NAME_ETHIOPIA_11</SpyName>
		</Row>
		<Row>
			<CivilizationType>CIVILIZATION_ETHIOPIA</CivilizationType>
			<SpyName>TXT_KEY_SPY_NAME_ETHIOPIA_12</SpyName>
		</Row>
		<Row>
			<CivilizationType>CIVILIZATION_ETHIOPIA</CivilizationType>
			<SpyName>TXT_KEY_SPY_NAME_ETHIOPIA_13</SpyName>
		</Row>
		<Row>
			<CivilizationType>CIVILIZATION_ETHIOPIA</CivilizationType>
			<SpyName>TXT_KEY_SPY_NAME_ETHIOPIA_14</SpyName>
		</Row>
		<Row>
			<CivilizationType>CIVILIZATION_ETHIOPIA</CivilizationType>
			<SpyName>TXT_KEY_SPY_NAME_ETHIOPIA_15</SpyName>
		</Row>
		<Row>
			<CivilizationType>CIVILIZATION_ETHIOPIA</CivilizationType>
			<SpyName>TXT_KEY_SPY_NAME_ETHIOPIA_16</SpyName>
		</Row>
		<Row>
			<CivilizationType>CIVILIZATION_ETHIOPIA</CivilizationType>
			<SpyName>TXT_KEY_SPY_NAME_ETHIOPIA_17</SpyName>
		</Row>
		<Row>
			<CivilizationType>CIVILIZATION_ETHIOPIA</CivilizationType>
			<SpyName>TXT_KEY_SPY_NAME_ETHIOPIA_18</SpyName>
		</Row>
		<Row>
			<CivilizationType>CIVILIZATION_ETHIOPIA</CivilizationType>
			<SpyName>TXT_KEY_SPY_NAME_ETHIOPIA_19</SpyName>
		</Row>
		<Row>
			<CivilizationType>CIVILIZATION_ETHIOPIA</CivilizationType>
			<SpyName>TXT_KEY_SPY_NAME_ETHIOPIA_20</SpyName>
		</Row>
		<Row>
			<CivilizationType>CIVILIZATION_ETHIOPIA</CivilizationType>
			<SpyName>TXT_KEY_SPY_NAME_ETHIOPIA_21</SpyName>
		</Row>
		<Row>
			<CivilizationType>CIVILIZATION_ETHIOPIA</CivilizationType>
			<SpyName>TXT_KEY_SPY_NAME_ETHIOPIA_22</SpyName>
		</Row>
		<Row>
			<CivilizationType>CIVILIZATION_ETHIOPIA</CivilizationType>
			<SpyName>TXT_KEY_SPY_NAME_ETHIOPIA_23</SpyName>
		</Row>
		<Row>
			<CivilizationType>CIVILIZATION_ETHIOPIA</CivilizationType>
			<SpyName>TXT_KEY_SPY_NAME_ETHIOPIA_24</SpyName>
		</Row>
		<!-- HUNS - Flavoured -->
		<Row>
			<CivilizationType>CIVILIZATION_HUNS</CivilizationType>
			<SpyName>TXT_KEY_SPY_NAME_HUNS_10</SpyName>
		</Row>
		<Row>
			<CivilizationType>CIVILIZATION_HUNS</CivilizationType>
			<SpyName>TXT_KEY_SPY_NAME_HUNS_11</SpyName>
		</Row>
		<Row>
			<CivilizationType>CIVILIZATION_HUNS</CivilizationType>
			<SpyName>TXT_KEY_SPY_NAME_HUNS_12</SpyName>
		</Row>
		<Row>
			<CivilizationType>CIVILIZATION_HUNS</CivilizationType>
			<SpyName>TXT_KEY_SPY_NAME_HUNS_13</SpyName>
		</Row>
		<Row>
			<CivilizationType>CIVILIZATION_HUNS</CivilizationType>
			<SpyName>TXT_KEY_SPY_NAME_HUNS_14</SpyName>
		</Row>
		<Row>
			<CivilizationType>CIVILIZATION_HUNS</CivilizationType>
			<SpyName>TXT_KEY_SPY_NAME_HUNS_15</SpyName>
		</Row>
		<Row>
			<CivilizationType>CIVILIZATION_HUNS</CivilizationType>
			<SpyName>TXT_KEY_SPY_NAME_HUNS_16</SpyName>
		</Row>
		<Row>
			<CivilizationType>CIVILIZATION_HUNS</CivilizationType>
			<SpyName>TXT_KEY_SPY_NAME_HUNS_17</SpyName>
		</Row>
		<Row>
			<CivilizationType>CIVILIZATION_HUNS</CivilizationType>
			<SpyName>TXT_KEY_SPY_NAME_HUNS_18</SpyName>
		</Row>
		<Row>
			<CivilizationType>CIVILIZATION_HUNS</CivilizationType>
			<SpyName>TXT_KEY_SPY_NAME_HUNS_19</SpyName>
		</Row>
		<Row>
			<CivilizationType>CIVILIZATION_HUNS</CivilizationType>
			<SpyName>TXT_KEY_SPY_NAME_HUNS_20</SpyName>
		</Row>
		<Row>
			<CivilizationType>CIVILIZATION_HUNS</CivilizationType>
			<SpyName>TXT_KEY_SPY_NAME_HUNS_21</SpyName>
		</Row>
		<Row>
			<CivilizationType>CIVILIZATION_HUNS</CivilizationType>
			<SpyName>TXT_KEY_SPY_NAME_HUNS_22</SpyName>
		</Row>
		<Row>
			<CivilizationType>CIVILIZATION_HUNS</CivilizationType>
			<SpyName>TXT_KEY_SPY_NAME_HUNS_23</SpyName>
		</Row>
		<Row>
			<CivilizationType>CIVILIZATION_HUNS</CivilizationType>
			<SpyName>TXT_KEY_SPY_NAME_HUNS_24</SpyName>
		</Row>
		<!-- MAYA - Flavoured -->
		<Row>
			<CivilizationType>CIVILIZATION_MAYA</CivilizationType>
			<SpyName>TXT_KEY_SPY_NAME_MAYA_10</SpyName>
		</Row>
		<Row>
			<CivilizationType>CIVILIZATION_MAYA</CivilizationType>
			<SpyName>TXT_KEY_SPY_NAME_MAYA_11</SpyName>
		</Row>
		<Row>
			<CivilizationType>CIVILIZATION_MAYA</CivilizationType>
			<SpyName>TXT_KEY_SPY_NAME_MAYA_12</SpyName>
		</Row>
		<Row>
			<CivilizationType>CIVILIZATION_MAYA</CivilizationType>
			<SpyName>TXT_KEY_SPY_NAME_MAYA_13</SpyName>
		</Row>
		<Row>
			<CivilizationType>CIVILIZATION_MAYA</CivilizationType>
			<SpyName>TXT_KEY_SPY_NAME_MAYA_14</SpyName>
		</Row>
		<Row>
			<CivilizationType>CIVILIZATION_MAYA</CivilizationType>
			<SpyName>TXT_KEY_SPY_NAME_MAYA_15</SpyName>
		</Row>
		<Row>
			<CivilizationType>CIVILIZATION_MAYA</CivilizationType>
			<SpyName>TXT_KEY_SPY_NAME_MAYA_16</SpyName>
		</Row>
		<Row>
			<CivilizationType>CIVILIZATION_MAYA</CivilizationType>
			<SpyName>TXT_KEY_SPY_NAME_MAYA_17</SpyName>
		</Row>
		<Row>
			<CivilizationType>CIVILIZATION_MAYA</CivilizationType>
			<SpyName>TXT_KEY_SPY_NAME_MAYA_18</SpyName>
		</Row>
		<Row>
			<CivilizationType>CIVILIZATION_MAYA</CivilizationType>
			<SpyName>TXT_KEY_SPY_NAME_MAYA_19</SpyName>
		</Row>
		<Row>
			<CivilizationType>CIVILIZATION_MAYA</CivilizationType>
			<SpyName>TXT_KEY_SPY_NAME_MAYA_20</SpyName>
		</Row>
		<Row>
			<CivilizationType>CIVILIZATION_MAYA</CivilizationType>
			<SpyName>TXT_KEY_SPY_NAME_MAYA_21</SpyName>
		</Row>
		<Row>
			<CivilizationType>CIVILIZATION_MAYA</CivilizationType>
			<SpyName>TXT_KEY_SPY_NAME_MAYA_22</SpyName>
		</Row>
		<Row>
			<CivilizationType>CIVILIZATION_MAYA</CivilizationType>
			<SpyName>TXT_KEY_SPY_NAME_MAYA_23</SpyName>
		</Row>
		<Row>
			<CivilizationType>CIVILIZATION_MAYA</CivilizationType>
			<SpyName>TXT_KEY_SPY_NAME_MAYA_24</SpyName>
		</Row>
		<!-- NETHERLANDS - Flavoured -->
		<Row>
			<CivilizationType>CIVILIZATION_NETHERLANDS</CivilizationType>
			<SpyName>TXT_KEY_SPY_NAME_NETHERLANDS_10</SpyName>
		</Row>
		<Row>
			<CivilizationType>CIVILIZATION_NETHERLANDS</CivilizationType>
			<SpyName>TXT_KEY_SPY_NAME_NETHERLANDS_11</SpyName>
		</Row>
		<Row>
			<CivilizationType>CIVILIZATION_NETHERLANDS</CivilizationType>
			<SpyName>TXT_KEY_SPY_NAME_NETHERLANDS_12</SpyName>
		</Row>
		<Row>
			<CivilizationType>CIVILIZATION_NETHERLANDS</CivilizationType>
			<SpyName>TXT_KEY_SPY_NAME_NETHERLANDS_13</SpyName>
		</Row>
		<Row>
			<CivilizationType>CIVILIZATION_NETHERLANDS</CivilizationType>
			<SpyName>TXT_KEY_SPY_NAME_NETHERLANDS_14</SpyName>
		</Row>
		<Row>
			<CivilizationType>CIVILIZATION_NETHERLANDS</CivilizationType>
			<SpyName>TXT_KEY_SPY_NAME_NETHERLANDS_15</SpyName>
		</Row>
		<Row>
			<CivilizationType>CIVILIZATION_NETHERLANDS</CivilizationType>
			<SpyName>TXT_KEY_SPY_NAME_NETHERLANDS_16</SpyName>
		</Row>
		<Row>
			<CivilizationType>CIVILIZATION_NETHERLANDS</CivilizationType>
			<SpyName>TXT_KEY_SPY_NAME_NETHERLANDS_17</SpyName>
		</Row>
		<Row>
			<CivilizationType>CIVILIZATION_NETHERLANDS</CivilizationType>
			<SpyName>TXT_KEY_SPY_NAME_NETHERLANDS_18</SpyName>
		</Row>
		<Row>
			<CivilizationType>CIVILIZATION_NETHERLANDS</CivilizationType>
			<SpyName>TXT_KEY_SPY_NAME_NETHERLANDS_19</SpyName>
		</Row>
		<Row>
			<CivilizationType>CIVILIZATION_NETHERLANDS</CivilizationType>
			<SpyName>TXT_KEY_SPY_NAME_NETHERLANDS_20</SpyName>
		</Row>
		<Row>
			<CivilizationType>CIVILIZATION_NETHERLANDS</CivilizationType>
			<SpyName>TXT_KEY_SPY_NAME_NETHERLANDS_21</SpyName>
		</Row>
		<Row>
			<CivilizationType>CIVILIZATION_NETHERLANDS</CivilizationType>
			<SpyName>TXT_KEY_SPY_NAME_NETHERLANDS_22</SpyName>
		</Row>
		<Row>
			<CivilizationType>CIVILIZATION_NETHERLANDS</CivilizationType>
			<SpyName>TXT_KEY_SPY_NAME_NETHERLANDS_23</SpyName>
		</Row>
		<Row>
			<CivilizationType>CIVILIZATION_NETHERLANDS</CivilizationType>
			<SpyName>TXT_KEY_SPY_NAME_NETHERLANDS_24</SpyName>
		</Row>
		<!-- SWEDEN - Flavoured -->
		<Row>
			<CivilizationType>CIVILIZATION_SWEDEN</CivilizationType>
			<SpyName>TXT_KEY_SPY_NAME_SWEDEN_10</SpyName>
		</Row>
		<Row>
			<CivilizationType>CIVILIZATION_SWEDEN</CivilizationType>
			<SpyName>TXT_KEY_SPY_NAME_SWEDEN_11</SpyName>
		</Row>
		<Row>
			<CivilizationType>CIVILIZATION_SWEDEN</CivilizationType>
			<SpyName>TXT_KEY_SPY_NAME_SWEDEN_12</SpyName>
		</Row>
		<Row>
			<CivilizationType>CIVILIZATION_SWEDEN</CivilizationType>
			<SpyName>TXT_KEY_SPY_NAME_SWEDEN_13</SpyName>
		</Row>
		<Row>
			<CivilizationType>CIVILIZATION_SWEDEN</CivilizationType>
			<SpyName>TXT_KEY_SPY_NAME_SWEDEN_14</SpyName>
		</Row>
		<Row>
			<CivilizationType>CIVILIZATION_SWEDEN</CivilizationType>
			<SpyName>TXT_KEY_SPY_NAME_SWEDEN_15</SpyName>
		</Row>
		<Row>
			<CivilizationType>CIVILIZATION_SWEDEN</CivilizationType>
			<SpyName>TXT_KEY_SPY_NAME_SWEDEN_16</SpyName>
		</Row>
		<Row>
			<CivilizationType>CIVILIZATION_SWEDEN</CivilizationType>
			<SpyName>TXT_KEY_SPY_NAME_SWEDEN_17</SpyName>
		</Row>
		<Row>
			<CivilizationType>CIVILIZATION_SWEDEN</CivilizationType>
			<SpyName>TXT_KEY_SPY_NAME_SWEDEN_18</SpyName>
		</Row>
		<Row>
			<CivilizationType>CIVILIZATION_SWEDEN</CivilizationType>
			<SpyName>TXT_KEY_SPY_NAME_SWEDEN_19</SpyName>
		</Row>
		<Row>
			<CivilizationType>CIVILIZATION_SWEDEN</CivilizationType>
			<SpyName>TXT_KEY_SPY_NAME_SWEDEN_20</SpyName>
		</Row>
		<Row>
			<CivilizationType>CIVILIZATION_SWEDEN</CivilizationType>
			<SpyName>TXT_KEY_SPY_NAME_SWEDEN_21</SpyName>
		</Row>
		<Row>
			<CivilizationType>CIVILIZATION_SWEDEN</CivilizationType>
			<SpyName>TXT_KEY_SPY_NAME_SWEDEN_22</SpyName>
		</Row>
		<Row>
			<CivilizationType>CIVILIZATION_SWEDEN</CivilizationType>
			<SpyName>TXT_KEY_SPY_NAME_SWEDEN_23</SpyName>
		</Row>
		<Row>
			<CivilizationType>CIVILIZATION_SWEDEN</CivilizationType>
			<SpyName>TXT_KEY_SPY_NAME_SWEDEN_24</SpyName>
		</Row>
		<!-- ASSYRIA - Flavoured -->
		<Row>
			<CivilizationType>CIVILIZATION_ASSYRIA</CivilizationType>
			<SpyName>TXT_KEY_SPY_NAME_ASSYRIA_10</SpyName>
		</Row>
		<Row>
			<CivilizationType>CIVILIZATION_ASSYRIA</CivilizationType>
			<SpyName>TXT_KEY_SPY_NAME_ASSYRIA_11</SpyName>
		</Row>
		<Row>
			<CivilizationType>CIVILIZATION_ASSYRIA</CivilizationType>
			<SpyName>TXT_KEY_SPY_NAME_ASSYRIA_12</SpyName>
		</Row>
		<Row>
			<CivilizationType>CIVILIZATION_ASSYRIA</CivilizationType>
			<SpyName>TXT_KEY_SPY_NAME_ASSYRIA_13</SpyName>
		</Row>
		<Row>
			<CivilizationType>CIVILIZATION_ASSYRIA</CivilizationType>
			<SpyName>TXT_KEY_SPY_NAME_ASSYRIA_14</SpyName>
		</Row>
		<Row>
			<CivilizationType>CIVILIZATION_ASSYRIA</CivilizationType>
			<SpyName>TXT_KEY_SPY_NAME_ASSYRIA_15</SpyName>
		</Row>
		<Row>
			<CivilizationType>CIVILIZATION_ASSYRIA</CivilizationType>
			<SpyName>TXT_KEY_SPY_NAME_ASSYRIA_16</SpyName>
		</Row>
		<Row>
			<CivilizationType>CIVILIZATION_ASSYRIA</CivilizationType>
			<SpyName>TXT_KEY_SPY_NAME_ASSYRIA_17</SpyName>
		</Row>
		<Row>
			<CivilizationType>CIVILIZATION_ASSYRIA</CivilizationType>
			<SpyName>TXT_KEY_SPY_NAME_ASSYRIA_18</SpyName>
		</Row>
		<Row>
			<CivilizationType>CIVILIZATION_ASSYRIA</CivilizationType>
			<SpyName>TXT_KEY_SPY_NAME_ASSYRIA_19</SpyName>
		</Row>
		<Row>
			<CivilizationType>CIVILIZATION_ASSYRIA</CivilizationType>
			<SpyName>TXT_KEY_SPY_NAME_ASSYRIA_20</SpyName>
		</Row>
		<Row>
			<CivilizationType>CIVILIZATION_ASSYRIA</CivilizationType>
			<SpyName>TXT_KEY_SPY_NAME_ASSYRIA_21</SpyName>
		</Row>
		<Row>
			<CivilizationType>CIVILIZATION_ASSYRIA</CivilizationType>
			<SpyName>TXT_KEY_SPY_NAME_ASSYRIA_22</SpyName>
		</Row>
		<Row>
			<CivilizationType>CIVILIZATION_ASSYRIA</CivilizationType>
			<SpyName>TXT_KEY_SPY_NAME_ASSYRIA_23</SpyName>
		</Row>
		<Row>
			<CivilizationType>CIVILIZATION_ASSYRIA</CivilizationType>
			<SpyName>TXT_KEY_SPY_NAME_ASSYRIA_24</SpyName>
		</Row>
		<!-- BRAZIL - Flavoured -->
		<Row>
			<CivilizationType>CIVILIZATION_BRAZIL</CivilizationType>
			<SpyName>TXT_KEY_SPY_NAME_BRAZIL_10</SpyName>
		</Row>
		<Row>
			<CivilizationType>CIVILIZATION_BRAZIL</CivilizationType>
			<SpyName>TXT_KEY_SPY_NAME_BRAZIL_11</SpyName>
		</Row>
		<Row>
			<CivilizationType>CIVILIZATION_BRAZIL</CivilizationType>
			<SpyName>TXT_KEY_SPY_NAME_BRAZIL_12</SpyName>
		</Row>
		<Row>
			<CivilizationType>CIVILIZATION_BRAZIL</CivilizationType>
			<SpyName>TXT_KEY_SPY_NAME_BRAZIL_13</SpyName>
		</Row>
		<Row>
			<CivilizationType>CIVILIZATION_BRAZIL</CivilizationType>
			<SpyName>TXT_KEY_SPY_NAME_BRAZIL_14</SpyName>
		</Row>
		<Row>
			<CivilizationType>CIVILIZATION_BRAZIL</CivilizationType>
			<SpyName>TXT_KEY_SPY_NAME_BRAZIL_15</SpyName>
		</Row>
		<Row>
			<CivilizationType>CIVILIZATION_BRAZIL</CivilizationType>
			<SpyName>TXT_KEY_SPY_NAME_BRAZIL_16</SpyName>
		</Row>
		<Row>
			<CivilizationType>CIVILIZATION_BRAZIL</CivilizationType>
			<SpyName>TXT_KEY_SPY_NAME_BRAZIL_17</SpyName>
		</Row>
		<Row>
			<CivilizationType>CIVILIZATION_BRAZIL</CivilizationType>
			<SpyName>TXT_KEY_SPY_NAME_BRAZIL_18</SpyName>
		</Row>
		<Row>
			<CivilizationType>CIVILIZATION_BRAZIL</CivilizationType>
			<SpyName>TXT_KEY_SPY_NAME_BRAZIL_19</SpyName>
		</Row>
		<Row>
			<CivilizationType>CIVILIZATION_BRAZIL</CivilizationType>
			<SpyName>TXT_KEY_SPY_NAME_BRAZIL_20</SpyName>
		</Row>
		<Row>
			<CivilizationType>CIVILIZATION_BRAZIL</CivilizationType>
			<SpyName>TXT_KEY_SPY_NAME_BRAZIL_21</SpyName>
		</Row>
		<Row>
			<CivilizationType>CIVILIZATION_BRAZIL</CivilizationType>
			<SpyName>TXT_KEY_SPY_NAME_BRAZIL_22</SpyName>
		</Row>
		<Row>
			<CivilizationType>CIVILIZATION_BRAZIL</CivilizationType>
			<SpyName>TXT_KEY_SPY_NAME_BRAZIL_23</SpyName>
		</Row>
		<Row>
			<CivilizationType>CIVILIZATION_BRAZIL</CivilizationType>
			<SpyName>TXT_KEY_SPY_NAME_BRAZIL_24</SpyName>
		</Row>
		<!-- INDONESIA - Flavoured -->
		<Row>
			<CivilizationType>CIVILIZATION_INDONESIA</CivilizationType>
			<SpyName>TXT_KEY_SPY_NAME_INDONESIA_10</SpyName>
		</Row>
		<Row>
			<CivilizationType>CIVILIZATION_INDONESIA</CivilizationType>
			<SpyName>TXT_KEY_SPY_NAME_INDONESIA_11</SpyName>
		</Row>
		<Row>
			<CivilizationType>CIVILIZATION_INDONESIA</CivilizationType>
			<SpyName>TXT_KEY_SPY_NAME_INDONESIA_12</SpyName>
		</Row>
		<Row>
			<CivilizationType>CIVILIZATION_INDONESIA</CivilizationType>
			<SpyName>TXT_KEY_SPY_NAME_INDONESIA_13</SpyName>
		</Row>
		<Row>
			<CivilizationType>CIVILIZATION_INDONESIA</CivilizationType>
			<SpyName>TXT_KEY_SPY_NAME_INDONESIA_14</SpyName>
		</Row>
		<Row>
			<CivilizationType>CIVILIZATION_INDONESIA</CivilizationType>
			<SpyName>TXT_KEY_SPY_NAME_INDONESIA_15</SpyName>
		</Row>
		<Row>
			<CivilizationType>CIVILIZATION_INDONESIA</CivilizationType>
			<SpyName>TXT_KEY_SPY_NAME_INDONESIA_16</SpyName>
		</Row>
		<Row>
			<CivilizationType>CIVILIZATION_INDONESIA</CivilizationType>
			<SpyName>TXT_KEY_SPY_NAME_INDONESIA_17</SpyName>
		</Row>
		<Row>
			<CivilizationType>CIVILIZATION_INDONESIA</CivilizationType>
			<SpyName>TXT_KEY_SPY_NAME_INDONESIA_18</SpyName>
		</Row>
		<Row>
			<CivilizationType>CIVILIZATION_INDONESIA</CivilizationType>
			<SpyName>TXT_KEY_SPY_NAME_INDONESIA_19</SpyName>
		</Row>
		<Row>
			<CivilizationType>CIVILIZATION_INDONESIA</CivilizationType>
			<SpyName>TXT_KEY_SPY_NAME_INDONESIA_20</SpyName>
		</Row>
		<Row>
			<CivilizationType>CIVILIZATION_INDONESIA</CivilizationType>
			<SpyName>TXT_KEY_SPY_NAME_INDONESIA_21</SpyName>
		</Row>
		<Row>
			<CivilizationType>CIVILIZATION_INDONESIA</CivilizationType>
			<SpyName>TXT_KEY_SPY_NAME_INDONESIA_22</SpyName>
		</Row>
		<Row>
			<CivilizationType>CIVILIZATION_INDONESIA</CivilizationType>
			<SpyName>TXT_KEY_SPY_NAME_INDONESIA_23</SpyName>
		</Row>
		<Row>
			<CivilizationType>CIVILIZATION_INDONESIA</CivilizationType>
			<SpyName>TXT_KEY_SPY_NAME_INDONESIA_24</SpyName>
		</Row>
		<!-- MOROCCO - Flavoured -->
		<Row>
			<CivilizationType>CIVILIZATION_MOROCCO</CivilizationType>
			<SpyName>TXT_KEY_SPY_NAME_MOROCCO_10</SpyName>
		</Row>
		<Row>
			<CivilizationType>CIVILIZATION_MOROCCO</CivilizationType>
			<SpyName>TXT_KEY_SPY_NAME_MOROCCO_11</SpyName>
		</Row>
		<Row>
			<CivilizationType>CIVILIZATION_MOROCCO</CivilizationType>
			<SpyName>TXT_KEY_SPY_NAME_MOROCCO_12</SpyName>
		</Row>
		<Row>
			<CivilizationType>CIVILIZATION_MOROCCO</CivilizationType>
			<SpyName>TXT_KEY_SPY_NAME_MOROCCO_13</SpyName>
		</Row>
		<Row>
			<CivilizationType>CIVILIZATION_MOROCCO</CivilizationType>
			<SpyName>TXT_KEY_SPY_NAME_MOROCCO_14</SpyName>
		</Row>
		<Row>
			<CivilizationType>CIVILIZATION_MOROCCO</CivilizationType>
			<SpyName>TXT_KEY_SPY_NAME_MOROCCO_15</SpyName>
		</Row>
		<Row>
			<CivilizationType>CIVILIZATION_MOROCCO</CivilizationType>
			<SpyName>TXT_KEY_SPY_NAME_MOROCCO_16</SpyName>
		</Row>
		<Row>
			<CivilizationType>CIVILIZATION_MOROCCO</CivilizationType>
			<SpyName>TXT_KEY_SPY_NAME_MOROCCO_17</SpyName>
		</Row>
		<Row>
			<CivilizationType>CIVILIZATION_MOROCCO</CivilizationType>
			<SpyName>TXT_KEY_SPY_NAME_MOROCCO_18</SpyName>
		</Row>
		<Row>
			<CivilizationType>CIVILIZATION_MOROCCO</CivilizationType>
			<SpyName>TXT_KEY_SPY_NAME_MOROCCO_19</SpyName>
		</Row>
		<Row>
			<CivilizationType>CIVILIZATION_MOROCCO</CivilizationType>
			<SpyName>TXT_KEY_SPY_NAME_MOROCCO_20</SpyName>
		</Row>
		<Row>
			<CivilizationType>CIVILIZATION_MOROCCO</CivilizationType>
			<SpyName>TXT_KEY_SPY_NAME_MOROCCO_21</SpyName>
		</Row>
		<Row>
			<CivilizationType>CIVILIZATION_MOROCCO</CivilizationType>
			<SpyName>TXT_KEY_SPY_NAME_MOROCCO_22</SpyName>
		</Row>
		<Row>
			<CivilizationType>CIVILIZATION_MOROCCO</CivilizationType>
			<SpyName>TXT_KEY_SPY_NAME_MOROCCO_23</SpyName>
		</Row>
		<Row>
			<CivilizationType>CIVILIZATION_MOROCCO</CivilizationType>
			<SpyName>TXT_KEY_SPY_NAME_MOROCCO_24</SpyName>
		</Row>
		<!-- POLAND - Flavoured -->
		<Row>
			<CivilizationType>CIVILIZATION_POLAND</CivilizationType>
			<SpyName>TXT_KEY_SPY_NAME_POLAND_10</SpyName>
		</Row>
		<Row>
			<CivilizationType>CIVILIZATION_POLAND</CivilizationType>
			<SpyName>TXT_KEY_SPY_NAME_POLAND_11</SpyName>
		</Row>
		<Row>
			<CivilizationType>CIVILIZATION_POLAND</CivilizationType>
			<SpyName>TXT_KEY_SPY_NAME_POLAND_12</SpyName>
		</Row>
		<Row>
			<CivilizationType>CIVILIZATION_POLAND</CivilizationType>
			<SpyName>TXT_KEY_SPY_NAME_POLAND_13</SpyName>
		</Row>
		<Row>
			<CivilizationType>CIVILIZATION_POLAND</CivilizationType>
			<SpyName>TXT_KEY_SPY_NAME_POLAND_14</SpyName>
		</Row>
		<Row>
			<CivilizationType>CIVILIZATION_POLAND</CivilizationType>
			<SpyName>TXT_KEY_SPY_NAME_POLAND_15</SpyName>
		</Row>
		<Row>
			<CivilizationType>CIVILIZATION_POLAND</CivilizationType>
			<SpyName>TXT_KEY_SPY_NAME_POLAND_16</SpyName>
		</Row>
		<Row>
			<CivilizationType>CIVILIZATION_POLAND</CivilizationType>
			<SpyName>TXT_KEY_SPY_NAME_POLAND_17</SpyName>
		</Row>
		<Row>
			<CivilizationType>CIVILIZATION_POLAND</CivilizationType>
			<SpyName>TXT_KEY_SPY_NAME_POLAND_18</SpyName>
		</Row>
		<Row>
			<CivilizationType>CIVILIZATION_POLAND</CivilizationType>
			<SpyName>TXT_KEY_SPY_NAME_POLAND_19</SpyName>
		</Row>
		<Row>
			<CivilizationType>CIVILIZATION_POLAND</CivilizationType>
			<SpyName>TXT_KEY_SPY_NAME_POLAND_20</SpyName>
		</Row>
		<Row>
			<CivilizationType>CIVILIZATION_POLAND</CivilizationType>
			<SpyName>TXT_KEY_SPY_NAME_POLAND_21</SpyName>
		</Row>
		<Row>
			<CivilizationType>CIVILIZATION_POLAND</CivilizationType>
			<SpyName>TXT_KEY_SPY_NAME_POLAND_22</SpyName>
		</Row>
		<Row>
			<CivilizationType>CIVILIZATION_POLAND</CivilizationType>
			<SpyName>TXT_KEY_SPY_NAME_POLAND_23</SpyName>
		</Row>
		<Row>
			<CivilizationType>CIVILIZATION_POLAND</CivilizationType>
			<SpyName>TXT_KEY_SPY_NAME_POLAND_24</SpyName>
		</Row>
		<!-- PORTUGAL - Flavoured -->
		<Row>
			<CivilizationType>CIVILIZATION_PORTUGAL</CivilizationType>
			<SpyName>TXT_KEY_SPY_NAME_PORTUGAL_10</SpyName>
		</Row>
		<Row>
			<CivilizationType>CIVILIZATION_PORTUGAL</CivilizationType>
			<SpyName>TXT_KEY_SPY_NAME_PORTUGAL_11</SpyName>
		</Row>
		<Row>
			<CivilizationType>CIVILIZATION_PORTUGAL</CivilizationType>
			<SpyName>TXT_KEY_SPY_NAME_PORTUGAL_12</SpyName>
		</Row>
		<Row>
			<CivilizationType>CIVILIZATION_PORTUGAL</CivilizationType>
			<SpyName>TXT_KEY_SPY_NAME_PORTUGAL_13</SpyName>
		</Row>
		<Row>
			<CivilizationType>CIVILIZATION_PORTUGAL</CivilizationType>
			<SpyName>TXT_KEY_SPY_NAME_PORTUGAL_14</SpyName>
		</Row>
		<Row>
			<CivilizationType>CIVILIZATION_PORTUGAL</CivilizationType>
			<SpyName>TXT_KEY_SPY_NAME_PORTUGAL_15</SpyName>
		</Row>
		<Row>
			<CivilizationType>CIVILIZATION_PORTUGAL</CivilizationType>
			<SpyName>TXT_KEY_SPY_NAME_PORTUGAL_16</SpyName>
		</Row>
		<Row>
			<CivilizationType>CIVILIZATION_PORTUGAL</CivilizationType>
			<SpyName>TXT_KEY_SPY_NAME_PORTUGAL_17</SpyName>
		</Row>
		<Row>
			<CivilizationType>CIVILIZATION_PORTUGAL</CivilizationType>
			<SpyName>TXT_KEY_SPY_NAME_PORTUGAL_18</SpyName>
		</Row>
		<Row>
			<CivilizationType>CIVILIZATION_PORTUGAL</CivilizationType>
			<SpyName>TXT_KEY_SPY_NAME_PORTUGAL_19</SpyName>
		</Row>
		<Row>
			<CivilizationType>CIVILIZATION_PORTUGAL</CivilizationType>
			<SpyName>TXT_KEY_SPY_NAME_PORTUGAL_20</SpyName>
		</Row>
		<Row>
			<CivilizationType>CIVILIZATION_PORTUGAL</CivilizationType>
			<SpyName>TXT_KEY_SPY_NAME_PORTUGAL_21</SpyName>
		</Row>
		<Row>
			<CivilizationType>CIVILIZATION_PORTUGAL</CivilizationType>
			<SpyName>TXT_KEY_SPY_NAME_PORTUGAL_22</SpyName>
		</Row>
		<Row>
			<CivilizationType>CIVILIZATION_PORTUGAL</CivilizationType>
			<SpyName>TXT_KEY_SPY_NAME_PORTUGAL_23</SpyName>
		</Row>
		<Row>
			<CivilizationType>CIVILIZATION_PORTUGAL</CivilizationType>
			<SpyName>TXT_KEY_SPY_NAME_PORTUGAL_24</SpyName>
		</Row>
		<!-- SHOSHONE - Flavoured -->
		<Row>
			<CivilizationType>CIVILIZATION_SHOSHONE</CivilizationType>
			<SpyName>TXT_KEY_SPY_NAME_SHOSHONE_10</SpyName>
		</Row>
		<Row>
			<CivilizationType>CIVILIZATION_SHOSHONE</CivilizationType>
			<SpyName>TXT_KEY_SPY_NAME_SHOSHONE_11</SpyName>
		</Row>
		<Row>
			<CivilizationType>CIVILIZATION_SHOSHONE</CivilizationType>
			<SpyName>TXT_KEY_SPY_NAME_SHOSHONE_12</SpyName>
		</Row>
		<Row>
			<CivilizationType>CIVILIZATION_SHOSHONE</CivilizationType>
			<SpyName>TXT_KEY_SPY_NAME_SHOSHONE_13</SpyName>
		</Row>
		<Row>
			<CivilizationType>CIVILIZATION_SHOSHONE</CivilizationType>
			<SpyName>TXT_KEY_SPY_NAME_SHOSHONE_14</SpyName>
		</Row>
		<Row>
			<CivilizationType>CIVILIZATION_SHOSHONE</CivilizationType>
			<SpyName>TXT_KEY_SPY_NAME_SHOSHONE_15</SpyName>
		</Row>
		<Row>
			<CivilizationType>CIVILIZATION_SHOSHONE</CivilizationType>
			<SpyName>TXT_KEY_SPY_NAME_SHOSHONE_16</SpyName>
		</Row>
		<Row>
			<CivilizationType>CIVILIZATION_SHOSHONE</CivilizationType>
			<SpyName>TXT_KEY_SPY_NAME_SHOSHONE_17</SpyName>
		</Row>
		<Row>
			<CivilizationType>CIVILIZATION_SHOSHONE</CivilizationType>
			<SpyName>TXT_KEY_SPY_NAME_SHOSHONE_18</SpyName>
		</Row>
		<Row>
			<CivilizationType>CIVILIZATION_SHOSHONE</CivilizationType>
			<SpyName>TXT_KEY_SPY_NAME_SHOSHONE_19</SpyName>
		</Row>
		<Row>
			<CivilizationType>CIVILIZATION_SHOSHONE</CivilizationType>
			<SpyName>TXT_KEY_SPY_NAME_SHOSHONE_20</SpyName>
		</Row>
		<Row>
			<CivilizationType>CIVILIZATION_SHOSHONE</CivilizationType>
			<SpyName>TXT_KEY_SPY_NAME_SHOSHONE_21</SpyName>
		</Row>
		<Row>
			<CivilizationType>CIVILIZATION_SHOSHONE</CivilizationType>
			<SpyName>TXT_KEY_SPY_NAME_SHOSHONE_22</SpyName>
		</Row>
		<Row>
			<CivilizationType>CIVILIZATION_SHOSHONE</CivilizationType>
			<SpyName>TXT_KEY_SPY_NAME_SHOSHONE_23</SpyName>
		</Row>
		<Row>
			<CivilizationType>CIVILIZATION_SHOSHONE</CivilizationType>
			<SpyName>TXT_KEY_SPY_NAME_SHOSHONE_24</SpyName>
		</Row>
		<!-- VENICE - Flavoured -->
		<Row>
			<CivilizationType>CIVILIZATION_VENICE</CivilizationType>
			<SpyName>TXT_KEY_SPY_NAME_VENICE_10</SpyName>
		</Row>
		<Row>
			<CivilizationType>CIVILIZATION_VENICE</CivilizationType>
			<SpyName>TXT_KEY_SPY_NAME_VENICE_11</SpyName>
		</Row>
		<Row>
			<CivilizationType>CIVILIZATION_VENICE</CivilizationType>
			<SpyName>TXT_KEY_SPY_NAME_VENICE_12</SpyName>
		</Row>
		<Row>
			<CivilizationType>CIVILIZATION_VENICE</CivilizationType>
			<SpyName>TXT_KEY_SPY_NAME_VENICE_13</SpyName>
		</Row>
		<Row>
			<CivilizationType>CIVILIZATION_VENICE</CivilizationType>
			<SpyName>TXT_KEY_SPY_NAME_VENICE_14</SpyName>
		</Row>
		<Row>
			<CivilizationType>CIVILIZATION_VENICE</CivilizationType>
			<SpyName>TXT_KEY_SPY_NAME_VENICE_15</SpyName>
		</Row>
		<Row>
			<CivilizationType>CIVILIZATION_VENICE</CivilizationType>
			<SpyName>TXT_KEY_SPY_NAME_VENICE_16</SpyName>
		</Row>
		<Row>
			<CivilizationType>CIVILIZATION_VENICE</CivilizationType>
			<SpyName>TXT_KEY_SPY_NAME_VENICE_17</SpyName>
		</Row>
		<Row>
			<CivilizationType>CIVILIZATION_VENICE</CivilizationType>
			<SpyName>TXT_KEY_SPY_NAME_VENICE_18</SpyName>
		</Row>
		<Row>
			<CivilizationType>CIVILIZATION_VENICE</CivilizationType>
			<SpyName>TXT_KEY_SPY_NAME_VENICE_19</SpyName>
		</Row>
		<Row>
			<CivilizationType>CIVILIZATION_VENICE</CivilizationType>
			<SpyName>TXT_KEY_SPY_NAME_VENICE_20</SpyName>
		</Row>
		<Row>
			<CivilizationType>CIVILIZATION_VENICE</CivilizationType>
			<SpyName>TXT_KEY_SPY_NAME_VENICE_21</SpyName>
		</Row>
		<Row>
			<CivilizationType>CIVILIZATION_VENICE</CivilizationType>
			<SpyName>TXT_KEY_SPY_NAME_VENICE_22</SpyName>
		</Row>
		<Row>
			<CivilizationType>CIVILIZATION_VENICE</CivilizationType>
			<SpyName>TXT_KEY_SPY_NAME_VENICE_23</SpyName>
		</Row>
		<Row>
			<CivilizationType>CIVILIZATION_VENICE</CivilizationType>
			<SpyName>TXT_KEY_SPY_NAME_VENICE_24</SpyName>
		</Row>
		<!-- ZULU - Flavoured -->
		<Row>
			<CivilizationType>CIVILIZATION_ZULU</CivilizationType>
			<SpyName>TXT_KEY_SPY_NAME_ZULU_10</SpyName>
		</Row>
		<Row>
			<CivilizationType>CIVILIZATION_ZULU</CivilizationType>
			<SpyName>TXT_KEY_SPY_NAME_ZULU_11</SpyName>
		</Row>
		<Row>
			<CivilizationType>CIVILIZATION_ZULU</CivilizationType>
			<SpyName>TXT_KEY_SPY_NAME_ZULU_12</SpyName>
		</Row>
		<Row>
			<CivilizationType>CIVILIZATION_ZULU</CivilizationType>
			<SpyName>TXT_KEY_SPY_NAME_ZULU_13</SpyName>
		</Row>
		<Row>
			<CivilizationType>CIVILIZATION_ZULU</CivilizationType>
			<SpyName>TXT_KEY_SPY_NAME_ZULU_14</SpyName>
		</Row>
		<Row>
			<CivilizationType>CIVILIZATION_ZULU</CivilizationType>
			<SpyName>TXT_KEY_SPY_NAME_ZULU_15</SpyName>
		</Row>
		<Row>
			<CivilizationType>CIVILIZATION_ZULU</CivilizationType>
			<SpyName>TXT_KEY_SPY_NAME_ZULU_16</SpyName>
		</Row>
		<Row>
			<CivilizationType>CIVILIZATION_ZULU</CivilizationType>
			<SpyName>TXT_KEY_SPY_NAME_ZULU_17</SpyName>
		</Row>
		<Row>
			<CivilizationType>CIVILIZATION_ZULU</CivilizationType>
			<SpyName>TXT_KEY_SPY_NAME_ZULU_18</SpyName>
		</Row>
		<Row>
			<CivilizationType>CIVILIZATION_ZULU</CivilizationType>
			<SpyName>TXT_KEY_SPY_NAME_ZULU_19</SpyName>
		</Row>
		<Row>
			<CivilizationType>CIVILIZATION_ZULU</CivilizationType>
			<SpyName>TXT_KEY_SPY_NAME_ZULU_20</SpyName>
		</Row>
		<Row>
			<CivilizationType>CIVILIZATION_ZULU</CivilizationType>
			<SpyName>TXT_KEY_SPY_NAME_ZULU_21</SpyName>
		</Row>
		<Row>
			<CivilizationType>CIVILIZATION_ZULU</CivilizationType>
			<SpyName>TXT_KEY_SPY_NAME_ZULU_22</SpyName>
		</Row>
		<Row>
			<CivilizationType>CIVILIZATION_ZULU</CivilizationType>
			<SpyName>TXT_KEY_SPY_NAME_ZULU_23</SpyName>
		</Row>
		<Row>
			<CivilizationType>CIVILIZATION_ZULU</CivilizationType>
			<SpyName>TXT_KEY_SPY_NAME_ZULU_24</SpyName>
		</Row>
		<!-- BABYLON - Flavoured -->
		<Row>
			<CivilizationType>CIVILIZATION_BABYLON</CivilizationType>
			<SpyName>TXT_KEY_SPY_NAME_BABYLON_10</SpyName>
		</Row>
		<Row>
			<CivilizationType>CIVILIZATION_BABYLON</CivilizationType>
			<SpyName>TXT_KEY_SPY_NAME_BABYLON_11</SpyName>
		</Row>
		<Row>
			<CivilizationType>CIVILIZATION_BABYLON</CivilizationType>
			<SpyName>TXT_KEY_SPY_NAME_BABYLON_12</SpyName>
		</Row>
		<Row>
			<CivilizationType>CIVILIZATION_BABYLON</CivilizationType>
			<SpyName>TXT_KEY_SPY_NAME_BABYLON_13</SpyName>
		</Row>
		<Row>
			<CivilizationType>CIVILIZATION_BABYLON</CivilizationType>
			<SpyName>TXT_KEY_SPY_NAME_BABYLON_14</SpyName>
		</Row>
		<Row>
			<CivilizationType>CIVILIZATION_BABYLON</CivilizationType>
			<SpyName>TXT_KEY_SPY_NAME_BABYLON_15</SpyName>
		</Row>
		<Row>
			<CivilizationType>CIVILIZATION_BABYLON</CivilizationType>
			<SpyName>TXT_KEY_SPY_NAME_BABYLON_16</SpyName>
		</Row>
		<Row>
			<CivilizationType>CIVILIZATION_BABYLON</CivilizationType>
			<SpyName>TXT_KEY_SPY_NAME_BABYLON_17</SpyName>
		</Row>
		<Row>
			<CivilizationType>CIVILIZATION_BABYLON</CivilizationType>
			<SpyName>TXT_KEY_SPY_NAME_BABYLON_18</SpyName>
		</Row>
		<Row>
			<CivilizationType>CIVILIZATION_BABYLON</CivilizationType>
			<SpyName>TXT_KEY_SPY_NAME_BABYLON_19</SpyName>
		</Row>
		<Row>
			<CivilizationType>CIVILIZATION_BABYLON</CivilizationType>
			<SpyName>TXT_KEY_SPY_NAME_BABYLON_20</SpyName>
		</Row>
		<Row>
			<CivilizationType>CIVILIZATION_BABYLON</CivilizationType>
			<SpyName>TXT_KEY_SPY_NAME_BABYLON_21</SpyName>
		</Row>
		<Row>
			<CivilizationType>CIVILIZATION_BABYLON</CivilizationType>
			<SpyName>TXT_KEY_SPY_NAME_BABYLON_22</SpyName>
		</Row>
		<Row>
			<CivilizationType>CIVILIZATION_BABYLON</CivilizationType>
			<SpyName>TXT_KEY_SPY_NAME_BABYLON_23</SpyName>
		</Row>
		<Row>
			<CivilizationType>CIVILIZATION_BABYLON</CivilizationType>
			<SpyName>TXT_KEY_SPY_NAME_BABYLON_24</SpyName>
		</Row>
		<!-- DENMARK - Flavoured -->
		<Row>
			<CivilizationType>CIVILIZATION_DENMARK</CivilizationType>
			<SpyName>TXT_KEY_SPY_NAME_DENMARK_10</SpyName>
		</Row>
		<Row>
			<CivilizationType>CIVILIZATION_DENMARK</CivilizationType>
			<SpyName>TXT_KEY_SPY_NAME_DENMARK_11</SpyName>
		</Row>
		<Row>
			<CivilizationType>CIVILIZATION_DENMARK</CivilizationType>
			<SpyName>TXT_KEY_SPY_NAME_DENMARK_12</SpyName>
		</Row>
		<Row>
			<CivilizationType>CIVILIZATION_DENMARK</CivilizationType>
			<SpyName>TXT_KEY_SPY_NAME_DENMARK_13</SpyName>
		</Row>
		<Row>
			<CivilizationType>CIVILIZATION_DENMARK</CivilizationType>
			<SpyName>TXT_KEY_SPY_NAME_DENMARK_14</SpyName>
		</Row>
		<Row>
			<CivilizationType>CIVILIZATION_DENMARK</CivilizationType>
			<SpyName>TXT_KEY_SPY_NAME_DENMARK_15</SpyName>
		</Row>
		<Row>
			<CivilizationType>CIVILIZATION_DENMARK</CivilizationType>
			<SpyName>TXT_KEY_SPY_NAME_DENMARK_16</SpyName>
		</Row>
		<Row>
			<CivilizationType>CIVILIZATION_DENMARK</CivilizationType>
			<SpyName>TXT_KEY_SPY_NAME_DENMARK_17</SpyName>
		</Row>
		<Row>
			<CivilizationType>CIVILIZATION_DENMARK</CivilizationType>
			<SpyName>TXT_KEY_SPY_NAME_DENMARK_18</SpyName>
		</Row>
		<Row>
			<CivilizationType>CIVILIZATION_DENMARK</CivilizationType>
			<SpyName>TXT_KEY_SPY_NAME_DENMARK_19</SpyName>
		</Row>
		<Row>
			<CivilizationType>CIVILIZATION_DENMARK</CivilizationType>
			<SpyName>TXT_KEY_SPY_NAME_DENMARK_20</SpyName>
		</Row>
		<Row>
			<CivilizationType>CIVILIZATION_DENMARK</CivilizationType>
			<SpyName>TXT_KEY_SPY_NAME_DENMARK_21</SpyName>
		</Row>
		<Row>
			<CivilizationType>CIVILIZATION_DENMARK</CivilizationType>
			<SpyName>TXT_KEY_SPY_NAME_DENMARK_22</SpyName>
		</Row>
		<Row>
			<CivilizationType>CIVILIZATION_DENMARK</CivilizationType>
			<SpyName>TXT_KEY_SPY_NAME_DENMARK_23</SpyName>
		</Row>
		<Row>
			<CivilizationType>CIVILIZATION_DENMARK</CivilizationType>
			<SpyName>TXT_KEY_SPY_NAME_DENMARK_24</SpyName>
		</Row>
		<!-- INCA - Flavoured -->
		<Row>
			<CivilizationType>CIVILIZATION_INCA</CivilizationType>
			<SpyName>TXT_KEY_SPY_NAME_INCA_10</SpyName>
		</Row>
		<Row>
			<CivilizationType>CIVILIZATION_INCA</CivilizationType>
			<SpyName>TXT_KEY_SPY_NAME_INCA_11</SpyName>
		</Row>
		<Row>
			<CivilizationType>CIVILIZATION_INCA</CivilizationType>
			<SpyName>TXT_KEY_SPY_NAME_INCA_12</SpyName>
		</Row>
		<Row>
			<CivilizationType>CIVILIZATION_INCA</CivilizationType>
			<SpyName>TXT_KEY_SPY_NAME_INCA_13</SpyName>
		</Row>
		<Row>
			<CivilizationType>CIVILIZATION_INCA</CivilizationType>
			<SpyName>TXT_KEY_SPY_NAME_INCA_14</SpyName>
		</Row>
		<Row>
			<CivilizationType>CIVILIZATION_INCA</CivilizationType>
			<SpyName>TXT_KEY_SPY_NAME_INCA_15</SpyName>
		</Row>
		<Row>
			<CivilizationType>CIVILIZATION_INCA</CivilizationType>
			<SpyName>TXT_KEY_SPY_NAME_INCA_16</SpyName>
		</Row>
		<Row>
			<CivilizationType>CIVILIZATION_INCA</CivilizationType>
			<SpyName>TXT_KEY_SPY_NAME_INCA_17</SpyName>
		</Row>
		<Row>
			<CivilizationType>CIVILIZATION_INCA</CivilizationType>
			<SpyName>TXT_KEY_SPY_NAME_INCA_18</SpyName>
		</Row>
		<Row>
			<CivilizationType>CIVILIZATION_INCA</CivilizationType>
			<SpyName>TXT_KEY_SPY_NAME_INCA_19</SpyName>
		</Row>
		<Row>
			<CivilizationType>CIVILIZATION_INCA</CivilizationType>
			<SpyName>TXT_KEY_SPY_NAME_INCA_20</SpyName>
		</Row>
		<Row>
			<CivilizationType>CIVILIZATION_INCA</CivilizationType>
			<SpyName>TXT_KEY_SPY_NAME_INCA_21</SpyName>
		</Row>
		<Row>
			<CivilizationType>CIVILIZATION_INCA</CivilizationType>
			<SpyName>TXT_KEY_SPY_NAME_INCA_22</SpyName>
		</Row>
		<Row>
			<CivilizationType>CIVILIZATION_INCA</CivilizationType>
			<SpyName>TXT_KEY_SPY_NAME_INCA_23</SpyName>
		</Row>
		<Row>
			<CivilizationType>CIVILIZATION_INCA</CivilizationType>
			<SpyName>TXT_KEY_SPY_NAME_INCA_24</SpyName>
		</Row>
		<!-- KOREA - Flavoured -->
		<Row>
			<CivilizationType>CIVILIZATION_KOREA</CivilizationType>
			<SpyName>TXT_KEY_SPY_NAME_KOREA_10</SpyName>
		</Row>
		<Row>
			<CivilizationType>CIVILIZATION_KOREA</CivilizationType>
			<SpyName>TXT_KEY_SPY_NAME_KOREA_11</SpyName>
		</Row>
		<Row>
			<CivilizationType>CIVILIZATION_KOREA</CivilizationType>
			<SpyName>TXT_KEY_SPY_NAME_KOREA_12</SpyName>
		</Row>
		<Row>
			<CivilizationType>CIVILIZATION_KOREA</CivilizationType>
			<SpyName>TXT_KEY_SPY_NAME_KOREA_13</SpyName>
		</Row>
		<Row>
			<CivilizationType>CIVILIZATION_KOREA</CivilizationType>
			<SpyName>TXT_KEY_SPY_NAME_KOREA_14</SpyName>
		</Row>
		<Row>
			<CivilizationType>CIVILIZATION_KOREA</CivilizationType>
			<SpyName>TXT_KEY_SPY_NAME_KOREA_15</SpyName>
		</Row>
		<Row>
			<CivilizationType>CIVILIZATION_KOREA</CivilizationType>
			<SpyName>TXT_KEY_SPY_NAME_KOREA_16</SpyName>
		</Row>
		<Row>
			<CivilizationType>CIVILIZATION_KOREA</CivilizationType>
			<SpyName>TXT_KEY_SPY_NAME_KOREA_17</SpyName>
		</Row>
		<Row>
			<CivilizationType>CIVILIZATION_KOREA</CivilizationType>
			<SpyName>TXT_KEY_SPY_NAME_KOREA_18</SpyName>
		</Row>
		<Row>
			<CivilizationType>CIVILIZATION_KOREA</CivilizationType>
			<SpyName>TXT_KEY_SPY_NAME_KOREA_19</SpyName>
		</Row>
		<Row>
			<CivilizationType>CIVILIZATION_KOREA</CivilizationType>
			<SpyName>TXT_KEY_SPY_NAME_KOREA_20</SpyName>
		</Row>
		<Row>
			<CivilizationType>CIVILIZATION_KOREA</CivilizationType>
			<SpyName>TXT_KEY_SPY_NAME_KOREA_21</SpyName>
		</Row>
		<Row>
			<CivilizationType>CIVILIZATION_KOREA</CivilizationType>
			<SpyName>TXT_KEY_SPY_NAME_KOREA_22</SpyName>
		</Row>
		<Row>
			<CivilizationType>CIVILIZATION_KOREA</CivilizationType>
			<SpyName>TXT_KEY_SPY_NAME_KOREA_23</SpyName>
		</Row>
		<Row>
			<CivilizationType>CIVILIZATION_KOREA</CivilizationType>
			<SpyName>TXT_KEY_SPY_NAME_KOREA_24</SpyName>
		</Row>
		<!-- MONGOL - Flavoured -->
		<Row>
			<CivilizationType>CIVILIZATION_MONGOL</CivilizationType>
			<SpyName>TXT_KEY_SPY_NAME_MONGOL_10</SpyName>
		</Row>
		<Row>
			<CivilizationType>CIVILIZATION_MONGOL</CivilizationType>
			<SpyName>TXT_KEY_SPY_NAME_MONGOL_11</SpyName>
		</Row>
		<Row>
			<CivilizationType>CIVILIZATION_MONGOL</CivilizationType>
			<SpyName>TXT_KEY_SPY_NAME_MONGOL_12</SpyName>
		</Row>
		<Row>
			<CivilizationType>CIVILIZATION_MONGOL</CivilizationType>
			<SpyName>TXT_KEY_SPY_NAME_MONGOL_13</SpyName>
		</Row>
		<Row>
			<CivilizationType>CIVILIZATION_MONGOL</CivilizationType>
			<SpyName>TXT_KEY_SPY_NAME_MONGOL_14</SpyName>
		</Row>
		<Row>
			<CivilizationType>CIVILIZATION_MONGOL</CivilizationType>
			<SpyName>TXT_KEY_SPY_NAME_MONGOL_15</SpyName>
		</Row>
		<Row>
			<CivilizationType>CIVILIZATION_MONGOL</CivilizationType>
			<SpyName>TXT_KEY_SPY_NAME_MONGOL_16</SpyName>
		</Row>
		<Row>
			<CivilizationType>CIVILIZATION_MONGOL</CivilizationType>
			<SpyName>TXT_KEY_SPY_NAME_MONGOL_17</SpyName>
		</Row>
		<Row>
			<CivilizationType>CIVILIZATION_MONGOL</CivilizationType>
			<SpyName>TXT_KEY_SPY_NAME_MONGOL_18</SpyName>
		</Row>
		<Row>
			<CivilizationType>CIVILIZATION_MONGOL</CivilizationType>
			<SpyName>TXT_KEY_SPY_NAME_MONGOL_19</SpyName>
		</Row>
		<Row>
			<CivilizationType>CIVILIZATION_MONGOL</CivilizationType>
			<SpyName>TXT_KEY_SPY_NAME_MONGOL_20</SpyName>
		</Row>
		<Row>
			<CivilizationType>CIVILIZATION_MONGOL</CivilizationType>
			<SpyName>TXT_KEY_SPY_NAME_MONGOL_21</SpyName>
		</Row>
		<Row>
			<CivilizationType>CIVILIZATION_MONGOL</CivilizationType>
			<SpyName>TXT_KEY_SPY_NAME_MONGOL_22</SpyName>
		</Row>
		<Row>
			<CivilizationType>CIVILIZATION_MONGOL</CivilizationType>
			<SpyName>TXT_KEY_SPY_NAME_MONGOL_23</SpyName>
		</Row>
		<Row>
			<CivilizationType>CIVILIZATION_MONGOL</CivilizationType>
			<SpyName>TXT_KEY_SPY_NAME_MONGOL_24</SpyName>
		</Row>
		<!-- POLYNESIA - Flavoured -->
		<Row>
			<CivilizationType>CIVILIZATION_POLYNESIA</CivilizationType>
			<SpyName>TXT_KEY_SPY_NAME_POLYNESIA_10</SpyName>
		</Row>
		<Row>
			<CivilizationType>CIVILIZATION_POLYNESIA</CivilizationType>
			<SpyName>TXT_KEY_SPY_NAME_POLYNESIA_11</SpyName>
		</Row>
		<Row>
			<CivilizationType>CIVILIZATION_POLYNESIA</CivilizationType>
			<SpyName>TXT_KEY_SPY_NAME_POLYNESIA_12</SpyName>
		</Row>
		<Row>
			<CivilizationType>CIVILIZATION_POLYNESIA</CivilizationType>
			<SpyName>TXT_KEY_SPY_NAME_POLYNESIA_13</SpyName>
		</Row>
		<Row>
			<CivilizationType>CIVILIZATION_POLYNESIA</CivilizationType>
			<SpyName>TXT_KEY_SPY_NAME_POLYNESIA_14</SpyName>
		</Row>
		<Row>
			<CivilizationType>CIVILIZATION_POLYNESIA</CivilizationType>
			<SpyName>TXT_KEY_SPY_NAME_POLYNESIA_15</SpyName>
		</Row>
		<Row>
			<CivilizationType>CIVILIZATION_POLYNESIA</CivilizationType>
			<SpyName>TXT_KEY_SPY_NAME_POLYNESIA_16</SpyName>
		</Row>
		<Row>
			<CivilizationType>CIVILIZATION_POLYNESIA</CivilizationType>
			<SpyName>TXT_KEY_SPY_NAME_POLYNESIA_17</SpyName>
		</Row>
		<Row>
			<CivilizationType>CIVILIZATION_POLYNESIA</CivilizationType>
			<SpyName>TXT_KEY_SPY_NAME_POLYNESIA_18</SpyName>
		</Row>
		<Row>
			<CivilizationType>CIVILIZATION_POLYNESIA</CivilizationType>
			<SpyName>TXT_KEY_SPY_NAME_POLYNESIA_19</SpyName>
		</Row>
		<Row>
			<CivilizationType>CIVILIZATION_POLYNESIA</CivilizationType>
			<SpyName>TXT_KEY_SPY_NAME_POLYNESIA_20</SpyName>
		</Row>
		<Row>
			<CivilizationType>CIVILIZATION_POLYNESIA</CivilizationType>
			<SpyName>TXT_KEY_SPY_NAME_POLYNESIA_21</SpyName>
		</Row>
		<Row>
			<CivilizationType>CIVILIZATION_POLYNESIA</CivilizationType>
			<SpyName>TXT_KEY_SPY_NAME_POLYNESIA_22</SpyName>
		</Row>
		<Row>
			<CivilizationType>CIVILIZATION_POLYNESIA</CivilizationType>
			<SpyName>TXT_KEY_SPY_NAME_POLYNESIA_23</SpyName>
		</Row>
		<Row>
			<CivilizationType>CIVILIZATION_POLYNESIA</CivilizationType>
			<SpyName>TXT_KEY_SPY_NAME_POLYNESIA_24</SpyName>
		</Row>
		<!-- SPAIN - Flavoured -->
		<Row>
			<CivilizationType>CIVILIZATION_SPAIN</CivilizationType>
			<SpyName>TXT_KEY_SPY_NAME_SPAIN_10</SpyName>
		</Row>
		<Row>
			<CivilizationType>CIVILIZATION_SPAIN</CivilizationType>
			<SpyName>TXT_KEY_SPY_NAME_SPAIN_11</SpyName>
		</Row>
		<Row>
			<CivilizationType>CIVILIZATION_SPAIN</CivilizationType>
			<SpyName>TXT_KEY_SPY_NAME_SPAIN_12</SpyName>
		</Row>
		<Row>
			<CivilizationType>CIVILIZATION_SPAIN</CivilizationType>
			<SpyName>TXT_KEY_SPY_NAME_SPAIN_13</SpyName>
		</Row>
		<Row>
			<CivilizationType>CIVILIZATION_SPAIN</CivilizationType>
			<SpyName>TXT_KEY_SPY_NAME_SPAIN_14</SpyName>
		</Row>
		<Row>
			<CivilizationType>CIVILIZATION_SPAIN</CivilizationType>
			<SpyName>TXT_KEY_SPY_NAME_SPAIN_15</SpyName>
		</Row>
		<Row>
			<CivilizationType>CIVILIZATION_SPAIN</CivilizationType>
			<SpyName>TXT_KEY_SPY_NAME_SPAIN_16</SpyName>
		</Row>
		<Row>
			<CivilizationType>CIVILIZATION_SPAIN</CivilizationType>
			<SpyName>TXT_KEY_SPY_NAME_SPAIN_17</SpyName>
		</Row>
		<Row>
			<CivilizationType>CIVILIZATION_SPAIN</CivilizationType>
			<SpyName>TXT_KEY_SPY_NAME_SPAIN_18</SpyName>
		</Row>
		<Row>
			<CivilizationType>CIVILIZATION_SPAIN</CivilizationType>
			<SpyName>TXT_KEY_SPY_NAME_SPAIN_19</SpyName>
		</Row>
		<Row>
			<CivilizationType>CIVILIZATION_SPAIN</CivilizationType>
			<SpyName>TXT_KEY_SPY_NAME_SPAIN_20</SpyName>
		</Row>
		<Row>
			<CivilizationType>CIVILIZATION_SPAIN</CivilizationType>
			<SpyName>TXT_KEY_SPY_NAME_SPAIN_21</SpyName>
		</Row>
		<Row>
			<CivilizationType>CIVILIZATION_SPAIN</CivilizationType>
			<SpyName>TXT_KEY_SPY_NAME_SPAIN_22</SpyName>
		</Row>
		<Row>
			<CivilizationType>CIVILIZATION_SPAIN</CivilizationType>
			<SpyName>TXT_KEY_SPY_NAME_SPAIN_23</SpyName>
		</Row>
		<Row>
			<CivilizationType>CIVILIZATION_SPAIN</CivilizationType>
			<SpyName>TXT_KEY_SPY_NAME_SPAIN_24</SpyName>
		</Row>

	</Civilization_SpyNames>
  
</GameData>