<?xml version="1.0" encoding="utf-8"?>
<!-- Created by ModBuddy on 2/18/2016 12:17:21 PM -->
<GameData>
	<!-- WARNING! This list MUST match the MinorCivQuestTypes enum, or it will break! -->
	<SmallAwards>
		<Row>
			<ID>0</ID>
			<Type>MINOR_CIV_QUEST_ROUTE</Type>
			<Influence>50</Influence>
		</Row>
		<Row>
			<Type>MINOR_CIV_QUEST_KILL_CAMP</Type>
			<Influence>50</Influence>
		</Row>
		<Row>
			<Type>MINOR_CIV_QUEST_CONNECT_RESOURCE</Type>
			<Influence>40</Influence>
		</Row>
		<Row>
			<Type>MINOR_CIV_QUEST_CONSTRUCT_WONDER</Type>
			<Influence>40</Influence>
		</Row>
		<Row>
			<Type>MINOR_CIV_QUEST_GREAT_PERSON</Type>
			<Influence>40</Influence>
		</Row>
		<Row>
			<Type>MINOR_CIV_QUEST_KILL_CITY_STATE</Type>
			<Influence>80</Influence>
			<QuestDuration>30</QuestDuration>
		</Row>
		<Row>
			<Type>MINOR_CIV_QUEST_FIND_PLAYER</Type>
			<Influence>35</Influence>
		</Row>
		<Row>
			<Type>MINOR_CIV_QUEST_FIND_NATURAL_WONDER</Type>
			<Influence>40</Influence>
		</Row>
		<Row>
			<Type>MINOR_CIV_QUEST_GIVE_GOLD</Type>
			<Influence>20</Influence>
			<QuestDuration>30</QuestDuration>
		</Row>
		<Row>
			<Type>MINOR_CIV_QUEST_PLEDGE_TO_PROTECT</Type>
			<Influence>20</Influence>
			<QuestDuration>30</QuestDuration>
		</Row>
		<Row>
			<Type>MINOR_CIV_QUEST_CONTEST_CULTURE</Type>
			<Influence>40</Influence>
			<QuestDuration>30</QuestDuration>
		</Row>
		<Row>
			<Type>MINOR_CIV_QUEST_CONTEST_FAITH</Type>
			<Influence>40</Influence>
			<QuestDuration>30</QuestDuration>
		</Row>
		<Row>
			<Type>MINOR_CIV_QUEST_CONTEST_TECHS</Type>
			<Influence>40</Influence>
			<QuestDuration>30</QuestDuration>
		</Row>
		<Row>
			<Type>MINOR_CIV_QUEST_INVEST</Type>
			<Influence>0</Influence>
			<QuestDuration>30</QuestDuration>
		</Row>
		<Row>
			<Type>MINOR_CIV_QUEST_BULLY_CITY_STATE</Type>
			<Influence>40</Influence>
			<QuestDuration>30</QuestDuration>
		</Row>
		<Row>
			<Type>MINOR_CIV_QUEST_DENOUNCE_MAJOR</Type>
			<Influence>40</Influence>
			<QuestDuration>30</QuestDuration>
		</Row>
		<Row>
			<Type>MINOR_CIV_QUEST_SPREAD_RELIGION</Type>
			<Influence>40</Influence>
		</Row>
		<Row>
			<Type>MINOR_CIV_QUEST_TRADE_ROUTE</Type>
			<Influence>40</Influence>
		</Row>
		<Row>
			<Type>MINOR_CIV_QUEST_WAR</Type>
			<Influence>40</Influence>
		</Row>
		<Row>
			<Type>MINOR_CIV_QUEST_CONSTRUCT_NATIONAL_WONDER</Type>
			<Influence>30</Influence>
		</Row>
		<Row>
			<Type>MINOR_CIV_QUEST_FIND_CITY_STATE</Type>
			<Influence>30</Influence>
		</Row>
		<Row>
			<Type>MINOR_CIV_QUEST_INFLUENCE</Type>
			<Influence>0</Influence>
		</Row>
		<Row>
			<Type>MINOR_CIV_QUEST_CONTEST_TOURISM</Type>
			<Influence>40</Influence>
			<QuestDuration>30</QuestDuration>
		</Row>
		<Row>
			<Type>MINOR_CIV_QUEST_ARCHAEOLOGY</Type>
			<Influence>40</Influence>
		</Row>
		<Row>
			<Type>MINOR_CIV_QUEST_CIRCUMNAVIGATION</Type>
			<Influence>40</Influence>
		</Row>
		<Row>
			<Type>MINOR_CIV_QUEST_LIBERATION</Type>
			<Influence>40</Influence>
		</Row>
		<Row>
			<Type>MINOR_CIV_QUEST_HORDE</Type>
			<Influence>0</Influence>
			<QuestDuration>20</QuestDuration>
		</Row>
		<Row>
			<Type>MINOR_CIV_QUEST_REBELLION</Type>
			<Influence>0</Influence>
			<QuestDuration>20</QuestDuration>
		</Row>
		<Row>
			<Type>MINOR_CIV_QUEST_DISCOVER_PLOT</Type>
			<Influence>20</Influence>
		</Row>
		<Row>
			<Type>MINOR_CIV_QUEST_BUILD_X_BUILDINGS</Type>
			<Influence>30</Influence>
		</Row>
		<Row>
			<Type>MINOR_CIV_QUEST_UNIT_STEAL_FROM</Type>
			<Influence>40</Influence>
		</Row>
		<Row>
			<Type>MINOR_CIV_QUEST_UNIT_COUP_CITY</Type>
			<Influence>50</Influence>
		</Row>
		<Row>
			<Type>MINOR_CIV_QUEST_UNIT_GET_CITY</Type>
			<Influence>60</Influence>
		</Row>
	</SmallAwards>
</GameData>