<?xml version="1.0" encoding="utf-8"?>
<!-- Created by ModBuddy on 7/8/2014 11:59:13 PM -->
<GameData>
	<AICityStrategies>
		<Row>
			<Type>AICITYSTRATEGY_LAKEBOUND</Type>
			<CheckTriggerTurnCount>1</CheckTriggerTurnCount>
			<MinimumNumTurnsExecuted>75</MinimumNumTurnsExecuted>
			<NoMinorCivs>true</NoMinorCivs>
		</Row>
		<Row>
			<Type>AICITYSTRATEGY_NEW_CONTINENT_FEEDER</Type>
			<CheckTriggerTurnCount>50</CheckTriggerTurnCount>
			<MinimumNumTurnsExecuted>100</MinimumNumTurnsExecuted>
			<NoMinorCivs>true</NoMinorCivs>
		</Row>
		<Row>
			<Type>AICITYSTRATEGY_POCKET_CITY</Type>
			<CheckTriggerTurnCount>50</CheckTriggerTurnCount>
			<MinimumNumTurnsExecuted>50</MinimumNumTurnsExecuted>
			<NoMinorCivs>true</NoMinorCivs>
		</Row>
		<Row>
			<Type>AICITYSTRATEGY_ENOUGH_SETTLERS</Type>
			<CheckTriggerTurnCount>5</CheckTriggerTurnCount>
			<MinimumNumTurnsExecuted>20</MinimumNumTurnsExecuted>
			<NoMinorCivs>true</NoMinorCivs>
		</Row>
	</AICityStrategies>
	<AICityStrategy_Flavors>
		<Row>
			<AICityStrategyType>AICITYSTRATEGY_LAKEBOUND</AICityStrategyType>
			<FlavorType>FLAVOR_NAVAL</FlavorType>
			<Flavor>-500</Flavor>
		</Row>
		<Row>
			<AICityStrategyType>AICITYSTRATEGY_LAKEBOUND</AICityStrategyType>
			<FlavorType>FLAVOR_NAVAL_RECON</FlavorType>
			<Flavor>-500</Flavor>
		</Row>
		<Row>
			<AICityStrategyType>AICITYSTRATEGY_NEW_CONTINENT_FEEDER</AICityStrategyType>
			<FlavorType>FLAVOR_EXPANSION</FlavorType>
			<Flavor>100</Flavor>
		</Row>
		<Row>
			<AICityStrategyType>AICITYSTRATEGY_NEW_CONTINENT_FEEDER</AICityStrategyType>
			<FlavorType>FLAVOR_DEFENSE</FlavorType>
			<Flavor>50</Flavor>
		</Row>
		<Row>
			<AICityStrategyType>AICITYSTRATEGY_NEW_CONTINENT_FEEDER</AICityStrategyType>
			<FlavorType>FLAVOR_RECON</FlavorType>
			<Flavor>50</Flavor>
		</Row>
		<Row>
			<AICityStrategyType>AICITYSTRATEGY_NEW_CONTINENT_FEEDER</AICityStrategyType>
			<FlavorType>FLAVOR_NAVAL_RECON</FlavorType>
			<Flavor>100</Flavor>
		</Row>
		<Row>
			<AICityStrategyType>AICITYSTRATEGY_POCKET_CITY</AICityStrategyType>
			<FlavorType>FLAVOR_EXPANSION</FlavorType>
			<Flavor>-200</Flavor>
		</Row>
		<Row>
			<AICityStrategyType>AICITYSTRATEGY_ENOUGH_SETTLERS</AICityStrategyType>
			<FlavorType>FLAVOR_EXPANSION</FlavorType>
			<Flavor>-200</Flavor>
		</Row>
		<Row>
			<AICityStrategyType>AICITYSTRATEGY_ENOUGH_SETTLERS</AICityStrategyType>
			<FlavorType>FLAVOR_DEFENSE</FlavorType>
			<Flavor>30</Flavor>
		</Row>
		<Row>
			<AICityStrategyType>AICITYSTRATEGY_ENOUGH_SETTLERS</AICityStrategyType>
			<FlavorType>FLAVOR_OFFENSE</FlavorType>
			<Flavor>30</Flavor>
		</Row>
	</AICityStrategy_Flavors>
</GameData>