<?xml version="1.0" encoding="utf-8"?>
<!-- Created by ModBuddy on 7/9/2014 12:04:58 AM -->
<GameData>
	<AIMilitaryStrategies>
		<Row>
			<Type>MILITARYAISTRATEGY_ERADICATE_BARBARIANS_CRITICAL</Type>
			<CheckTriggerTurnCount>5</CheckTriggerTurnCount>
			<MinimumNumTurnsExecuted>10</MinimumNumTurnsExecuted>
			<FirstTurnExecuted>20</FirstTurnExecuted>
			<NoMinorCivs>true</NoMinorCivs>
			<WeightThreshold>150</WeightThreshold>
			<Advisor>MILITARY</Advisor>
			<AdvisorCounsel>TXT_KEY_MILITARYAISTRATEGY_ERADICATE_BARBARIANS</AdvisorCounsel>
			<AdvisorCounselImportance>1</AdvisorCounselImportance>
		</Row>
	</AIMilitaryStrategies>
	<AIMilitaryStrategy_Player_Flavors>
		<Row>
			<AIMilitaryStrategyType>MILITARYAISTRATEGY_ERADICATE_BARBARIANS_CRITICAL</AIMilitaryStrategyType>
			<FlavorType>FLAVOR_OFFENSE</FlavorType>
			<Flavor>25</Flavor>
		</Row>
		<Row>
			<AIMilitaryStrategyType>MILITARYAISTRATEGY_ERADICATE_BARBARIANS_CRITICAL</AIMilitaryStrategyType>
			<FlavorType>FLAVOR_MOBILE</FlavorType>
			<Flavor>10</Flavor>
		</Row>
		<Row>
			<AIMilitaryStrategyType>MILITARYAISTRATEGY_ERADICATE_BARBARIANS_CRITICAL</AIMilitaryStrategyType>
			<FlavorType>FLAVOR_RANGED</FlavorType>
			<Flavor>10</Flavor>
		</Row>
		<Row>
			<AIMilitaryStrategyType>MILITARYAISTRATEGY_ERADICATE_BARBARIANS_CRITICAL</AIMilitaryStrategyType>
			<FlavorType>FLAVOR_RECON</FlavorType>
			<Flavor>5</Flavor>
		</Row>
		<Row>
			<AIMilitaryStrategyType>MILITARYAISTRATEGY_ERADICATE_BARBARIANS_CRITICAL</AIMilitaryStrategyType>
			<FlavorType>FLAVOR_TILE_IMPROVEMENT</FlavorType>
			<Flavor>-5</Flavor>
		</Row>
		<Row>
			<AIMilitaryStrategyType>MILITARYAISTRATEGY_ERADICATE_BARBARIANS_CRITICAL</AIMilitaryStrategyType>
			<FlavorType>FLAVOR_EXPANSION</FlavorType>
			<Flavor>-5</Flavor>
		</Row>
		<!-- Nukes should be a lot more popular, especially when civs are threatened -->
		<Row>
			<AIMilitaryStrategyType>MILITARYAISTRATEGY_AT_WAR</AIMilitaryStrategyType>
			<FlavorType>FLAVOR_NUKE</FlavorType>
			<Flavor>50</Flavor>
		</Row>
		<Row>
			<AIMilitaryStrategyType>MILITARYAISTRATEGY_EMPIRE_DEFENSE</AIMilitaryStrategyType>
			<FlavorType>FLAVOR_NUKE</FlavorType>
			<Flavor>15</Flavor>
		</Row>
		<Row>
			<AIMilitaryStrategyType>MILITARYAISTRATEGY_EMPIRE_DEFENSE_CRITICAL</AIMilitaryStrategyType>
			<FlavorType>FLAVOR_NUKE</FlavorType>
			<Flavor>50</Flavor>
		</Row>
		<Row>
			<AIMilitaryStrategyType>MILITARYAISTRATEGY_WAR_MOBILIZATION</AIMilitaryStrategyType>
			<FlavorType>FLAVOR_NUKE</FlavorType>
			<Flavor>10</Flavor>
		</Row>
		<Row>
			<AIMilitaryStrategyType>MILITARYAISTRATEGY_LOSING_WARS</AIMilitaryStrategyType>
			<FlavorType>FLAVOR_NUKE</FlavorType>
			<Flavor>30</Flavor>
		</Row>
		<Row>
			<AIMilitaryStrategyType>MILITARYAISTRATEGY_ERADICATE_BARBARIANS</AIMilitaryStrategyType>
			<FlavorType>FLAVOR_EXPANSION</FlavorType>
			<Flavor>-5</Flavor>
		</Row>
		<Row>
			<AIMilitaryStrategyType>MILITARYAISTRATEGY_ERADICATE_BARBARIANS</AIMilitaryStrategyType>
			<FlavorType>FLAVOR_RECON</FlavorType>
			<Flavor>-5</Flavor>
		</Row>
		<Row>
			<AIMilitaryStrategyType>MILITARYAISTRATEGY_ERADICATE_BARBARIANS</AIMilitaryStrategyType>
			<FlavorType>FLAVOR_TILE_IMPROVEMENT</FlavorType>
			<Flavor>-15</Flavor>
		</Row>
		<!-- Mainly for non-BNW, that -50 Growth flavor really is a bit too much -->
		<Update>
			<Set Flavor="-10" />
			<Where AIMilitaryStrategyType="MILITARYAISTRATEGY_WAR_MOBILIZATION" FlavorType="FLAVOR_GROWTH" />
		</Update>
	</AIMilitaryStrategy_Player_Flavors>
	<TacticalMoves>
		<Row>
			<Type>TACTICAL_BASTION_2_TURN</Type>
			<OperationsCanRecruit>true</OperationsCanRecruit>
			<DefenseFlavorWeight>100</DefenseFlavorWeight>
			<Priority>30</Priority>
		</Row>
	</TacticalMoves>
</GameData>