<?xml version="1.0" encoding="utf-8"?>
<!-- Created by ModBuddy on 12/20/2013 1:01:45 AM -->
<GameData>
	<Defines>
		<!-- Base Defines Stuff -->
		<Update>
			<!-- 15 is enough to push the AI to max out tech branching just to get its unique; 5 wasn't enough -->
			<Set Value="6" />
			<Where Name="TECH_PRIORITY_UNIQUE_ITEM" />
		</Update>
		<Update>
			<Set Value="1" />
			<Where Name="PERSONALITY_FLAVOR_MIN_VALUE" />
		</Update>
		
		<!-- Grand Strategy Stuff -->
		<Update>
			<Set Value="10" />
			<Where Name="AI_GRAND_STRATEGY_NUM_TURNS_STRATEGY_MUST_BE_ACTIVE" />
		</Update>
		<Update>
			<!-- Random values are given to all grand strategies during a reroll; values range from 0-X, where X is value below -->
			<Set Value="5" />
			<Where Name="AI_GS_RAND_ROLL" />
		</Update>
		<Update>
			<Set Value="50" />
			<Where Name="AI_GRAND_STRATEGY_CURRENT_STRATEGY_WEIGHT" />
		</Update>
		<Update>
			<Set Value="50" />
			<Where Name="AI_GRAND_STRATEGY_OTHER_PLAYERS_GS_MULTIPLIER" />
		</Update>
		<Update>
			<Set Value="-100" />
			<Where Name="AI_GRAND_STRATEGY_CONQUEST_NOBODY_MET_WEIGHT" />
		</Update>
		<!-- Culture is defensive and can be used for policies, while Tourism is offensive and is only used for victory -->
		<Update>
			<Set Value="60" />
			<Where Name="AI_GS_CULTURE_RATIO_MULTIPLIER" />
		</Update>
		<Update>
			<Set Value="80" />
			<Where Name="AI_GS_TOURISM_RATIO_MULTIPLIER" />
		</Update>
		
		<!-- Economic AI Stuff -->
		<Update>
			<!-- Was 50% before, making the AI miss out on possible good city spots, especially for colonization -->
			<Set Value="60" />
			<Where Name="AI_STRATEGY_AREA_IS_FULL_PERCENT" />
		</Update>
		<Update>
			<!-- Was 25 before, making the AI miss out on possible good city spots just because there might be cities nearby -->
			<Set Value="20" />
			<Where Name="AI_STRATEGY_EARLY_EXPANSION_NUM_UNOWNED_TILES_REQUIRED" />
		</Update>
		<Update>
			<!-- Now equal to luxury resource plot bonus -->
			<Set Value="80" />
			<Where Name="AI_PLOT_VALUE_STRATEGIC_RESOURCE" />
		</Update>
		<Update>
			<!-- No idea why this was so high by default, spending gold on defensive buildings seems like a waste unless
				it's an emergency -->
			<Set Value="250" />
			<Where Name="AI_GOLD_PRIORITY_DEFENSIVE_BUILDING" />
		</Update>
		
		<!-- Builder Tasking Stuff -->
		<Update>
			<Set Value="3" />
			<Where Name="BUILDER_TASKING_PLOT_EVAL_MULTIPLIER_FOOD" />
		</Update>
		<Update>
			<Set Value="2" />
			<Where Name="BUILDER_TASKING_PLOT_EVAL_MULTIPLIER_PRODUCTION" />
		</Update>
		<Update>
			<Set Value="2" />
			<Where Name="BUILDER_TASKING_PLOT_EVAL_MULTIPLIER_GOLD" />
		</Update>
		<Update>
			<Set Value="2" />
			<Where Name="BUILDER_TASKING_PLOT_EVAL_MULTIPLIER_SCIENCE" />
		</Update>
		<Update>
			<Set Value="3" />
			<Where Name="BUILDER_TASKING_PLOT_EVAL_MULTIPLIER_CULTURE" />
		</Update>
		
		<!-- City Specialization Stuff -->
		<Update>
			<Set Value="35" />
			<Where Name="AI_CITY_SPECIALIZATION_REEVALUATION_INTERVAL" />
		</Update>
		
		<!-- AI City Strategy Stuff -->
		<Update>
			<Set Value="7" />
			<Where Name="AI_CITYSTRATEGY_MEDIUM_CITY_POP_THRESHOLD" />
		</Update>
		<Update>
			<Set Value="15" />
			<Where Name="AI_CITYSTRATEGY_LARGE_CITY_POP_THRESHOLD" />
		</Update>
		
		<!-- Religion -->
		<Update>
			<!-- Unowned but in range more valuable than before to make sure AI knows it's in a good position -->
			<Set Value="3" />
			<Where Name="RELIGION_BELIEF_SCORE_UNOWNED_PLOT_MULTIPLIER" />
		</Update>
		<Update>
			<!-- Owned slightly more valuable than before -->
			<Set Value="5" />
			<Where Name="RELIGION_BELIEF_SCORE_OWNED_PLOT_MULTIPLIER" />
		</Update>
		<Update>
			<!-- Owned and worked should have no difference since citizen management will compensate anyway -->
			<Set Value="5" />
			<Where Name="RELIGION_BELIEF_SCORE_WORKED_PLOT_MULTIPLIER" />
		</Update>

		<Update>
			
			<Set Value="6" />
			<Where Name="RELIGION_BELIEF_SCORE_CITY_MULTIPLIER" />
		</Update>
		
		<!-- City annex -->
		
		<!--Ideology Choice-->
		<!-- Makes sure the AI doesn't disregard ideologies on the slightest priority advantage -->
		<!-- Following 4 mean that diplomatic relations also define ideologies, not just the other way around -->
		<Update>
			<Set Value="500" />
			<Where Name="IDEOLOGY_SCORE_HOSTILE" />
		</Update>
		<Update>
			<Set Value="250" />
			<Where Name="IDEOLOGY_SCORE_GUARDED" />
		</Update>
		<Update>
			<Set Value="150" />
			<Where Name="IDEOLOGY_SCORE_AFRAID" />
		</Update>
		<Update>
			<Set Value="25" />
			<Where Name="IDEOLOGY_SCORE_FRIENDLY" />
		</Update>
		<!-- Makes sure the AI is actually likely to voluntarily switch ideologies if it suits their goals -->
		<Update>
			<Set Value="3" />
			<Where Name="IDEOLOGY_SCORE_HAPPINESS" />
		</Update>
		<Update>
			<Set Value="100" />
			<Where Name="IDEOLOGY_SCORE_PER_FREE_TENET" />
		</Update>
		<Update>
			<Set Value="1000" />
			<Where Name="IDEOLOGY_SCORE_GRAND_STRATS" />
		</Update>
	</Defines>
</GameData>