<?xml version="1.0" encoding="utf-8"?>
<!-- Created by ModBuddy on 8/7/2014 3:30:27 PM -->
<GameData>
	<MultiUnitFormations>
		<Row>
			<Name>Late-Game Invasion</Name>
			<Type>MUFORMATION_LATE_GAME_INVASION_FORCE</Type>
			<Description>MUFORMATION_LATE_GAME_INVASION_FORCE</Description>
		</Row>
		<Row>
			<Name>Late-Game Naval Attack</Name>
			<Type>MUFORMATION_LATE_GAME_PURE_NAVAL_FORCE</Type>
			<Description>MUFORMATION_LATE_GAME_PURE_NAVAL_FORCE</Description>
		</Row>
	</MultiUnitFormations>
	<MultiUnitFormation_SlotEntries>
		<Delete MultiUnitFormationType="MUFORMATION_EARLY_RUSH"/>
		<Row>
			<MultiUnitFormationType>MUFORMATION_EARLY_RUSH</MultiUnitFormationType>
			<PrimaryUnitType>UNITAI_ATTACK</PrimaryUnitType>
			<SecondaryUnitType>UNITAI_FAST_ATTACK</SecondaryUnitType>
			<MultiUnitPositionType>MUPOSITION_FRONT_LINE</MultiUnitPositionType>
			<RequiredSlot>true</RequiredSlot>
		</Row>
		<Row>
			<MultiUnitFormationType>MUFORMATION_EARLY_RUSH</MultiUnitFormationType>
			<PrimaryUnitType>UNITAI_COUNTER</PrimaryUnitType>
			<SecondaryUnitType>UNITAI_DEFENSE</SecondaryUnitType>
			<MultiUnitPositionType>MUPOSITION_FRONT_LINE</MultiUnitPositionType>
			<RequiredSlot>true</RequiredSlot>
		</Row>
		<Row>
			<MultiUnitFormationType>MUFORMATION_EARLY_RUSH</MultiUnitFormationType>
			<PrimaryUnitType>UNITAI_CITY_BOMBARD</PrimaryUnitType>
			<SecondaryUnitType>UNITAI_RANGED</SecondaryUnitType>
			<MultiUnitPositionType>MUPOSITION_BOMBARD</MultiUnitPositionType>
			<RequiredSlot>true</RequiredSlot>
		</Row>
		<Row>
			<MultiUnitFormationType>MUFORMATION_EARLY_RUSH</MultiUnitFormationType>
			<PrimaryUnitType>UNITAI_CITY_BOMBARD</PrimaryUnitType>
			<SecondaryUnitType>UNITAI_RANGED</SecondaryUnitType>
			<MultiUnitPositionType>MUPOSITION_BOMBARD</MultiUnitPositionType>
			<RequiredSlot>true</RequiredSlot>
		</Row>
		<Row>
			<MultiUnitFormationType>MUFORMATION_EARLY_RUSH</MultiUnitFormationType>
			<PrimaryUnitType>UNITAI_RANGED</PrimaryUnitType>
			<SecondaryUnitType>UNITAI_CITY_BOMBARD</SecondaryUnitType>
			<MultiUnitPositionType>MUPOSITION_BOMBARD</MultiUnitPositionType>
		</Row>
		<Row>
			<MultiUnitFormationType>MUFORMATION_EARLY_RUSH</MultiUnitFormationType>
			<PrimaryUnitType>UNITAI_RANGED</PrimaryUnitType>
			<SecondaryUnitType>UNITAI_CITY_BOMBARD</SecondaryUnitType>
			<MultiUnitPositionType>MUPOSITION_BOMBARD</MultiUnitPositionType>
		</Row>
		<Row>
			<MultiUnitFormationType>MUFORMATION_EARLY_RUSH</MultiUnitFormationType>
			<PrimaryUnitType>UNITAI_GENERAL</PrimaryUnitType>
			<SecondaryUnitType>UNITAI_GENERAL</SecondaryUnitType>
			<MultiUnitPositionType>MUPOSITION_CIVILIAN_SUPPORT</MultiUnitPositionType>
		</Row>
		<Row>
			<MultiUnitFormationType>MUFORMATION_EARLY_RUSH</MultiUnitFormationType>
			<PrimaryUnitType>UNITAI_CITY_SPECIAL</PrimaryUnitType>
			<SecondaryUnitType>UNITAI_CITY_SPECIAL</SecondaryUnitType>
			<MultiUnitPositionType>MUPOSITION_CIVILIAN_SUPPORT</MultiUnitPositionType>
		</Row>
		<Delete MultiUnitFormationType="MUFORMATION_SMALL_CITY_ATTACK_FORCE"/>
		<Row>
			<MultiUnitFormationType>MUFORMATION_SMALL_CITY_ATTACK_FORCE</MultiUnitFormationType>
			<PrimaryUnitType>UNITAI_ATTACK</PrimaryUnitType>
			<SecondaryUnitType>UNITAI_DEFENSE</SecondaryUnitType>
			<MultiUnitPositionType>MUPOSITION_FRONT_LINE</MultiUnitPositionType>
			<RequiredSlot>true</RequiredSlot>
		</Row>
		<Row>
			<MultiUnitFormationType>MUFORMATION_SMALL_CITY_ATTACK_FORCE</MultiUnitFormationType>
			<PrimaryUnitType>UNITAI_ATTACK</PrimaryUnitType>
			<SecondaryUnitType>UNITAI_COUNTER</SecondaryUnitType>
			<MultiUnitPositionType>MUPOSITION_FRONT_LINE</MultiUnitPositionType>
			<RequiredSlot>true</RequiredSlot>
		</Row>
		<Row>
			<MultiUnitFormationType>MUFORMATION_SMALL_CITY_ATTACK_FORCE</MultiUnitFormationType>
			<PrimaryUnitType>UNITAI_ATTACK</PrimaryUnitType>
			<SecondaryUnitType>UNITAI_FAST_ATTACK</SecondaryUnitType>
			<MultiUnitPositionType>MUPOSITION_FRONT_LINE</MultiUnitPositionType>
			<RequiredSlot>true</RequiredSlot>
		</Row>
		<Row>
			<MultiUnitFormationType>MUFORMATION_SMALL_CITY_ATTACK_FORCE</MultiUnitFormationType>
			<PrimaryUnitType>UNITAI_CITY_BOMBARD</PrimaryUnitType>
			<SecondaryUnitType>UNITAI_RANGED</SecondaryUnitType>
			<MultiUnitPositionType>MUPOSITION_BOMBARD</MultiUnitPositionType>
			<RequiredSlot>true</RequiredSlot>
		</Row>
		<Row>
			<MultiUnitFormationType>MUFORMATION_SMALL_CITY_ATTACK_FORCE</MultiUnitFormationType>
			<PrimaryUnitType>UNITAI_CITY_BOMBARD</PrimaryUnitType>
			<SecondaryUnitType>UNITAI_RANGED</SecondaryUnitType>
			<MultiUnitPositionType>MUPOSITION_BOMBARD</MultiUnitPositionType>
			<RequiredSlot>true</RequiredSlot>
		</Row>
		<Row>
			<MultiUnitFormationType>MUFORMATION_SMALL_CITY_ATTACK_FORCE</MultiUnitFormationType>
			<PrimaryUnitType>UNITAI_ATTACK</PrimaryUnitType>
			<SecondaryUnitType>UNITAI_FAST_ATTACK</SecondaryUnitType>
			<MultiUnitPositionType>MUPOSITION_FRONT_LINE</MultiUnitPositionType>
		</Row>
		<Row>
			<MultiUnitFormationType>MUFORMATION_SMALL_CITY_ATTACK_FORCE</MultiUnitFormationType>
			<PrimaryUnitType>UNITAI_ATTACK</PrimaryUnitType>
			<SecondaryUnitType>UNITAI_FAST_ATTACK</SecondaryUnitType>
			<MultiUnitPositionType>MUPOSITION_FRONT_LINE</MultiUnitPositionType>
		</Row>
		<Row>
			<MultiUnitFormationType>MUFORMATION_SMALL_CITY_ATTACK_FORCE</MultiUnitFormationType>
			<PrimaryUnitType>UNITAI_GENERAL</PrimaryUnitType>
			<SecondaryUnitType>UNITAI_GENERAL</SecondaryUnitType>
			<MultiUnitPositionType>MUPOSITION_CIVILIAN_SUPPORT</MultiUnitPositionType>
		</Row>
		<Row>
			<MultiUnitFormationType>MUFORMATION_SMALL_CITY_ATTACK_FORCE</MultiUnitFormationType>
			<PrimaryUnitType>UNITAI_CITY_SPECIAL</PrimaryUnitType>
			<SecondaryUnitType>UNITAI_CITY_SPECIAL</SecondaryUnitType>
			<MultiUnitPositionType>MUPOSITION_CIVILIAN_SUPPORT</MultiUnitPositionType>
		</Row>
		<Delete MultiUnitFormationType="MUFORMATION_BASIC_CITY_ATTACK_FORCE"/>
		<Row>
			<MultiUnitFormationType>MUFORMATION_BASIC_CITY_ATTACK_FORCE</MultiUnitFormationType>
			<PrimaryUnitType>UNITAI_ATTACK</PrimaryUnitType>
			<SecondaryUnitType>UNITAI_DEFENSE</SecondaryUnitType>
			<MultiUnitPositionType>MUPOSITION_FRONT_LINE</MultiUnitPositionType>
			<RequiredSlot>true</RequiredSlot>
		</Row>
		<Row>
			<MultiUnitFormationType>MUFORMATION_BASIC_CITY_ATTACK_FORCE</MultiUnitFormationType>
			<PrimaryUnitType>UNITAI_ATTACK</PrimaryUnitType>
			<SecondaryUnitType>UNITAI_DEFENSE</SecondaryUnitType>
			<MultiUnitPositionType>MUPOSITION_FRONT_LINE</MultiUnitPositionType>
			<RequiredSlot>true</RequiredSlot>
		</Row>
		<Row>
			<MultiUnitFormationType>MUFORMATION_BASIC_CITY_ATTACK_FORCE</MultiUnitFormationType>
			<PrimaryUnitType>UNITAI_ATTACK</PrimaryUnitType>
			<SecondaryUnitType>UNITAI_FAST_ATTACK</SecondaryUnitType>
			<MultiUnitPositionType>MUPOSITION_FRONT_LINE</MultiUnitPositionType>
			<RequiredSlot>true</RequiredSlot>
		</Row>
		<Row>
			<MultiUnitFormationType>MUFORMATION_BASIC_CITY_ATTACK_FORCE</MultiUnitFormationType>
			<PrimaryUnitType>UNITAI_CITY_BOMBARD</PrimaryUnitType>
			<SecondaryUnitType>UNITAI_RANGED</SecondaryUnitType>
			<MultiUnitPositionType>MUPOSITION_BOMBARD</MultiUnitPositionType>
			<RequiredSlot>true</RequiredSlot>
		</Row>
		<Row>
			<MultiUnitFormationType>MUFORMATION_BASIC_CITY_ATTACK_FORCE</MultiUnitFormationType>
			<PrimaryUnitType>UNITAI_RANGED</PrimaryUnitType>
			<SecondaryUnitType>UNITAI_CITY_BOMBARD</SecondaryUnitType>
			<MultiUnitPositionType>MUPOSITION_BOMBARD</MultiUnitPositionType>
			<RequiredSlot>true</RequiredSlot>
		</Row>
		<Row>
			<MultiUnitFormationType>MUFORMATION_BASIC_CITY_ATTACK_FORCE</MultiUnitFormationType>
			<PrimaryUnitType>UNITAI_CITY_BOMBARD</PrimaryUnitType>
			<SecondaryUnitType>UNITAI_RANGED</SecondaryUnitType>
			<MultiUnitPositionType>MUPOSITION_BOMBARD</MultiUnitPositionType>
			<RequiredSlot>true</RequiredSlot>
		</Row>
		<Row>
			<MultiUnitFormationType>MUFORMATION_BASIC_CITY_ATTACK_FORCE</MultiUnitFormationType>
			<PrimaryUnitType>UNITAI_CITY_BOMBARD</PrimaryUnitType>
			<SecondaryUnitType>UNITAI_RANGED</SecondaryUnitType>
			<MultiUnitPositionType>MUPOSITION_BOMBARD</MultiUnitPositionType>
		</Row>
		<Row>
			<MultiUnitFormationType>MUFORMATION_BASIC_CITY_ATTACK_FORCE</MultiUnitFormationType>
			<PrimaryUnitType>UNITAI_CITY_BOMBARD</PrimaryUnitType>
			<SecondaryUnitType>UNITAI_RANGED</SecondaryUnitType>
			<MultiUnitPositionType>MUPOSITION_BOMBARD</MultiUnitPositionType>
		</Row>
		<Row>
			<MultiUnitFormationType>MUFORMATION_BASIC_CITY_ATTACK_FORCE</MultiUnitFormationType>
			<PrimaryUnitType>UNITAI_GENERAL</PrimaryUnitType>
			<SecondaryUnitType>UNITAI_GENERAL</SecondaryUnitType>
			<MultiUnitPositionType>MUPOSITION_CIVILIAN_SUPPORT</MultiUnitPositionType>
		</Row>
		<Row>
			<MultiUnitFormationType>MUFORMATION_BASIC_CITY_ATTACK_FORCE</MultiUnitFormationType>
			<PrimaryUnitType>UNITAI_CITY_SPECIAL</PrimaryUnitType>
			<SecondaryUnitType>UNITAI_CITY_SPECIAL</SecondaryUnitType>
			<MultiUnitPositionType>MUPOSITION_CIVILIAN_SUPPORT</MultiUnitPositionType>
		</Row>
		<Delete MultiUnitFormationType="MUFORMATION_BIGGER_CITY_ATTACK_FORCE"/>
		<Row>
			<MultiUnitFormationType>MUFORMATION_BIGGER_CITY_ATTACK_FORCE</MultiUnitFormationType>
			<PrimaryUnitType>UNITAI_ATTACK</PrimaryUnitType>
			<SecondaryUnitType>UNITAI_FAST_ATTACK</SecondaryUnitType>
			<MultiUnitPositionType>MUPOSITION_FRONT_LINE</MultiUnitPositionType>
			<RequiredSlot>true</RequiredSlot>
		</Row>
		<Row>
			<MultiUnitFormationType>MUFORMATION_BIGGER_CITY_ATTACK_FORCE</MultiUnitFormationType>
			<PrimaryUnitType>UNITAI_ATTACK</PrimaryUnitType>
			<SecondaryUnitType>UNITAI_DEFENSE</SecondaryUnitType>
			<MultiUnitPositionType>MUPOSITION_FRONT_LINE</MultiUnitPositionType>
			<RequiredSlot>true</RequiredSlot>
		</Row>
		<Row>
			<MultiUnitFormationType>MUFORMATION_BIGGER_CITY_ATTACK_FORCE</MultiUnitFormationType>
			<PrimaryUnitType>UNITAI_DEFENSE</PrimaryUnitType>
			<SecondaryUnitType>UNITAI_COUNTER</SecondaryUnitType>
			<MultiUnitPositionType>MUPOSITION_FRONT_LINE</MultiUnitPositionType>
			<RequiredSlot>true</RequiredSlot>
		</Row>
		<Row>
			<MultiUnitFormationType>MUFORMATION_BIGGER_CITY_ATTACK_FORCE</MultiUnitFormationType>
			<PrimaryUnitType>UNITAI_ATTACK</PrimaryUnitType>
			<SecondaryUnitType>UNITAI_DEFENSE</SecondaryUnitType>
			<MultiUnitPositionType>MUPOSITION_FRONT_LINE</MultiUnitPositionType>
			<RequiredSlot>true</RequiredSlot>
		</Row>
		<Row>
			<MultiUnitFormationType>MUFORMATION_BIGGER_CITY_ATTACK_FORCE</MultiUnitFormationType>
			<PrimaryUnitType>UNITAI_CITY_BOMBARD</PrimaryUnitType>
			<SecondaryUnitType>UNITAI_RANGED</SecondaryUnitType>
			<MultiUnitPositionType>MUPOSITION_BOMBARD</MultiUnitPositionType>
			<RequiredSlot>true</RequiredSlot>
		</Row>			
		<Row>
			<MultiUnitFormationType>MUFORMATION_BIGGER_CITY_ATTACK_FORCE</MultiUnitFormationType>
			<PrimaryUnitType>UNITAI_CITY_BOMBARD</PrimaryUnitType>
			<SecondaryUnitType>UNITAI_RANGED</SecondaryUnitType>
			<MultiUnitPositionType>MUPOSITION_BOMBARD</MultiUnitPositionType>
			<RequiredSlot>true</RequiredSlot>
		</Row>
		<Row>
			<MultiUnitFormationType>MUFORMATION_BIGGER_CITY_ATTACK_FORCE</MultiUnitFormationType>
			<PrimaryUnitType>UNITAI_CITY_BOMBARD</PrimaryUnitType>
			<SecondaryUnitType>UNITAI_RANGED</SecondaryUnitType>
			<MultiUnitPositionType>MUPOSITION_BOMBARD</MultiUnitPositionType>
		</Row>
		<Row>
			<MultiUnitFormationType>MUFORMATION_BIGGER_CITY_ATTACK_FORCE</MultiUnitFormationType>
			<PrimaryUnitType>UNITAI_ATTACK</PrimaryUnitType>
			<SecondaryUnitType>UNITAI_COUNTER</SecondaryUnitType>
			<MultiUnitPositionType>MUPOSITION_FRONT_LINE</MultiUnitPositionType>
		</Row>
		<Row>
			<MultiUnitFormationType>MUFORMATION_BIGGER_CITY_ATTACK_FORCE</MultiUnitFormationType>
			<PrimaryUnitType>UNITAI_ATTACK</PrimaryUnitType>
			<SecondaryUnitType>UNITAI_COUNTER</SecondaryUnitType>
			<MultiUnitPositionType>MUPOSITION_FRONT_LINE</MultiUnitPositionType>
		</Row>
		<Row>
			<MultiUnitFormationType>MUFORMATION_BIGGER_CITY_ATTACK_FORCE</MultiUnitFormationType>
			<PrimaryUnitType>UNITAI_GENERAL</PrimaryUnitType>
			<SecondaryUnitType>UNITAI_GENERAL</SecondaryUnitType>
			<MultiUnitPositionType>MUPOSITION_CIVILIAN_SUPPORT</MultiUnitPositionType>
		</Row>
		<Row>
			<MultiUnitFormationType>MUFORMATION_BIGGER_CITY_ATTACK_FORCE</MultiUnitFormationType>
			<PrimaryUnitType>UNITAI_CITY_SPECIAL</PrimaryUnitType>
			<SecondaryUnitType>UNITAI_CITY_SPECIAL</SecondaryUnitType>
			<MultiUnitPositionType>MUPOSITION_CIVILIAN_SUPPORT</MultiUnitPositionType>
		</Row>
		<Delete MultiUnitFormationType="MUFORMATION_CITY_STATE_ATTACK_FORCE"/>
		<Row>
			<MultiUnitFormationType>MUFORMATION_CITY_STATE_ATTACK_FORCE</MultiUnitFormationType>
			<PrimaryUnitType>UNITAI_ATTACK</PrimaryUnitType>
			<SecondaryUnitType>UNITAI_FAST_ATTACK</SecondaryUnitType>
			<MultiUnitPositionType>MUPOSITION_FRONT_LINE</MultiUnitPositionType>
			<RequiredSlot>true</RequiredSlot>
		</Row>
		<Row>
			<MultiUnitFormationType>MUFORMATION_CITY_STATE_ATTACK_FORCE</MultiUnitFormationType>
			<PrimaryUnitType>UNITAI_ATTACK</PrimaryUnitType>
			<SecondaryUnitType>UNITAI_COUNTER</SecondaryUnitType>
			<MultiUnitPositionType>MUPOSITION_FRONT_LINE</MultiUnitPositionType>
			<RequiredSlot>true</RequiredSlot>
		</Row>
		<Row>
			<MultiUnitFormationType>MUFORMATION_CITY_STATE_ATTACK_FORCE</MultiUnitFormationType>
			<PrimaryUnitType>UNITAI_CITY_BOMBARD</PrimaryUnitType>
			<SecondaryUnitType>UNITAI_CITY_BOMBARD</SecondaryUnitType>
			<MultiUnitPositionType>MUPOSITION_BOMBARD</MultiUnitPositionType>
			<RequiredSlot>true</RequiredSlot>
		</Row>
		<Row>
			<MultiUnitFormationType>MUFORMATION_CITY_STATE_ATTACK_FORCE</MultiUnitFormationType>
			<PrimaryUnitType>UNITAI_CITY_BOMBARD</PrimaryUnitType>
			<SecondaryUnitType>UNITAI_RANGED</SecondaryUnitType>
			<MultiUnitPositionType>MUPOSITION_BOMBARD</MultiUnitPositionType>
			<RequiredSlot>true</RequiredSlot>
		</Row>
		<Row>
			<MultiUnitFormationType>MUFORMATION_CITY_STATE_ATTACK_FORCE</MultiUnitFormationType>
			<PrimaryUnitType>UNITAI_ATTACK</PrimaryUnitType>
			<SecondaryUnitType>UNITAI_FAST_ATTACK</SecondaryUnitType>
			<MultiUnitPositionType>MUPOSITION_FRONT_LINE</MultiUnitPositionType>
			<RequiredSlot>true</RequiredSlot>
		</Row>
		<Row>
			<MultiUnitFormationType>MUFORMATION_CITY_STATE_ATTACK_FORCE</MultiUnitFormationType>
			<PrimaryUnitType>UNITAI_CITY_BOMBARD</PrimaryUnitType>
			<SecondaryUnitType>UNITAI_CITY_BOMBARD</SecondaryUnitType>
			<MultiUnitPositionType>MUPOSITION_BOMBARD</MultiUnitPositionType>
		</Row>
		<Row>
			<MultiUnitFormationType>MUFORMATION_CITY_STATE_ATTACK_FORCE</MultiUnitFormationType>
			<PrimaryUnitType>UNITAI_CITY_BOMBARD</PrimaryUnitType>
			<SecondaryUnitType>UNITAI_RANGED</SecondaryUnitType>
			<MultiUnitPositionType>MUPOSITION_BOMBARD</MultiUnitPositionType>
		</Row>
		<Row>
			<MultiUnitFormationType>MUFORMATION_CITY_STATE_ATTACK_FORCE</MultiUnitFormationType>
			<PrimaryUnitType>UNITAI_GENERAL</PrimaryUnitType>
			<SecondaryUnitType>UNITAI_GENERAL</SecondaryUnitType>
			<MultiUnitPositionType>MUPOSITION_CIVILIAN_SUPPORT</MultiUnitPositionType>
		</Row>
		<Row>
			<MultiUnitFormationType>MUFORMATION_CITY_STATE_ATTACK_FORCE</MultiUnitFormationType>
			<PrimaryUnitType>UNITAI_CITY_SPECIAL</PrimaryUnitType>
			<SecondaryUnitType>UNITAI_CITY_SPECIAL</SecondaryUnitType>
			<MultiUnitPositionType>MUPOSITION_CIVILIAN_SUPPORT</MultiUnitPositionType>
		</Row>
		<!-- By default, this formation could allow for slow movers... which kind of kills the "fast" part of "fast pillagers" -->
		<Delete MultiUnitFormationType="MUFORMATION_FAST_PILLAGERS"/>
		<Row>
			<MultiUnitFormationType>MUFORMATION_FAST_PILLAGERS</MultiUnitFormationType>
			<PrimaryUnitType>UNITAI_FAST_ATTACK</PrimaryUnitType>
			<SecondaryUnitType>UNITAI_EXPLORE</SecondaryUnitType>
			<MultiUnitPositionType>MUPOSITION_FRONT_LINE</MultiUnitPositionType>
			<RequiredSlot>true</RequiredSlot>
		</Row>
		<Row>
			<MultiUnitFormationType>MUFORMATION_FAST_PILLAGERS</MultiUnitFormationType>
			<PrimaryUnitType>UNITAI_FAST_ATTACK</PrimaryUnitType>
			<SecondaryUnitType>UNITAI_EXPLORE</SecondaryUnitType>
			<MultiUnitPositionType>MUPOSITION_FRONT_LINE</MultiUnitPositionType>
			<RequiredSlot>true</RequiredSlot>
		</Row>
		<Row>
			<MultiUnitFormationType>MUFORMATION_FAST_PILLAGERS</MultiUnitFormationType>
			<PrimaryUnitType>UNITAI_FAST_ATTACK</PrimaryUnitType>
			<SecondaryUnitType>UNITAI_EXPLORE</SecondaryUnitType>
			<MultiUnitPositionType>MUPOSITION_FRONT_LINE</MultiUnitPositionType>
		</Row>
		<!-- More flexibility, less required slots -->
		<Delete MultiUnitFormationType="MUFORMATION_ANTI_BARBARIAN_TEAM"/>
		<Row>
			<MultiUnitFormationType>MUFORMATION_ANTI_BARBARIAN_TEAM</MultiUnitFormationType>
			<PrimaryUnitType>UNITAI_DEFENSE</PrimaryUnitType>
			<SecondaryUnitType>UNITAI_ATTACK</SecondaryUnitType>
			<MultiUnitPositionType>MUPOSITION_FRONT_LINE</MultiUnitPositionType>
			<RequiredSlot>true</RequiredSlot>
		</Row>
		<Row>
			<MultiUnitFormationType>MUFORMATION_ANTI_BARBARIAN_TEAM</MultiUnitFormationType>
			<PrimaryUnitType>UNITAI_COUNTER</PrimaryUnitType>
			<SecondaryUnitType>UNITAI_FAST_ATTACK</SecondaryUnitType>
			<MultiUnitPositionType>MUPOSITION_FRONT_LINE</MultiUnitPositionType>
			<RequiredSlot>true</RequiredSlot>
		</Row>
		<Row>
			<MultiUnitFormationType>MUFORMATION_ANTI_BARBARIAN_TEAM</MultiUnitFormationType>
			<PrimaryUnitType>UNITAI_RANGED</PrimaryUnitType>
			<SecondaryUnitType>UNITAI_RANGED</SecondaryUnitType>
			<MultiUnitPositionType>MUPOSITION_BOMBARD</MultiUnitPositionType>
		</Row>
		<!-- CBP Additions of Naval Unit collections -->
		<Delete MultiUnitFormationType="MUFORMATION_NAVAL_SQUADRON"/>
		<Row>
			<MultiUnitFormationType>MUFORMATION_NAVAL_SQUADRON</MultiUnitFormationType>
			<PrimaryUnitType>UNITAI_ATTACK_SEA</PrimaryUnitType>
			<SecondaryUnitType>UNITAI_RESERVE_SEA</SecondaryUnitType>
			<MultiUnitPositionType>MUPOSITION_FRONT_LINE</MultiUnitPositionType>
			<RequiredSlot>true</RequiredSlot>
		</Row>
		<Row>
			<MultiUnitFormationType>MUFORMATION_NAVAL_SQUADRON</MultiUnitFormationType>
			<PrimaryUnitType>UNITAI_ATTACK_SEA</PrimaryUnitType>
			<SecondaryUnitType>UNITAI_ASSAULT_SEA</SecondaryUnitType>
			<MultiUnitPositionType>MUPOSITION_FRONT_LINE</MultiUnitPositionType>
			<RequiredSlot>true</RequiredSlot>
		</Row>
		<Row>
			<MultiUnitFormationType>MUFORMATION_NAVAL_SQUADRON</MultiUnitFormationType>
			<PrimaryUnitType>UNITAI_ASSAULT_SEA</PrimaryUnitType>
			<SecondaryUnitType>UNITAI_RESERVE_SEA</SecondaryUnitType>
			<MultiUnitPositionType>MUPOSITION_BOMBARD</MultiUnitPositionType>
			<RequiredSlot>true</RequiredSlot>
		</Row>
		<Row>
			<MultiUnitFormationType>MUFORMATION_NAVAL_SQUADRON</MultiUnitFormationType>
			<PrimaryUnitType>UNITAI_ASSAULT_SEA</PrimaryUnitType>
			<SecondaryUnitType>UNITAI_RESERVE_SEA</SecondaryUnitType>
			<MultiUnitPositionType>MUPOSITION_BOMBARD</MultiUnitPositionType>
		</Row>
		<Row>
			<MultiUnitFormationType>MUFORMATION_NAVAL_SQUADRON</MultiUnitFormationType>
			<PrimaryUnitType>UNITAI_ASSAULT_SEA</PrimaryUnitType>
			<SecondaryUnitType>UNITAI_RESERVE_SEA</SecondaryUnitType>
			<MultiUnitPositionType>MUPOSITION_BOMBARD</MultiUnitPositionType>
		</Row>
		<!-- Naval Invasion: Larger, more flexibility. -->
		<Delete MultiUnitFormationType="MUFORMATION_NAVAL_INVASION"/>
		<Row>
			<MultiUnitFormationType>MUFORMATION_NAVAL_INVASION</MultiUnitFormationType>
			<PrimaryUnitType>UNITAI_DEFENSE</PrimaryUnitType>
			<SecondaryUnitType>UNITAI_COUNTER</SecondaryUnitType>
			<MultiUnitPositionType>MUPOSITION_FRONT_LINE</MultiUnitPositionType>
			<RequiredSlot>true</RequiredSlot>
		</Row>
		<Row>
			<MultiUnitFormationType>MUFORMATION_NAVAL_INVASION</MultiUnitFormationType>
			<PrimaryUnitType>UNITAI_ATTACK</PrimaryUnitType>
			<SecondaryUnitType>UNITAI_DEFENSE</SecondaryUnitType>
			<MultiUnitPositionType>MUPOSITION_FRONT_LINE</MultiUnitPositionType>
			<RequiredSlot>true</RequiredSlot>
		</Row>
		<Row>
			<MultiUnitFormationType>MUFORMATION_NAVAL_INVASION</MultiUnitFormationType>
			<PrimaryUnitType>UNITAI_ATTACK</PrimaryUnitType>
			<SecondaryUnitType>UNITAI_DEFENSE</SecondaryUnitType>
			<MultiUnitPositionType>MUPOSITION_FRONT_LINE</MultiUnitPositionType>
			<RequiredSlot>true</RequiredSlot>
		</Row>
		<Row>
			<MultiUnitFormationType>MUFORMATION_NAVAL_INVASION</MultiUnitFormationType>
			<PrimaryUnitType>UNITAI_CITY_BOMBARD</PrimaryUnitType>
			<SecondaryUnitType>UNITAI_RANGED</SecondaryUnitType>
			<MultiUnitPositionType>MUPOSITION_BOMBARD</MultiUnitPositionType>
			<RequiredSlot>true</RequiredSlot>
		</Row>
		<Row>
			<MultiUnitFormationType>MUFORMATION_NAVAL_INVASION</MultiUnitFormationType>
			<PrimaryUnitType>UNITAI_CITY_BOMBARD</PrimaryUnitType>
			<SecondaryUnitType>UNITAI_RANGED</SecondaryUnitType>
			<MultiUnitPositionType>MUPOSITION_BOMBARD</MultiUnitPositionType>
			<RequiredSlot>true</RequiredSlot>
		</Row>	
		<Row>
			<MultiUnitFormationType>MUFORMATION_NAVAL_INVASION</MultiUnitFormationType>
			<PrimaryUnitType>UNITAI_ATTACK_SEA</PrimaryUnitType>
			<SecondaryUnitType>UNITAI_ASSAULT_SEA</SecondaryUnitType>
			<MultiUnitPositionType>MUPOSITION_NAVAL_ESCORT</MultiUnitPositionType>
			<RequiredSlot>true</RequiredSlot>
		</Row>
		<Row>
			<MultiUnitFormationType>MUFORMATION_NAVAL_INVASION</MultiUnitFormationType>
			<PrimaryUnitType>UNITAI_ASSAULT_SEA</PrimaryUnitType>
			<SecondaryUnitType>UNITAI_RESERVE_SEA</SecondaryUnitType>
			<MultiUnitPositionType>MUPOSITION_NAVAL_ESCORT</MultiUnitPositionType>
			<RequiredSlot>true</RequiredSlot>
		</Row>
		<Row>
			<MultiUnitFormationType>MUFORMATION_NAVAL_INVASION</MultiUnitFormationType>
			<PrimaryUnitType>UNITAI_ASSAULT_SEA</PrimaryUnitType>
			<SecondaryUnitType>UNITAI_RESERVE_SEA</SecondaryUnitType>
			<MultiUnitPositionType>MUPOSITION_NAVAL_ESCORT</MultiUnitPositionType>
			<RequiredSlot>true</RequiredSlot>
		</Row>
		<Row>
			<MultiUnitFormationType>MUFORMATION_NAVAL_INVASION</MultiUnitFormationType>
			<PrimaryUnitType>UNITAI_CARRIER_SEA</PrimaryUnitType>
			<SecondaryUnitType>UNITAI_RESERVE_SEA</SecondaryUnitType>
			<MultiUnitPositionType>MUPOSITION_NAVAL_ESCORT</MultiUnitPositionType>
		</Row>
		<Row>
			<MultiUnitFormationType>MUFORMATION_NAVAL_INVASION</MultiUnitFormationType>
			<PrimaryUnitType>UNITAI_ATTACK</PrimaryUnitType>
			<SecondaryUnitType>UNITAI_DEFENSE</SecondaryUnitType>
			<MultiUnitPositionType>MUPOSITION_FRONT_LINE</MultiUnitPositionType>
		</Row>
		<Row>
			<MultiUnitFormationType>MUFORMATION_NAVAL_INVASION</MultiUnitFormationType>
			<PrimaryUnitType>UNITAI_CITY_BOMBARD</PrimaryUnitType>
			<SecondaryUnitType>UNITAI_RANGED</SecondaryUnitType>
			<MultiUnitPositionType>MUPOSITION_BOMBARD</MultiUnitPositionType>
		</Row>
		<Row>
			<MultiUnitFormationType>MUFORMATION_NAVAL_INVASION</MultiUnitFormationType>
			<PrimaryUnitType>UNITAI_ATTACK_SEA</PrimaryUnitType>
			<SecondaryUnitType>UNITAI_RESERVE_SEA</SecondaryUnitType>
			<MultiUnitPositionType>MUPOSITION_NAVAL_ESCORT</MultiUnitPositionType>
		</Row>
		<Row>
			<MultiUnitFormationType>MUFORMATION_NAVAL_INVASION</MultiUnitFormationType>
			<PrimaryUnitType>UNITAI_ADMIRAL</PrimaryUnitType>
			<SecondaryUnitType>UNITAI_ADMIRAL</SecondaryUnitType>
			<MultiUnitPositionType>MUPOSITION_CIVILIAN_SUPPORT</MultiUnitPositionType>
		</Row>
		<!-- City State Invasion: Larger, but less required slots to get the attack out more quickly. -->
		<Delete MultiUnitFormationType="MUFORMATION_CITY_STATE_INVASION"/>
		<Row>
			<MultiUnitFormationType>MUFORMATION_CITY_STATE_INVASION</MultiUnitFormationType>
			<PrimaryUnitType>UNITAI_ATTACK</PrimaryUnitType>
			<SecondaryUnitType>UNITAI_DEFENSE</SecondaryUnitType>
			<MultiUnitPositionType>MUPOSITION_FRONT_LINE</MultiUnitPositionType>
			<RequiredSlot>true</RequiredSlot>
		</Row>
		<Row>
			<MultiUnitFormationType>MUFORMATION_CITY_STATE_INVASION</MultiUnitFormationType>
			<PrimaryUnitType>UNITAI_ATTACK</PrimaryUnitType>
			<SecondaryUnitType>UNITAI_FAST_ATTACK</SecondaryUnitType>
			<MultiUnitPositionType>MUPOSITION_FRONT_LINE</MultiUnitPositionType>
			<RequiredSlot>true</RequiredSlot>
		</Row>
		<Row>
			<MultiUnitFormationType>MUFORMATION_CITY_STATE_INVASION</MultiUnitFormationType>
			<PrimaryUnitType>UNITAI_CITY_BOMBARD</PrimaryUnitType>
			<SecondaryUnitType>UNITAI_RANGED</SecondaryUnitType>
			<MultiUnitPositionType>MUPOSITION_BOMBARD</MultiUnitPositionType>
			<RequiredSlot>true</RequiredSlot>
		</Row>
		<Row>
			<MultiUnitFormationType>MUFORMATION_CITY_STATE_INVASION</MultiUnitFormationType>
			<PrimaryUnitType>UNITAI_CITY_BOMBARD</PrimaryUnitType>
			<SecondaryUnitType>UNITAI_RANGED</SecondaryUnitType>
			<MultiUnitPositionType>MUPOSITION_BOMBARD</MultiUnitPositionType>
			<RequiredSlot>true</RequiredSlot>
		</Row>
		<Row>
			<MultiUnitFormationType>MUFORMATION_CITY_STATE_INVASION</MultiUnitFormationType>
			<PrimaryUnitType>UNITAI_ATTACK_SEA</PrimaryUnitType>
			<SecondaryUnitType>UNITAI_RESERVE_SEA</SecondaryUnitType>
			<MultiUnitPositionType>MUPOSITION_NAVAL_ESCORT</MultiUnitPositionType>
			<RequiredSlot>true</RequiredSlot>
		</Row>
		<Row>
			<MultiUnitFormationType>MUFORMATION_CITY_STATE_INVASION</MultiUnitFormationType>
			<PrimaryUnitType>UNITAI_ASSAULT_SEA</PrimaryUnitType>
			<SecondaryUnitType>UNITAI_RESERVE_SEA</SecondaryUnitType>
			<MultiUnitPositionType>MUPOSITION_NAVAL_ESCORT</MultiUnitPositionType>
			<RequiredSlot>true</RequiredSlot>
		</Row>
		<Row>
			<MultiUnitFormationType>MUFORMATION_CITY_STATE_INVASION</MultiUnitFormationType>
			<PrimaryUnitType>UNITAI_ASSAULT_SEA</PrimaryUnitType>
			<SecondaryUnitType>UNITAI_RESERVE_SEA</SecondaryUnitType>
			<MultiUnitPositionType>MUPOSITION_NAVAL_ESCORT</MultiUnitPositionType>
			<RequiredSlot>true</RequiredSlot>
		</Row>
		<Row>
			<MultiUnitFormationType>MUFORMATION_CITY_STATE_INVASION</MultiUnitFormationType>
			<PrimaryUnitType>UNITAI_DEFENSE</PrimaryUnitType>
			<SecondaryUnitType>UNITAI_FAST_ATTACK</SecondaryUnitType>
			<MultiUnitPositionType>MUPOSITION_FRONT_LINE</MultiUnitPositionType>
		</Row>
		<Row>
			<MultiUnitFormationType>MUFORMATION_CITY_STATE_INVASION</MultiUnitFormationType>
			<PrimaryUnitType>UNITAI_CITY_BOMBARD</PrimaryUnitType>
			<SecondaryUnitType>UNITAI_RANGED</SecondaryUnitType>
			<MultiUnitPositionType>MUPOSITION_BOMBARD</MultiUnitPositionType>
		</Row>
		<Row>
			<MultiUnitFormationType>MUFORMATION_CITY_STATE_INVASION</MultiUnitFormationType>
			<PrimaryUnitType>UNITAI_ATTACK_SEA</PrimaryUnitType>
			<SecondaryUnitType>UNITAI_RESERVE_SEA</SecondaryUnitType>
			<MultiUnitPositionType>MUPOSITION_NAVAL_ESCORT</MultiUnitPositionType>
		</Row>
		<Row>
			<MultiUnitFormationType>MUFORMATION_CITY_STATE_INVASION</MultiUnitFormationType>
			<PrimaryUnitType>UNITAI_ATTACK_SEA</PrimaryUnitType>
			<SecondaryUnitType>UNITAI_RESERVE_SEA</SecondaryUnitType>
			<MultiUnitPositionType>MUPOSITION_NAVAL_ESCORT</MultiUnitPositionType>
		</Row>
		<Row>
			<MultiUnitFormationType>MUFORMATION_CITY_STATE_INVASION</MultiUnitFormationType>
			<PrimaryUnitType>UNITAI_ASSAULT_SEA</PrimaryUnitType>
			<SecondaryUnitType>UNITAI_RESERVE_SEA</SecondaryUnitType>
			<MultiUnitPositionType>MUPOSITION_NAVAL_ESCORT</MultiUnitPositionType>
		</Row>
		<Row>
			<MultiUnitFormationType>MUFORMATION_CITY_STATE_INVASION</MultiUnitFormationType>
			<PrimaryUnitType>UNITAI_ASSAULT_SEA</PrimaryUnitType>
			<SecondaryUnitType>UNITAI_RESERVE_SEA</SecondaryUnitType>
			<MultiUnitPositionType>MUPOSITION_NAVAL_ESCORT</MultiUnitPositionType>
		</Row>
		<Row>
			<MultiUnitFormationType>MUFORMATION_CITY_STATE_INVASION</MultiUnitFormationType>
			<PrimaryUnitType>UNITAI_ADMIRAL</PrimaryUnitType>
			<SecondaryUnitType>UNITAI_ADMIRAL</SecondaryUnitType>
			<MultiUnitPositionType>MUPOSITION_CIVILIAN_SUPPORT</MultiUnitPositionType>
		</Row>
		<Delete MultiUnitFormationType="MUFORMATION_NAVAL_BOMBARDMENT"/>
		<Row>
			<MultiUnitFormationType>MUFORMATION_NAVAL_BOMBARDMENT</MultiUnitFormationType>
			<PrimaryUnitType>UNITAI_ASSAULT_SEA</PrimaryUnitType>
			<SecondaryUnitType>UNITAI_ASSAULT_SEA</SecondaryUnitType>
			<MultiUnitPositionType>MUPOSITION_FRONT_LINE</MultiUnitPositionType>
			<RequiredSlot>true</RequiredSlot>
		</Row>
		<Row>
			<MultiUnitFormationType>MUFORMATION_NAVAL_BOMBARDMENT</MultiUnitFormationType>
			<PrimaryUnitType>UNITAI_ASSAULT_SEA</PrimaryUnitType>
			<SecondaryUnitType>UNITAI_ASSAULT_SEA</SecondaryUnitType>
			<MultiUnitPositionType>MUPOSITION_BOMBARD</MultiUnitPositionType>
			<RequiredSlot>true</RequiredSlot>
		</Row>
		<Row>
			<MultiUnitFormationType>MUFORMATION_NAVAL_BOMBARDMENT</MultiUnitFormationType>
			<PrimaryUnitType>UNITAI_ASSAULT_SEA</PrimaryUnitType>
			<SecondaryUnitType>UNITAI_ASSAULT_SEA</SecondaryUnitType>
			<MultiUnitPositionType>MUPOSITION_BOMBARD</MultiUnitPositionType>
		</Row>
		<Row>
			<MultiUnitFormationType>MUFORMATION_NAVAL_BOMBARDMENT</MultiUnitFormationType>
			<PrimaryUnitType>UNITAI_ATTACK_SEA</PrimaryUnitType>
			<SecondaryUnitType>UNITAI_RESERVE_SEA</SecondaryUnitType>
			<MultiUnitPositionType>MUPOSITION_FRONT_LINE</MultiUnitPositionType>
		</Row>
		<!-- Naval City State Attack: more variety, less required slots, less carriers. -->
		<Delete MultiUnitFormationType="MUFORMATION_PURE_NAVAL_CITY_ATTACK"/>
		<Row>
			<MultiUnitFormationType>MUFORMATION_PURE_NAVAL_CITY_ATTACK</MultiUnitFormationType>
			<PrimaryUnitType>UNITAI_ATTACK_SEA</PrimaryUnitType>
			<SecondaryUnitType>UNITAI_RESERVE_SEA</SecondaryUnitType>
			<MultiUnitPositionType>MUPOSITION_FRONT_LINE</MultiUnitPositionType>
			<RequiredSlot>true</RequiredSlot>
		</Row>
		<Row>
			<MultiUnitFormationType>MUFORMATION_PURE_NAVAL_CITY_ATTACK</MultiUnitFormationType>
			<PrimaryUnitType>UNITAI_ATTACK_SEA</PrimaryUnitType>
			<SecondaryUnitType>UNITAI_RESERVE_SEA</SecondaryUnitType>
			<MultiUnitPositionType>MUPOSITION_FRONT_LINE</MultiUnitPositionType>
			<RequiredSlot>true</RequiredSlot>
		</Row>
		<Row>
			<MultiUnitFormationType>MUFORMATION_PURE_NAVAL_CITY_ATTACK</MultiUnitFormationType>
			<PrimaryUnitType>UNITAI_ASSAULT_SEA</PrimaryUnitType>
			<SecondaryUnitType>UNITAI_RESERVE_SEA</SecondaryUnitType>
			<MultiUnitPositionType>MUPOSITION_FRONT_LINE</MultiUnitPositionType>
			<RequiredSlot>true</RequiredSlot>
		</Row>
		<Row>
			<MultiUnitFormationType>MUFORMATION_PURE_NAVAL_CITY_ATTACK</MultiUnitFormationType>
			<PrimaryUnitType>UNITAI_ASSAULT_SEA</PrimaryUnitType>
			<SecondaryUnitType>UNITAI_RESERVE_SEA</SecondaryUnitType>
			<MultiUnitPositionType>MUPOSITION_BOMBARD</MultiUnitPositionType>
			<RequiredSlot>true</RequiredSlot>
		</Row>
		<Row>
			<MultiUnitFormationType>MUFORMATION_PURE_NAVAL_CITY_ATTACK</MultiUnitFormationType>
			<PrimaryUnitType>UNITAI_ASSAULT_SEA</PrimaryUnitType>
			<SecondaryUnitType>UNITAI_RESERVE_SEA</SecondaryUnitType>
			<MultiUnitPositionType>MUPOSITION_BOMBARD</MultiUnitPositionType>
		</Row>
		<Row>
			<MultiUnitFormationType>MUFORMATION_PURE_NAVAL_CITY_ATTACK</MultiUnitFormationType>
			<PrimaryUnitType>UNITAI_CARRIER_SEA</PrimaryUnitType>
			<SecondaryUnitType>UNITAI_RESERVE_SEA</SecondaryUnitType>
			<MultiUnitPositionType>MUPOSITION_BOMBARD</MultiUnitPositionType>
		</Row>
		<Row>
			<MultiUnitFormationType>MUFORMATION_PURE_NAVAL_CITY_ATTACK</MultiUnitFormationType>
			<PrimaryUnitType>UNITAI_ATTACK_SEA</PrimaryUnitType>
			<SecondaryUnitType>UNITAI_RESERVE_SEA</SecondaryUnitType>
			<MultiUnitPositionType>MUPOSITION_FRONT_LINE</MultiUnitPositionType>
		</Row>
		<Row>
			<MultiUnitFormationType>MUFORMATION_PURE_NAVAL_CITY_ATTACK</MultiUnitFormationType>
			<PrimaryUnitType>UNITAI_ADMIRAL</PrimaryUnitType>
			<SecondaryUnitType>UNITAI_ADMIRAL</SecondaryUnitType>
			<MultiUnitPositionType>MUPOSITION_CIVILIAN_SUPPORT</MultiUnitPositionType>
		</Row>
		<Delete MultiUnitFormationType="MUFORMATION_RAPID_RESPONSE_FORCE"/>
		<Row>
			<MultiUnitFormationType>MUFORMATION_RAPID_RESPONSE_FORCE</MultiUnitFormationType>
			<PrimaryUnitType>UNITAI_DEFENSE</PrimaryUnitType>
			<SecondaryUnitType>UNITAI_ATTACK</SecondaryUnitType>
			<MultiUnitPositionType>MUPOSITION_FRONT_LINE</MultiUnitPositionType>
			<RequiredSlot>true</RequiredSlot>
		</Row>
		<Row>
			<MultiUnitFormationType>MUFORMATION_RAPID_RESPONSE_FORCE</MultiUnitFormationType>
			<PrimaryUnitType>UNITAI_COUNTER</PrimaryUnitType>
			<SecondaryUnitType>UNITAI_DEFENSE</SecondaryUnitType>
			<MultiUnitPositionType>MUPOSITION_FRONT_LINE</MultiUnitPositionType>
			<RequiredSlot>true</RequiredSlot>
		</Row>
		<Row>
			<MultiUnitFormationType>MUFORMATION_RAPID_RESPONSE_FORCE</MultiUnitFormationType>
			<PrimaryUnitType>UNITAI_COUNTER</PrimaryUnitType>
			<SecondaryUnitType>UNITAI_DEFENSE</SecondaryUnitType>
			<MultiUnitPositionType>MUPOSITION_FRONT_LINE</MultiUnitPositionType>
		</Row>
		<Row>
			<MultiUnitFormationType>MUFORMATION_RAPID_RESPONSE_FORCE</MultiUnitFormationType>
			<PrimaryUnitType>UNITAI_ATTACK</PrimaryUnitType>
			<SecondaryUnitType>UNITAI_DEFENSE</SecondaryUnitType>
			<MultiUnitPositionType>MUPOSITION_FRONT_LINE</MultiUnitPositionType>
		</Row>
		<Delete MultiUnitFormationType="MUFORMATION_CLOSE_CITY_DEFENSE"/>
		<Row>
			<MultiUnitFormationType>MUFORMATION_CLOSE_CITY_DEFENSE</MultiUnitFormationType>
			<PrimaryUnitType>UNITAI_COUNTER</PrimaryUnitType>
			<SecondaryUnitType>UNITAI_DEFENSE</SecondaryUnitType>
			<MultiUnitPositionType>MUPOSITION_FRONT_LINE</MultiUnitPositionType>
			<RequiredSlot>true</RequiredSlot>
		</Row>
		<Row>
			<MultiUnitFormationType>MUFORMATION_CLOSE_CITY_DEFENSE</MultiUnitFormationType>
			<PrimaryUnitType>UNITAI_ATTACK</PrimaryUnitType>
			<SecondaryUnitType>UNITAI_COUNTER</SecondaryUnitType>
			<MultiUnitPositionType>MUPOSITION_FRONT_LINE</MultiUnitPositionType>
			<RequiredSlot>true</RequiredSlot>
		</Row>
		<Row>
			<MultiUnitFormationType>MUFORMATION_CLOSE_CITY_DEFENSE</MultiUnitFormationType>
			<PrimaryUnitType>UNITAI_RANGED</PrimaryUnitType>
			<SecondaryUnitType>UNITAI_DEFENSE</SecondaryUnitType>
			<MultiUnitPositionType>MUPOSITION_BOMBARD</MultiUnitPositionType>
			<RequiredSlot>true</RequiredSlot>
		</Row>
		<Row>
			<MultiUnitFormationType>MUFORMATION_CLOSE_CITY_DEFENSE</MultiUnitFormationType>
			<PrimaryUnitType>UNITAI_ATTACK</PrimaryUnitType>
			<SecondaryUnitType>UNITAI_DEFENSE</SecondaryUnitType>
			<MultiUnitPositionType>MUPOSITION_FRONT_LINE</MultiUnitPositionType>
		</Row>
		<Row>
			<MultiUnitFormationType>MUFORMATION_CLOSE_CITY_DEFENSE</MultiUnitFormationType>
			<PrimaryUnitType>UNITAI_RANGED</PrimaryUnitType>
			<SecondaryUnitType>UNITAI_DEFENSE</SecondaryUnitType>
			<MultiUnitPositionType>MUPOSITION_BOMBARD</MultiUnitPositionType>
		</Row>
		<Row>
			<MultiUnitFormationType>MUFORMATION_CLOSE_CITY_DEFENSE</MultiUnitFormationType>
			<PrimaryUnitType>UNITAI_RANGED</PrimaryUnitType>
			<SecondaryUnitType>UNITAI_DEFENSE</SecondaryUnitType>
			<MultiUnitPositionType>MUPOSITION_BOMBARD</MultiUnitPositionType>
		</Row>
		<Row>
			<MultiUnitFormationType>MUFORMATION_CLOSE_CITY_DEFENSE</MultiUnitFormationType>
			<PrimaryUnitType>UNITAI_GENERAL</PrimaryUnitType>
			<SecondaryUnitType>UNITAI_GENERAL</SecondaryUnitType>
			<MultiUnitPositionType>MUPOSITION_CIVILIAN_SUPPORT</MultiUnitPositionType>
		</Row>
		<Delete MultiUnitFormationType="MUFORMATION_SETTLER_ESCORT"/>
		<Row>
			<MultiUnitFormationType>MUFORMATION_SETTLER_ESCORT</MultiUnitFormationType>
			<PrimaryUnitType>UNITAI_SETTLE</PrimaryUnitType>
			<SecondaryUnitType>UNITAI_SETTLE</SecondaryUnitType>
			<MultiUnitPositionType>MUPOSITION_CIVILIAN_SUPPORT</MultiUnitPositionType>
			<RequiredSlot>true</RequiredSlot>
		</Row>
		<Row>
			<MultiUnitFormationType>MUFORMATION_SETTLER_ESCORT</MultiUnitFormationType>
			<PrimaryUnitType>UNITAI_DEFENSE</PrimaryUnitType>
			<SecondaryUnitType>UNITAI_ATTACK</SecondaryUnitType>
			<MultiUnitPositionType>MUPOSITION_FRONT_LINE</MultiUnitPositionType>
			<RequiredSlot>true</RequiredSlot>
		</Row>
		<Delete MultiUnitFormationType="MUFORMATION_COLONIZATION_PARTY"/>
		<Row>
			<MultiUnitFormationType>MUFORMATION_COLONIZATION_PARTY</MultiUnitFormationType>
			<PrimaryUnitType>UNITAI_SETTLE</PrimaryUnitType>
			<SecondaryUnitType>UNITAI_SETTLE</SecondaryUnitType>
			<MultiUnitPositionType>MUPOSITION_CIVILIAN_SUPPORT</MultiUnitPositionType>
			<RequiredSlot>true</RequiredSlot>
		</Row>
		<Row>
			<MultiUnitFormationType>MUFORMATION_COLONIZATION_PARTY</MultiUnitFormationType>
			<PrimaryUnitType>UNITAI_DEFENSE</PrimaryUnitType>
			<SecondaryUnitType>UNITAI_ATTACK</SecondaryUnitType>
			<MultiUnitPositionType>MUPOSITION_FRONT_LINE</MultiUnitPositionType>
			<RequiredSlot>true</RequiredSlot>
		</Row>
		<Row>
			<MultiUnitFormationType>MUFORMATION_COLONIZATION_PARTY</MultiUnitFormationType>
			<PrimaryUnitType>UNITAI_ATTACK_SEA</PrimaryUnitType>
			<SecondaryUnitType>UNITAI_ASSAULT_SEA</SecondaryUnitType>
			<MultiUnitPositionType>MUPOSITION_NAVAL_ESCORT</MultiUnitPositionType>
		</Row>
		<Row>
			<MultiUnitFormationType>MUFORMATION_COLONIZATION_PARTY</MultiUnitFormationType>
			<PrimaryUnitType>UNITAI_ATTACK_SEA</PrimaryUnitType>
			<SecondaryUnitType>UNITAI_ASSAULT_SEA</SecondaryUnitType>
			<MultiUnitPositionType>MUPOSITION_NAVAL_ESCORT</MultiUnitPositionType>
		</Row>
		<Delete MultiUnitFormationType="MUFORMATION_QUICK_COLONY_SETTLER"/>
		<Row>
			<MultiUnitFormationType>MUFORMATION_QUICK_COLONY_SETTLER</MultiUnitFormationType>
			<PrimaryUnitType>UNITAI_SETTLE</PrimaryUnitType>
			<SecondaryUnitType>UNITAI_SETTLE</SecondaryUnitType>
			<MultiUnitPositionType>MUPOSITION_CIVILIAN_SUPPORT</MultiUnitPositionType>
			<RequiredSlot>true</RequiredSlot>
		</Row>
		<Row>
			<MultiUnitFormationType>MUFORMATION_QUICK_COLONY_SETTLER</MultiUnitFormationType>
			<PrimaryUnitType>UNITAI_DEFENSE</PrimaryUnitType>
			<SecondaryUnitType>UNITAI_ATTACK</SecondaryUnitType>
			<MultiUnitPositionType>MUPOSITION_FRONT_LINE</MultiUnitPositionType>
		</Row>
		<!-- Late Game Forces -->
		<Row>
			<MultiUnitFormationType>MUFORMATION_LATE_GAME_INVASION_FORCE</MultiUnitFormationType>
			<PrimaryUnitType>UNITAI_DEFENSE</PrimaryUnitType>
			<SecondaryUnitType>UNITAI_COUNTER</SecondaryUnitType>
			<MultiUnitPositionType>MUPOSITION_FRONT_LINE</MultiUnitPositionType>
			<RequiredSlot>true</RequiredSlot>
		</Row>
		<Row>
			<MultiUnitFormationType>MUFORMATION_LATE_GAME_INVASION_FORCE</MultiUnitFormationType>
			<PrimaryUnitType>UNITAI_ATTACK</PrimaryUnitType>
			<SecondaryUnitType>UNITAI_DEFENSE</SecondaryUnitType>
			<MultiUnitPositionType>MUPOSITION_FRONT_LINE</MultiUnitPositionType>
			<RequiredSlot>true</RequiredSlot>
		</Row>
		<Row>
			<MultiUnitFormationType>MUFORMATION_LATE_GAME_INVASION_FORCE</MultiUnitFormationType>
			<PrimaryUnitType>UNITAI_ATTACK</PrimaryUnitType>
			<SecondaryUnitType>UNITAI_DEFENSE</SecondaryUnitType>
			<MultiUnitPositionType>MUPOSITION_FRONT_LINE</MultiUnitPositionType>
			<RequiredSlot>true</RequiredSlot>
		</Row>
		<Row>
			<MultiUnitFormationType>MUFORMATION_LATE_GAME_INVASION_FORCE</MultiUnitFormationType>
			<PrimaryUnitType>UNITAI_CITY_BOMBARD</PrimaryUnitType>
			<SecondaryUnitType>UNITAI_RANGED</SecondaryUnitType>
			<MultiUnitPositionType>MUPOSITION_BOMBARD</MultiUnitPositionType>
			<RequiredSlot>true</RequiredSlot>
		</Row>
		<Row>
			<MultiUnitFormationType>MUFORMATION_LATE_GAME_INVASION_FORCE</MultiUnitFormationType>
			<PrimaryUnitType>UNITAI_CITY_BOMBARD</PrimaryUnitType>
			<SecondaryUnitType>UNITAI_RANGED</SecondaryUnitType>
			<MultiUnitPositionType>MUPOSITION_BOMBARD</MultiUnitPositionType>
			<RequiredSlot>true</RequiredSlot>
		</Row>
		<Row>
			<MultiUnitFormationType>MUFORMATION_LATE_GAME_INVASION_FORCE</MultiUnitFormationType>
			<PrimaryUnitType>UNITAI_ATTACK_SEA</PrimaryUnitType>
			<SecondaryUnitType>UNITAI_ASSAULT_SEA</SecondaryUnitType>
			<MultiUnitPositionType>MUPOSITION_NAVAL_ESCORT</MultiUnitPositionType>
			<RequiredSlot>true</RequiredSlot>
		</Row>
		<Row>
			<MultiUnitFormationType>MUFORMATION_LATE_GAME_INVASION_FORCE</MultiUnitFormationType>
			<PrimaryUnitType>UNITAI_ASSAULT_SEA</PrimaryUnitType>
			<SecondaryUnitType>UNITAI_RESERVE_SEA</SecondaryUnitType>
			<MultiUnitPositionType>MUPOSITION_NAVAL_ESCORT</MultiUnitPositionType>
			<RequiredSlot>true</RequiredSlot>
		</Row>
		<Row>
			<MultiUnitFormationType>MUFORMATION_LATE_GAME_INVASION_FORCE</MultiUnitFormationType>
			<PrimaryUnitType>UNITAI_ASSAULT_SEA</PrimaryUnitType>
			<SecondaryUnitType>UNITAI_RESERVE_SEA</SecondaryUnitType>
			<MultiUnitPositionType>MUPOSITION_NAVAL_ESCORT</MultiUnitPositionType>
			<RequiredSlot>true</RequiredSlot>
		</Row>
		<Row>
			<MultiUnitFormationType>MUFORMATION_LATE_GAME_INVASION_FORCE</MultiUnitFormationType>
			<PrimaryUnitType>UNITAI_CARRIER_SEA</PrimaryUnitType>
			<SecondaryUnitType>UNITAI_RESERVE_SEA</SecondaryUnitType>
			<MultiUnitPositionType>MUPOSITION_NAVAL_ESCORT</MultiUnitPositionType>
		</Row>
		<Row>
			<MultiUnitFormationType>MUFORMATION_LATE_GAME_INVASION_FORCE</MultiUnitFormationType>
			<PrimaryUnitType>UNITAI_ASSAULT_SEA</PrimaryUnitType>
			<SecondaryUnitType>UNITAI_RESERVE_SEA</SecondaryUnitType>
			<MultiUnitPositionType>MUPOSITION_NAVAL_ESCORT</MultiUnitPositionType>
			<RequiredSlot>true</RequiredSlot>
		</Row>
		<Row>
			<MultiUnitFormationType>MUFORMATION_LATE_GAME_INVASION_FORCE</MultiUnitFormationType>
			<PrimaryUnitType>UNITAI_ADMIRAL</PrimaryUnitType>
			<SecondaryUnitType>UNITAI_ADMIRAL</SecondaryUnitType>
			<MultiUnitPositionType>MUPOSITION_CIVILIAN_SUPPORT</MultiUnitPositionType>
		</Row>
		<Row>
			<MultiUnitFormationType>MUFORMATION_LATE_GAME_INVASION_FORCE</MultiUnitFormationType>
			<PrimaryUnitType>UNITAI_DEFENSE</PrimaryUnitType>
			<SecondaryUnitType>UNITAI_COUNTER</SecondaryUnitType>
			<MultiUnitPositionType>MUPOSITION_FRONT_LINE</MultiUnitPositionType>
		</Row>
		<Row>
			<MultiUnitFormationType>MUFORMATION_LATE_GAME_INVASION_FORCE</MultiUnitFormationType>
			<PrimaryUnitType>UNITAI_ATTACK_SEA</PrimaryUnitType>
			<SecondaryUnitType>UNITAI_ASSAULT_SEA</SecondaryUnitType>
			<MultiUnitPositionType>MUPOSITION_NAVAL_ESCORT</MultiUnitPositionType>
		</Row>
		<Row>
			<MultiUnitFormationType>MUFORMATION_LATE_GAME_INVASION_FORCE</MultiUnitFormationType>
			<PrimaryUnitType>UNITAI_ATTACK_SEA</PrimaryUnitType>
			<SecondaryUnitType>UNITAI_RESERVE_SEA</SecondaryUnitType>
			<MultiUnitPositionType>MUPOSITION_NAVAL_ESCORT</MultiUnitPositionType>
		</Row>
		<!-- Late Game Naval-->
		<Row>
			<MultiUnitFormationType>MUFORMATION_LATE_GAME_PURE_NAVAL_FORCE</MultiUnitFormationType>
			<PrimaryUnitType>UNITAI_ATTACK_SEA</PrimaryUnitType>
			<SecondaryUnitType>UNITAI_RESERVE_SEA</SecondaryUnitType>
			<MultiUnitPositionType>MUPOSITION_FRONT_LINE</MultiUnitPositionType>
			<RequiredSlot>true</RequiredSlot>
		</Row>
		<Row>
			<MultiUnitFormationType>MUFORMATION_LATE_GAME_PURE_NAVAL_FORCE</MultiUnitFormationType>
			<PrimaryUnitType>UNITAI_ATTACK_SEA</PrimaryUnitType>
			<SecondaryUnitType>UNITAI_RESERVE_SEA</SecondaryUnitType>
			<MultiUnitPositionType>MUPOSITION_FRONT_LINE</MultiUnitPositionType>
			<RequiredSlot>true</RequiredSlot>
		</Row>
		<Row>
			<MultiUnitFormationType>MUFORMATION_LATE_GAME_PURE_NAVAL_FORCE</MultiUnitFormationType>
			<PrimaryUnitType>UNITAI_ATTACK_SEA</PrimaryUnitType>
			<SecondaryUnitType>UNITAI_RESERVE_SEA</SecondaryUnitType>
			<MultiUnitPositionType>MUPOSITION_FRONT_LINE</MultiUnitPositionType>
			<RequiredSlot>true</RequiredSlot>
		</Row>
		<Row>
			<MultiUnitFormationType>MUFORMATION_LATE_GAME_PURE_NAVAL_FORCE</MultiUnitFormationType>
			<PrimaryUnitType>UNITAI_ASSAULT_SEA</PrimaryUnitType>
			<SecondaryUnitType>UNITAI_RESERVE_SEA</SecondaryUnitType>
			<MultiUnitPositionType>MUPOSITION_BOMBARD</MultiUnitPositionType>
			<RequiredSlot>true</RequiredSlot>
		</Row>
		<Row>
			<MultiUnitFormationType>MUFORMATION_LATE_GAME_PURE_NAVAL_FORCE</MultiUnitFormationType>
			<PrimaryUnitType>UNITAI_ASSAULT_SEA</PrimaryUnitType>
			<SecondaryUnitType>UNITAI_RESERVE_SEA</SecondaryUnitType>
			<MultiUnitPositionType>MUPOSITION_BOMBARD</MultiUnitPositionType>
			<RequiredSlot>true</RequiredSlot>
		</Row>
		<Row>
			<MultiUnitFormationType>MUFORMATION_LATE_GAME_PURE_NAVAL_FORCE</MultiUnitFormationType>
			<PrimaryUnitType>UNITAI_ASSAULT_SEA</PrimaryUnitType>
			<SecondaryUnitType>UNITAI_RESERVE_SEA</SecondaryUnitType>
			<MultiUnitPositionType>MUPOSITION_BOMBARD</MultiUnitPositionType>
		</Row>
		<Row>
			<MultiUnitFormationType>MUFORMATION_LATE_GAME_PURE_NAVAL_FORCE</MultiUnitFormationType>
			<PrimaryUnitType>UNITAI_CARRIER_SEA</PrimaryUnitType>
			<SecondaryUnitType>UNITAI_RESERVE_SEA</SecondaryUnitType>
			<MultiUnitPositionType>MUPOSITION_BOMBARD</MultiUnitPositionType>
		</Row>
		<Row>
			<MultiUnitFormationType>MUFORMATION_LATE_GAME_PURE_NAVAL_FORCE</MultiUnitFormationType>
			<PrimaryUnitType>UNITAI_ATTACK_SEA</PrimaryUnitType>
			<SecondaryUnitType>UNITAI_RESERVE_SEA</SecondaryUnitType>
			<MultiUnitPositionType>MUPOSITION_FRONT_LINE</MultiUnitPositionType>
		</Row>	
		<Row>
			<MultiUnitFormationType>MUFORMATION_LATE_GAME_PURE_NAVAL_FORCE</MultiUnitFormationType>
			<PrimaryUnitType>UNITAI_ASSAULT_SEA</PrimaryUnitType>
			<SecondaryUnitType>UNITAI_RESERVE_SEA</SecondaryUnitType>
			<MultiUnitPositionType>MUPOSITION_BOMBARD</MultiUnitPositionType>
		</Row>
		<Row>
			<MultiUnitFormationType>MUFORMATION_LATE_GAME_PURE_NAVAL_FORCE</MultiUnitFormationType>
			<PrimaryUnitType>UNITAI_ADMIRAL</PrimaryUnitType>
			<SecondaryUnitType>UNITAI_ADMIRAL</SecondaryUnitType>
			<MultiUnitPositionType>MUPOSITION_CIVILIAN_SUPPORT</MultiUnitPositionType>
		</Row>
	</MultiUnitFormation_SlotEntries>
</GameData>