<?xml version="1.0" encoding="utf-8"?>
<Context >

  <!--=======================================================================================================================-->
  <!--   Finished Researching a Tech...Popup  -->
  <!--=======================================================================================================================-->

  <Box Style="BGBlock_ClearTopBar" />

  <Grid Size="560,530" Anchor="C,C" Offset="0,56" Padding="20,50" Style="Grid9DetailFive140" ConsumeMouse="0" ID="OuterGrid" >

    <!--NEEDS TO BE DELETED -->
    <Image Anchor="L,B" Offset="-18,-12" Texture="TechAtlasSmall.dds" Size="64.64" ID="TechIconFrame" Hidden="1"  />
    <Button Anchor="R,T" Size="32,32" Offset="26.8" TextureOffset="32,0" Texture="assets\UI\Art\Notification\CloseMinButtons.dds"  ToolTip="TXT_KEY_ESC_TO_EXIT" Hidden="1" ID="CloseButton"/>
    <!--NEEDS TO BE DELETED -->

    <!--=======================================================================================================================-->

    <Image Anchor="C,T" AnchorSide="I.O"  Offset="0,-50" Texture="Assets/UI/Art/Controls/TechPopupTop300.dds" Size="300.200" >
      <Image Anchor="C,C" Offset="0,14" TextureOffset="0.0" Texture="TechnologyAtlas1024.dds" Size="128.128" ID="TechIcon" />
    </Image>

    <!-- Side treatments -->
    <Box Style="MenuLeftSideTreatment"/>
    <Box Style="MenuRightSideTreatment"/>

    <!--=======================================================================================================================-->

    <!--Continue Button -->
    <Box Anchor="C,B" AnchorSide="I.I" Offset="0,54"   Size="520,56" Color="255,255,255,0" >
      <GridButton Anchor="L,B"  Style="SmallButton" Size="150,32"  Offset="14,0" StateOffsetIncrement="0,0" ID="ContinueButton"  >
        <Label Anchor="C,C"  Offset="0,0"  String="TXT_KEY_TECH_AWARD_BUTTON" Font="TwCenMT18" ColorSet="Beige_Black_Alpha" FontStyle="Shadow"  />
      </GridButton>
    </Box>


    <!-- Quote, Label, opened with the Tech -->

    <Label Anchor="C,T"  Offset="0,19" Font="TwCenMT20" ColorSet="Beige_Black_Alpha" FontStyle="Shadow" String="TXT_KEY_TECH_AWARD_TITLE"/>

    <Stack Anchor="C,T" Offset="0,64"   Size="0,0" StackGrowth="Bottom" Padding="0" >


      <Label Anchor="C,C"  Offset="0,0" Font="TwCenMT24" ColorSet="Beige_Black_Alpha" FontStyle="Shadow" String="Technology Name" ID="TechName"/>
      <Box Anchor="C,C"  Offset="0,0"   Size="500,18" Color="White.0" />
      <Image Anchor="C,C" Offset="0,0"  Texture="bar500x2.dds" Size="500.1" />
      <Box Anchor="C,C"  Offset="0,0"   Size="500,14" Color="White.0" />
      <Label Anchor="C,C"  Offset="0,0"  WrapWidth="500" Font="TwCenMT20" LeadingOffset="-4"  ColorSet="Beige_Black_Alpha" FontStyle="Shadow" String="." ID="TechQuote"/>
      <Stack Anchor="C,C" Offset="0,0"   Size="0,0" StackGrowth="Right" Padding="-12" ID="BonusStack" >
        <Button NoStateChange="1"  Anchor="C,C" Size="64,64" Texture="TechnologyAtlas512.dds" ID="B1" Hidden="0"/>
        <Button NoStateChange="1"  Anchor="C,C" Size="64,64" Texture="TechnologyAtlas512.dds" ID="B2" Hidden="0"/>
        <Button NoStateChange="1"  Anchor="C,C" Size="64,64" Texture="TechnologyAtlas512.dds" ID="B3" Hidden="0"/>
        <Button NoStateChange="1"  Anchor="C,C" Size="64,64" Texture="TechnologyAtlas512.dds" ID="B4" Hidden="0"/>
        <Button NoStateChange="1"  Anchor="C,C" Size="64,64" Texture="TechnologyAtlas512.dds" ID="B5" Hidden="0"/>
      </Stack>
	  <Image Anchor="C,C" Offset="0,0"  Texture="bar500x2.dds" Size="500.1" />
      <Label Anchor="C,C"  Offset="0,0"  WrapWidth="500" Font="TwCenMT18" LeadingOffset="-4"  ColorSet="Beige_Black_Alpha" FontStyle="Shadow" String="." ID="TechHelp"/>

    </Stack>

  </Grid>
</Context>
