<?xml version="1.0" encoding="utf-8"?>
<!-- Created by ModBuddy on 3/31/2016 12:08:05 AM -->
<GameData>
	<Language_en_US>
		<!-- Do Nothing -->
		<Row Tag="TXT_KEY_CITY_EVENT_DO_NOTHING">
			<Text>I'm not interested in this.</Text>
		</Row>
		<Row Tag="TXT_KEY_CITY_EVENT_DO_NOTHING_HELP">
			<Text>Nothing happens.</Text>
		</Row>

		<!-- Stone Works Discovery -->
		<Row Tag="TXT_KEY_CITY_EVENT_STONE_WORKS_DISCOVERY">
			<Text>Rich Vein</Text>
		</Row>
		<Row Tag="TXT_KEY_CITY_EVENT_STONE_WORKS_DISCOVERY_HELP">
			<Text>A rich vein of blue marble was discovered at the quarry near the city. Your miners and masons have come to you to ask you what you would like to do with it.[NEWLINE][NEWLINE]Choose from the options below...</Text>
		</Row>
		<Row Tag="TXT_KEY_CITY_EVENT_STONE_WORKS_DISCOVERY_CHOICE_1">
			<Text>Boast of this, and merchants will come to buy it from us.</Text>
		</Row>
		<Row Tag="TXT_KEY_CITY_EVENT_STONE_WORKS_DISCOVERY_CHOICE_1_HELP">
			<Text>+{2_InstantYield}, and 10 turns of 'We Love the King Day' in the City.</Text>
		</Row>
		<Row Tag="TXT_KEY_CITY_EVENT_STONE_WORKS_DISCOVERY_CHOICE_2">
			<Text>Donate it to the Temple.</Text>
		</Row>
		<Row Tag="TXT_KEY_CITY_EVENT_STONE_WORKS_DISCOVERY_CHOICE_2_HELP">
			<Text>{2_InstantYield}.</Text>
		</Row>
		<Row Tag="TXT_KEY_CITY_EVENT_STONE_WORKS_DISCOVERY_CHOICE_3">
			<Text>Carve relics and idols from it.</Text>
		</Row>
		<Row Tag="TXT_KEY_CITY_EVENT_STONE_WORKS_DISCOVERY_CHOICE_3_HELP">
			<Text>{2_InstantYield}</Text>
		</Row>
		<Row Tag="TXT_KEY_CITY_EVENT_STONE_WORKS_DISCOVERY_CHOICE_4">
			<Text>Give it to our finest artists.</Text>
		</Row>
		<Row Tag="TXT_KEY_CITY_EVENT_STONE_WORKS_DISCOVERY_CHOICE_4_HELP">
			<Text>+2 [ICON_CULTURE] Culture in the City for {5_Turns}.</Text>
		</Row>

		<!-- Fishing Boat Expedition -->
		<Row Tag="TXT_KEY_CITY_EVENT_FISHING_EXPEDITION">
			<Text>Old Men and the Sea</Text>
		</Row>
		<Row Tag="TXT_KEY_CITY_EVENT_FISHING_EXPEDITION_HELP">
			<Text>A band of local fishermen have appealed to the City for funding for a seasonal fishing expedition.[NEWLINE][NEWLINE]Choose from the following options...</Text>
		</Row>
		<Row Tag="TXT_KEY_CITY_EVENT_FISHING_EXPEDITION_CHOICE_1">
			<Text>Let's focus on something simple.</Text>
		</Row>
		<Row Tag="TXT_KEY_CITY_EVENT_FISHING_EXPEDITION_CHOICE_1_HELP">
			<Text>Spend {1_Scaled}. Gain {2_InstantYield} Food in the City.</Text>
		</Row>
		<Row Tag="TXT_KEY_CITY_EVENT_FISHING_EXPEDITION_CHOICE_2">
			<Text>A large investment will pay dividends.</Text>
		</Row>
		<Row Tag="TXT_KEY_CITY_EVENT_FISHING_EXPEDITION_CHOICE_2_HELP">
			<Text>Spend {1_Scaled}. Fishing Boats near the City will gain +5 [ICON_FOOD] Food for {5_Turns}.</Text>
		</Row>
		<Row Tag="TXT_KEY_CITY_EVENT_FISHING_EXPEDITION_CHOICE_3">
			<Text>I'd rather invest in something much more lucrative...</Text>
		</Row>
		<Row Tag="TXT_KEY_CITY_EVENT_FISHING_EXPEDITION_CHOICE_3_HELP">
			<Text>Invest {1_Scaled}. 50% chance for a Harbor to be constructed in the City.</Text>
		</Row>
		<Row Tag="TXT_KEY_CITY_EVENT_FISHING_EXPEDITION_CHOICE_3_SUCCESSFUL">
			<Text>The investment in {2_City} was successful and paved for construction!</Text>
		</Row>
		<Row Tag="TXT_KEY_CITY_EVENT_FISHING_EXPEDITION_CHOICE_3_SUCCESSFUL_S">
			<Text>Harbor Constructed!</Text>
		</Row>

		<!-- Amphitheater -->
		<Row Tag="TXT_KEY_CITY_EVENT_AMPHITHEATER_NEW_DRAMA">
			<Text>Dramatic Masterpiece</Text>
		</Row>
		<Row Tag="TXT_KEY_CITY_EVENT_AMPHITHEATER_NEW_DRAMA_HELP">
			<Text>Writers from the City have penned a new work, and critics are calling it a 'masterpiece.' News of this has reached your ear, and your advisors await your response.</Text>
		</Row>

		<Row Tag="TXT_KEY_CITY_EVENT_AMPHITHEATER_NEW_DRAMA_CHOICE_1">
			<Text>Send news to the other civilizations of the world.</Text>
		</Row>
		<Row Tag="TXT_KEY_CITY_EVENT_AMPHITHEATER_NEW_DRAMA_CHOICE_1_HELP">
			<Text>{1_YieldCost}. Gain {2_InstantYield} Tourism with all known Civilizations.</Text>
		</Row>
		<Row Tag="TXT_KEY_CITY_EVENT_AMPHITHEATER_NEW_DRAMA_CHOICE_2">
			<Text>Let's celebrate this.</Text>
		</Row>
		<Row Tag="TXT_KEY_CITY_EVENT_AMPHITHEATER_NEW_DRAMA_CHOICE_2_HELP">
			<Text>Gain {2_InstantYield}.</Text>
		</Row>
		<Row Tag="TXT_KEY_CITY_EVENT_AMPHITHEATER_NEW_DRAMA_CHOICE_3">
			<Text>Make sure the writers are praised for this.</Text>
		</Row>
		<Row Tag="TXT_KEY_CITY_EVENT_AMPHITHEATER_NEW_DRAMA_CHOICE_3_HELP">
			<Text>Gain {4_GPChange} points in the City.</Text>
		</Row>
		<Row Tag="TXT_KEY_CITY_EVENT_AMPHITHEATER_NEW_DRAMA_CHOICE_4">
			<Text>They should have been praying instead.</Text>
		</Row>
		<Row Tag="TXT_KEY_CITY_EVENT_AMPHITHEATER_NEW_DRAMA_CHOICE_4_HELP">
			<Text>Gain {2_InstantYield}.</Text>
		</Row>

		<Row Tag="TXT_KEY_CITY_EVENT_AMPHITHEATER_NEW_DRAMA_CHOICE_1_SUCCESSFUL">
			<Text>Writers from {2_City} have penned a new dramatic work, attracting visitors from around the world.</Text>
		</Row>
		<Row Tag="TXT_KEY_CITY_EVENT_AMPHITHEATER_NEW_DRAMA_CHOICE_1_SUCCESSFUL_S">
			<Text>Writers from {2_CityName} create a masterpiece.</Text>
		</Row>

		<!-- Temple Woes -->
		<Row Tag="TXT_KEY_CITY_EVENT_TEMPLE_CONCERNS">
			<Text>Trouble at the Temple</Text>
		</Row>
		<Row Tag="TXT_KEY_CITY_EVENT_TEMPLE_CONCERNS_HELP">
			<Text>Priests from the City demand that you weigh in on a religious debate. As the City grows, more and more people of different faiths are asking for use of the Temple. People of the majority faith resent this, and threaten violence if you allow nonbelievers into the Temple. Nonbelievers, however, threaten to leave if you do not let them in. What will you do?</Text>
		</Row>
		<Row Tag="TXT_KEY_CITY_EVENT_TEMPLE_CONCERNS_CHOICE_1">
			<Text>Good riddance.</Text>
		</Row>
		<Row Tag="TXT_KEY_CITY_EVENT_TEMPLE_CONCERNS_CHOICE_1_HELP">
			<Text>-1 [ICON_CITIZEN] Population in the City, and 2 turns of [ICON_RESISTANCE] Resistance. Gain {2_InstantYield}.</Text>
		</Row>
		<Row Tag="TXT_KEY_CITY_EVENT_TEMPLE_CONCERNS_CHOICE_2">
			<Text>Let them in, but make them pay for it.</Text>
		</Row>
		<Row Tag="TXT_KEY_CITY_EVENT_TEMPLE_CONCERNS_CHOICE_2_HELP">
			<Text>Temple gains +2 [ICON_GOLD] Gold and +1 [ICON_PEACE] Faith. -1 [ICON_HAPPINESS_1] Happiness in City.</Text>
		</Row>
		<Row Tag="TXT_KEY_CITY_EVENT_TEMPLE_CONCERNS_CHOICE_3">
			<Text>Reject the nonbelievers.</Text>
		</Row>
		<Row Tag="TXT_KEY_CITY_EVENT_TEMPLE_CONCERNS_CHOICE_3_HELP">
			<Text>50% chance that the Temple is destroyed. If so, the city gains +1 [ICON_PEACE] Faith and +1 [ICON_HAPPINESS_1] Happiness.</Text>
		</Row>
		<Row Tag="TXT_KEY_CITY_EVENT_TEMPLE_CONCERNS_CHOICE_3_SUCCESSFUL">
			<Text>The nonbelievers in {2_City} struck out at the Temple, burning it to the ground in protest. Your people are not shaken, however. City receives +1 [ICON_HAPPINESS_1] Happiness, and: {5_Help}</Text>
		</Row>
		<Row Tag="TXT_KEY_CITY_EVENT_TEMPLE_CONCERNS_CHOICE_3_SUCCESSFUL_S">
			<Text>Temple in {2_City} destroyed!</Text>
		</Row>

		<Row Tag="TXT_KEY_CITY_EVENT_TEMPLE_CONCERNS_CHOICE_4">
			<Text>We should think bigger.</Text>
		</Row>
		<Row Tag="TXT_KEY_CITY_EVENT_TEMPLE_CONCERNS_CHOICE_4_HELP">
			<Text>{1_YieldCost}. The Temple is destroyed, and a Grand Temple is built in its place.</Text>
		</Row>

		<!-- Lighthouse -->
		<Row Tag="TXT_KEY_CITY_EVENT_LIGHTHOUSE">
			<Text>Beacon of Hope</Text>
		</Row>
		<Row Tag="TXT_KEY_CITY_EVENT_LIGHTHOUSE_HELP">
			<Text>Fishermen in the City are concerned about the fate of the City's Lighthouse. In recent years it has fallen under disrepair, and it needs to be rebuilt. How should we deal with this?</Text>
		</Row>
		<Row Tag="TXT_KEY_CITY_EVENT_LIGHTHOUSE_CHOICE_1">
			<Text>Let private citizens manage it.</Text>
		</Row>
		<Row Tag="TXT_KEY_CITY_EVENT_LIGHTHOUSE_CHOICE_1_HELP">
			<Text>Lighthouse gains +2 [ICON_GOLD] Gold.</Text>
		</Row>
		<Row Tag="TXT_KEY_CITY_EVENT_LIGHTHOUSE_CHOICE_2">
			<Text>The city should manage it.</Text>
		</Row>
		<Row Tag="TXT_KEY_CITY_EVENT_LIGHTHOUSE_CHOICE_2_HELP">
			<Text>Lose {1_YieldCost}. The Lighthouse gains +1 [ICON_PRODUCTION] Production.</Text>
		</Row>
		<Row Tag="TXT_KEY_CITY_EVENT_LIGHTHOUSE_CHOICE_3">
			<Text>Sell off the land.</Text>
		</Row>
		<Row Tag="TXT_KEY_CITY_EVENT_LIGHTHOUSE_CHOICE_3_HELP">
			<Text>Gain {2_InstantYield}. The Lighthouse is destroyed.</Text>
		</Row>

		<!-- Hospital Overcrowding -->
		<Row Tag="TXT_KEY_CITY_EVENT_HOSPITAL_OVERCROWDING">
			<Text>Hospital Overcrowding</Text>
		</Row>
		<Row Tag="TXT_KEY_CITY_EVENT_HOSPITAL_OVERCROWDING_HELP">
			<Text>Soldiers from the front pour into this City every day, and the wards are now filled with patients. Local doctors do not know what to do with the overflow, and have petitioned your government for support. What will you do?</Text>
		</Row>
		<Row Tag="TXT_KEY_CITY_EVENT_HOSPITAL_OVERCROWDING_CHOICE_1">
			<Text>Send emergency funding.</Text>
		</Row>
		<Row Tag="TXT_KEY_CITY_EVENT_HOSPITAL_OVERCROWDING_CHOICE_1_HELP">
			<Text>For the next {5_Turns}, the City produces -5 [ICON_GOLD] Gold, but gains +1 [ICON_HAPPINESS_1] Happiness.</Text>
		</Row>
		<Row Tag="TXT_KEY_CITY_EVENT_HOSPITAL_OVERCROWDING_CHOICE_2">
			<Text>Triage is the only option.</Text>
		</Row>
		<Row Tag="TXT_KEY_CITY_EVENT_HOSPITAL_OVERCROWDING_CHOICE_2_HELP">
			<Text>Implement a triage system, saving those that we can. The City loses 1 [ICON_CITIZEN] Population.</Text>
		</Row>
		<Row Tag="TXT_KEY_CITY_EVENT_HOSPITAL_OVERCROWDING_CHOICE_3">
			<Text>This is not our problem.</Text>
		</Row>
		<Row Tag="TXT_KEY_CITY_EVENT_HOSPITAL_OVERCROWDING_CHOICE_3_HELP">
			<Text>City produces -1 Happiness permanently.</Text>
		</Row>
		<Row Tag="TXT_KEY_CITY_EVENT_HOSPITAL_OVERCROWDING_CHOICE_4">
			<Text>Set up a permanent stipend for the Hospital.</Text>
		</Row>
		<Row Tag="TXT_KEY_CITY_EVENT_HOSPITAL_OVERCROWDING_CHOICE_4_HELP">
			<Text>City produces -5 [ICON_GOLD] Gold, but gains +2 [ICON_HAPPINESS_1] Happiness permanently.</Text>
		</Row>
		<Row Tag="TXT_KEY_CITY_EVENT_HOSPITAL_OVERCROWDING_CHOICE_5">
			<Text>Send all deceased to our Research Lab.</Text>
		</Row>
		<Row Tag="TXT_KEY_CITY_EVENT_HOSPITAL_OVERCROWDING_CHOICE_5_HELP">
			<Text>50% chance that the City will experience 3 turns of [ICON_RESISTANCE] Resistance. If so, the Hospital gains +4 [ICON_RESEARCH] Science.</Text>
		</Row>
		<Row Tag="TXT_KEY_CITY_EVENT_HOSPITAL_OVERCROWDING_CHOICE_5_SUCCESSFUL">
			<Text>Cadavers were delivered to our Research Lab, however the public is outraged at our callousness.</Text>
		</Row>
		<Row Tag="TXT_KEY_CITY_EVENT_HOSPITAL_OVERCROWDING_CHOICE_5_SUCCESSFUL_S">
			<Text>Hospital science experiments discovered!</Text>
		</Row>

		<!-- Stadium -->

		<!-- Player Event -->
		<Row Tag="TXT_KEY_CITY_EVENT_STADIUM_WORLD_EVENT_CHOICE_1">
			<Text>Stadium Sellout!</Text>
		</Row>
		<Row Tag="TXT_KEY_CITY_EVENT_STADIUM_WORLD_EVENT_CHOICE_1_HELP">
			<Text>A game was held in your stadium as part of the WSO International! You gain 500 [ICON_TOURISM] Tourism with all known Civilizations, and 500 [ICON_GOLD] Gold.</Text>
		</Row>
		<!-- City Event -->
		<Row Tag="TXT_KEY_CITY_EVENT_STADIUM_LOCAL_EVENT">
			<Text>Game Day</Text>
		</Row>
		<Row Tag="TXT_KEY_CITY_EVENT_STADIUM_LOCAL_EVENT_HELP">
			<Text>The City's Stadium is preparing for game day! Unfortunately, it seems the manager misplaced his schedule, and he can't remember what kind of event is happening! What's going on here, again?</Text>
		</Row>
		<Row Tag="TXT_KEY_CITY_EVENT_STADIUM_LOCAL_EVENT_CHOICE_1">
			<Text>A skiing competition, obviously.</Text>
		</Row>
		<Row Tag="TXT_KEY_CITY_EVENT_STADIUM_LOCAL_EVENT_CHOICE_1_HELP">
			<Text>Gain 100 [ICON_GOLD] Gold and 75 [ICON_CULTURE] Culture. </Text>
		</Row>
		<Row Tag="TXT_KEY_CITY_EVENT_STADIUM_LOCAL_EVENT_CHOICE_2">
			<Text>Water sports, obviously.</Text>
		</Row>
		<Row Tag="TXT_KEY_CITY_EVENT_STADIUM_LOCAL_EVENT_CHOICE_2_HELP">
			<Text>Gain 100 [ICON_GOLD] Gold and 75 [ICON_RESEARCH] Science.</Text>
		</Row>
		<Row Tag="TXT_KEY_CITY_EVENT_STADIUM_LOCAL_EVENT_CHOICE_3">
			<Text>Pretty sure it was football. No, the American kind.</Text>
		</Row>
		<Row Tag="TXT_KEY_CITY_EVENT_STADIUM_LOCAL_EVENT_CHOICE_3_HELP">
			<Text>Gain 200 [ICON_GOLD] Gold.</Text>
		</Row>
		<Row Tag="TXT_KEY_CITY_EVENT_STADIUM_LOCAL_EVENT_CHOICE_4">
			<Text>Pretty sure it was football. Yeah, the real kind.</Text>
		</Row>
		<Row Tag="TXT_KEY_CITY_EVENT_STADIUM_LOCAL_EVENT_CHOICE_4_HELP">
			<Text>Gain 200 [ICON_GOLD] Gold.</Text>
		</Row>
		<Row Tag="TXT_KEY_CITY_EVENT_STADIUM_LOCAL_EVENT_CHOICE_5">
			<Text>A sporting event? No, it was a ceremony.</Text>
		</Row>
		<Row Tag="TXT_KEY_CITY_EVENT_STADIUM_LOCAL_EVENT_CHOICE_5_HELP">
			<Text>Gain 400 [ICON_GOLDEN_AGE] Golden Age Points.</Text>
		</Row>

		<!-- Nuclear Plant -->
		<Row Tag="TXT_KEY_CITY_EVENT_NUCLEAR_MELTDOWN_CHOICE_1">
			<Text>Nuclear meltdown!</Text>
		</Row>
		<Row Tag="TXT_KEY_CITY_EVENT_NUCLEAR_MELTDOWN_CHOICE_1_HELP">
			<Text>The worst has happened. The City's Nuclear Plant has had a meltdown, rendering vast sections of the city uninhabitable. The building is destroyed, and all other buildings in the City are at risk. The City loses 5 [ICON_CITIZEN] Population.</Text>
		</Row>


		<!-- One-shot Events -->
		<Row Tag="TXT_KEY_CITY_EVENT_DROUGHT_CHOICE_1_DESCRIPTION">
			<Text>Drought</Text>
		</Row>
		<Row Tag="TXT_KEY_CITY_EVENT_DROUGHT_CHOICE_1_HELP">
			<Text>Drought has struck the City, crippling its [ICON_FOOD] Food output. For the next {5_Turns}, Farms produce -1 [ICON_FOOD] Food.</Text>
		</Row>
		<Row Tag="TXT_KEY_CITY_EVENT_SEVERE_DROUGHT_CHOICE_1_DESCRIPTION">
			<Text>Severe Drought</Text>
		</Row>
		<Row Tag="TXT_KEY_CITY_EVENT_SEVERE_DROUGHT_CHOICE_1_HELP">
			<Text>Severe drought has struck the City, crippling its [ICON_FOOD] Food output. For the next {5_Turns}, Farms produce -1 [ICON_FOOD] Food, and a nearby Farm is pillaged.</Text>
		</Row>
		<Row Tag="TXT_KEY_CITY_EVENT_CRITICAL_DROUGHT_CHOICE_1_DESCRIPTION">
			<Text>Critical Drought</Text>
		</Row>
		<Row Tag="TXT_KEY_CITY_EVENT_CRITICAL_DROUGHT_CHOICE_1_HELP">
			<Text>Critical drought has struck the City, crippling its [ICON_FOOD] Food output. For the next {5_Turns}, Farms produce -2 [ICON_FOOD] Food, and 2 nearby Farms are pillaged.</Text>
		</Row>
		<Row Tag="TXT_KEY_CITY_EVENT_ICE_AGE_EXPOSURE_CHOICE_1_DESCRIPTION">
			<Text>Exposure</Text>
		</Row>
		<Row Tag="TXT_KEY_CITY_EVENT_ICE_AGE_EXPOSURE_CHOICE_1_HELP">
			<Text>Sub-zero temperatures have left many people in the City at risk to exposure. -1 [ICON_CITIZEN] Population in the City.</Text>
		</Row>
		<Row Tag="TXT_KEY_CITY_EVENT_ICE_AGE_NO_FUEL_CHOICE_1_DESCRIPTION">
			<Text>Fuel Shortage</Text>
		</Row>
		<Row Tag="TXT_KEY_CITY_EVENT_ICE_AGE_NO_FUEL_CHOICE_1_HELP">
			<Text>Due to extreme cold, the City is currently experiencing a fuel shortage. Further supplies have been diverted from our industries to compensate. {1_YieldCost} towards the City's current task.</Text>
		</Row>
		<Row Tag="TXT_KEY_CITY_EVENT_ICE_AGE_FROZEN_WATER_CHOICE_1_DESCRIPTION">
			<Text>Frozen Waters</Text>
		</Row>
		<Row Tag="TXT_KEY_CITY_EVENT_ICE_AGE_FROZEN_WATER_CHOICE_1_HELP">
			<Text>The city's river has frozen over, severely hampering commerce. -3 [ICON_GOLD] Gold in the City for {5_Turns}.</Text>
		</Row>
		<Row Tag="TXT_KEY_CITY_EVENT_ICE_AGE_BITTER_WINDS_CHOICE_1_DESCRIPTION">
			<Text>Bitter Winds</Text>
		</Row>
		<Row Tag="TXT_KEY_CITY_EVENT_ICE_AGE_BITTER_WINDS_CHOICE_1_HELP">
			<Text>Bitterly cold winds are severely hampering production in the lands around the City. For {5_Turns}, all Quarries, Pastures, Farms, and Lumbermills produce -1 [ICON_PRODUCTION] Production.</Text>
		</Row>

		<!-- Disasters -->
		<Row Tag="TXT_KEY_CITY_EVENT_MINE_COLLAPSE">
			<Text>Mining Accident</Text>
		</Row>
		<Row Tag="TXT_KEY_CITY_EVENT_MINE_COLLAPSE_HELP">
			<Text>A mineshaft near the City struck some kind of liquid reservoir, and has begun filling with fluid.</Text>
		</Row>
		<Row Tag="TXT_KEY_CITY_EVENT_MINE_COLLAPSE_CHOICE_1">
			<Text>Collapse the tunnels to preserve what we can.</Text>
		</Row>
		<Row Tag="TXT_KEY_CITY_EVENT_MINE_COLLAPSE_CHOICE_1_HELP">
			<Text>Bury the compromised branch of the Mine. It enters the Pillaged state.</Text>
		</Row>
		<Row Tag="TXT_KEY_CITY_EVENT_MINE_COLLAPSE_CHOICE_2">
			<Text>Reassign engineers from the City to close-off the breach with minimal loss of tunnel access.</Text>
		</Row>
		<Row Tag="TXT_KEY_CITY_EVENT_MINE_COLLAPSE_CHOICE_2_HELP">
			<Text>Delay the City's current building project by {1_YieldCost} but save the Mine.</Text>
		</Row>
		<Row Tag="TXT_KEY_CITY_EVENT_MINE_COLLAPSE_CHOICE_3">
			<Text>The fluid appears to be rich in oil. Use our ground-penetrating radar to pinpoint the reserve and begin extraction!</Text>
		</Row>
		<Row Tag="TXT_KEY_CITY_EVENT_MINE_COLLAPSE_CHOICE_3_HELP">
			<Text>Spend {1_YieldCost} to receive 1 [ICON_RES_OIL] Oil.</Text>
		</Row>
		<Row Tag="TXT_KEY_CITY_EVENT_FOREST_FIRE">
			<Text>Bearing the Smoke</Text>
		</Row>
		<Row Tag="TXT_KEY_CITY_EVENT_FOREST_FIRE_HELP">
			<Text>Underbrush in a nearby Forest has set ablaze, forcing workers out of the Forest until the fires abate.</Text>
		</Row>
		<Row Tag="TXT_KEY_CITY_EVENT_FOREST_FIRE_CHOICE_1">
			<Text>There's nothing we can do but wait this out. Those mens' lives are more important than our logging operation.</Text>
		</Row>
		<Row Tag="TXT_KEY_CITY_EVENT_FOREST_FIRE_CHOICE_1_HELP">
			<Text>Up to two Lumbermills near the City are pillaged.</Text>
		</Row>
		<Row Tag="TXT_KEY_CITY_EVENT_FOREST_FIRE_CHOICE_2">
			<Text>Send in firefighters with water and axes, protect our infrastructure at all costs!</Text>
		</Row>
		<Row Tag="TXT_KEY_CITY_EVENT_FOREST_FIRE_CHOICE_2_HELP">
			<Text>{1_YieldCost} worth of men succumb to the flames.</Text>
		</Row>
		<Row Tag="TXT_KEY_CITY_EVENT_FOREST_FIRE_CHOICE_3">
			<Text>Call in our reserve aircraft to water-bomb the fires and spread retardent fertilizer from the air.</Text>
		</Row>
		<Row Tag="TXT_KEY_CITY_EVENT_FOREST_FIRE_CHOICE_3_HELP">
			<Text>Expend {1_YieldCost}. Lush growth burgeons where the fire once raged, nearby Forests yield +1 [ICON_PRODUCTION] Production.</Text>
		</Row>
		<Row Tag="TXT_KEY_CITY_EVENT_AVALANCHE_CHOICE_1">
			<Text>Avalanche</Text>
		</Row>
		<Row Tag="TXT_KEY_CITY_EVENT_AVALANCHE_CHOICE_1_HELP">
			<Text>Snow melt from a nearby mountain has collapsed, causing a massive avalanche. Up to two Villages and two Farms near the City are pillaged.</Text>
		</Row>

		<!-- Corruption -->
		<Row Tag="TXT_KEY_CITY_EVENT_CORRUPTION">
			<Text>Local Corruption</Text>
		</Row>
		<Row Tag="TXT_KEY_CITY_EVENT_CORRUPTION_HELP">
			<Text>Administrators in this City are currently facing charges of corruption. The people are angry, and demand some semblance of justice. A scapegoat is needed. Who will you blame?</Text>
		</Row>
		<Row Tag="TXT_KEY_CITY_EVENT_CORRUPTION_CHOICE_1">
			<Text>The Minister of Agriculture is to blame.</Text>
		</Row>
		<Row Tag="TXT_KEY_CITY_EVENT_CORRUPTION_CHOICE_1_HELP">
			<Text>{3_CityYield} in the City for {5_Turns}.</Text>
		</Row>
		<Row Tag="TXT_KEY_CITY_EVENT_CORRUPTION_CHOICE_2">
			<Text>I knew the Corp of Engineers was up to no good.</Text>
		</Row>
		<Row Tag="TXT_KEY_CITY_EVENT_CORRUPTION_CHOICE_2_HELP">
			<Text>{3_CityYield} in the City for {5_Turns}.</Text>
		</Row>
		<Row Tag="TXT_KEY_CITY_EVENT_CORRUPTION_CHOICE_3">
			<Text>Someone's been stealing money from the treasury?</Text>
		</Row>
		<Row Tag="TXT_KEY_CITY_EVENT_CORRUPTION_CHOICE_3_HELP">
			<Text>{3_CityYield} in the City for {5_Turns}.</Text>
		</Row>
		<Row Tag="TXT_KEY_CITY_EVENT_CORRUPTION_CHOICE_4">
			<Text>I'll take the blame, I guess.</Text>
		</Row>
		<Row Tag="TXT_KEY_CITY_EVENT_CORRUPTION_CHOICE_4_HELP">
			<Text>-2 [ICON_HAPPINESS_1] Happiness in the City for {5_Turns}.</Text>
		</Row>

		<!-- Spoiled Food -->
		<Row Tag="TXT_KEY_CITY_EVENT_CORRUPTION_FOOD_SPOILED_CHOICE_1">
			<Text>Spoiled Food</Text>
		</Row>
		<Row Tag="TXT_KEY_CITY_EVENT_CORRUPTION_FOOD_SPOILED_CHOICE_1_HELP">
			<Text>A large portion of food in the Granary spoiled, no doubt due to mismanagement. {1_YieldCost} in the City.</Text>
		</Row>
		<!-- Bandits -->

		<Row Tag="TXT_KEY_CITY_EVENT_CORRUPTION_BANDITS_CHOICE_1">
			<Text>Bandits!</Text>
		</Row>
		<Row Tag="TXT_KEY_CITY_EVENT_CORRUPTION_BANDITS_CHOICE_1_HELP">
			<Text>Bandits assaulted your tax collectors, making off with the money! {1_YieldCost}.</Text>
		</Row>

		<!-- Good Harvest -->
		<Row Tag="TXT_KEY_CITY_EVENT_GOOD_HARVEST_CHOICE_1">
			<Text>Great Harvest</Text>
		</Row>
		<Row Tag="TXT_KEY_CITY_EVENT_GOOD_HARVEST_CHOICE_1_HELP">
			<Text>Farmers in the City report an excellent harvest this season. +{2_InstantYield} in the City.</Text>
		</Row>

		<!-- Market Day -->
		<Row Tag="TXT_KEY_CITY_EVENT_MARKET_DAY_CHOICE_1">
			<Text>Market Day</Text>
		</Row>
		<Row Tag="TXT_KEY_CITY_EVENT_MARKET_DAY_CHOICE_1_HELP">
			<Text>Market Day has begun, and the City's marketplace is filled with customers. For the next {5_Turns}, the City's Market produces +2 [ICON_GOLD] Gold.</Text>
		</Row>

		<!-- Volcano! -->
		<Row Tag="TXT_KEY_CITY_EVENT_VOLCANO_CHOICE_1">
			<Text>Eruption!</Text>
		</Row>
		<Row Tag="TXT_KEY_CITY_EVENT_VOLCANO_CHOICE_1_HELP">
			<Text>Oh no! A once-dormant mountain near the City has suddenly erupted, pouring down lava into the City and the surrounding countryside! Effects: -3 [ICON_CITIZEN] Population in the City, multiple Improvements are pillaged, and many City buildings are damaged!</Text>
		</Row>
		<Row Tag="TXT_KEY_CITY_EVENT_VOLCANO_SPECIAL_CHOICE_1">
			<Text>Krakatoa Erupts!</Text>
		</Row>
		<Row Tag="TXT_KEY_CITY_EVENT_VOLCANO_SPECIAL_CHOICE_1_HELP">
			<Text>Krakatoa has erupted! Massive plumes of ash, smoke, and lava have enveloped the nearby City and its countryside. Effects: -3 [ICON_CITIZEN] Population, Improvements are pillaged, and many Buildings are damaged!</Text>
		</Row>

		<!-- Hotel Established -->
		<Row Tag="TXT_KEY_CITY_EVENT_HOTEL_ESTABLISHED_CHOICE_1">
			<Text>Resort near Natural Wonder</Text>
		</Row>
		<Row Tag="TXT_KEY_CITY_EVENT_HOTEL_ESTABLISHED_CHOICE_1_HELP">
			<Text>As a result of the tourism generated by a nearby Natural Wonder, a business consortium decided to construct a Hotel in this City.</Text>
		</Row>

		<!-- Pestilence -->
		<Row Tag="TXT_KEY_CITY_EVENT_PESTILENCE">
			<Text>Pestilence</Text>
		</Row>
		<Row Tag="TXT_KEY_CITY_EVENT_PESTILENCE_HELP">
			<Text>Crops are found rotting in the earth. It is not clear how far the infection has spread, but a large part of the harvest has been compromised.</Text>
		</Row>
		<Row Tag="TXT_KEY_CITY_EVENT_PESTILENCE_CHOICE_1">
			<Text>Burn the blighted fields.</Text>
		</Row>
		<Row Tag="TXT_KEY_CITY_EVENT_PESTILENCE_CHOICE_1_HELP">
			<Text>The farming communities near the City are devastated. Up to two Farms near the City enter the Pillaged state.</Text>
		</Row>
		<Row Tag="TXT_KEY_CITY_EVENT_PESTILENCE_CHOICE_2">
			<Text>Attempt to replant before winter.</Text>
		</Row>
		<Row Tag="TXT_KEY_CITY_EVENT_PESTILENCE_CHOICE_2_HELP">
			<Text>Take {1_YieldCost} from the City's Granary in order to seed another set of crops and allow the region's agriculture to continue as normal.</Text>
		</Row>
		<Row Tag="TXT_KEY_CITY_EVENT_PESTILENCE_CHOICE_3">
			<Text>Design a bespoke fungicide to eradicate the disease.</Text>
		</Row>
		<Row Tag="TXT_KEY_CITY_EVENT_PESTILENCE_CHOICE_3_HELP">
			<Text>Allocate {1_YieldCost} of researchers to permanently increase the yield of nearby Farms by +1 [ICON_FOOD] Food.</Text>
		</Row>

		<!-- Flooding -->
		<Row Tag="TXT_KEY_CITY_EVENT_FLOODING">
			<Text>Floods</Text>
		</Row>
		<Row Tag="TXT_KEY_CITY_EVENT_FLOODING_HELP">
			<Text>The City's river level has risen dangerously high, threatening the City and surrounding countryside.</Text>
		</Row>
		<Row Tag="TXT_KEY_CITY_EVENT_FLOODING_CHOICE_1">
			<Text>Endure the floods.</Text>
		</Row>
		<Row Tag="TXT_KEY_CITY_EVENT_FLOODING_CHOICE_1_HELP">
			<Text>Up to 3 Farms are Pillaged, and some buildings may be destroyed as well.</Text>
		</Row>
		<Row Tag="TXT_KEY_CITY_EVENT_FLOODING_CHOICE_2">
			<Text>Send labourers to construct flood defenses.</Text>
		</Row>
		<Row Tag="TXT_KEY_CITY_EVENT_FLOODING_CHOICE_2_HELP">
			<Text>Reallocate {1_YieldCost} from the City's building project to save the farmlands, though some buildings may still be destroyed.</Text>
		</Row>
		<Row Tag="TXT_KEY_CITY_EVENT_FLOODING_CHOICE_3">
			<Text>Design a control system at the Hydro Plant to regulate the River's water level.</Text>
		</Row>
		<Row Tag="TXT_KEY_CITY_EVENT_FLOODING_CHOICE_3_HELP">
			<Text>Allocate {1_YieldCost} of researchers to permanently solve flooding in this region. Receive a boost of {4_GPChange}.</Text>
		</Row>

		<!-- Hurricane -->
		<Row Tag="TXT_KEY_CITY_EVENT_HURRICANE">
			<Text>Hurricane approaches</Text>
		</Row>
		<Row Tag="TXT_KEY_CITY_EVENT_HURRICANE_HELP">
			<Text>A hurricane looms on the horizon, and is headed straight for the City. It may or may not hit the city. If it does, expect major losses of life and property. The City's council is unsure of how to respond, and looks to you for guidance.</Text>
		</Row>
		<Row Tag="TXT_KEY_CITY_EVENT_HURRICANE_CHOICE_1">
			<Text>Evacuate the City and sandbag everything.</Text>
		</Row>
		<Row Tag="TXT_KEY_CITY_EVENT_HURRICANE_CHOICE_1_HELP">
			<Text>Lose {1_YieldCost}. The City is well-prepared for the hurricane.</Text>
		</Row>
		<Row Tag="TXT_KEY_CITY_EVENT_HURRICANE_CHOICE_2">
			<Text>Buckle down and hope for the best. There's nothing we can do.</Text>
		</Row>
		<Row Tag="TXT_KEY_CITY_EVENT_HURRICANE_CHOICE_2_HELP">
			<Text>No preparation. Good luck!</Text>
		</Row>
		<Row Tag="TXT_KEY_CITY_EVENT_HURRICANE_CHOICE_3">
			<Text>Send in the military to protect property.</Text>
		</Row>
		<Row Tag="TXT_KEY_CITY_EVENT_HURRICANE_CHOICE_3_HELP">
			<Text>Lose {1_YieldCost}. If the hurricane hits, expect large losses of life.</Text>
		</Row>
		<Row Tag="TXT_KEY_CITY_EVENT_HURRICANE_CHOICE_4">
			<Text>Send in the military to protect the populace.</Text>
		</Row>
		<Row Tag="TXT_KEY_CITY_EVENT_HURRICANE_CHOICE_4_HELP">
			<Text>Lose {1_YieldCost}. If the hurricane hits, expect major property damage.</Text>
		</Row>
		<Row Tag="TXT_KEY_CITY_EVENT_HURRICANE_CHOICE_5">
			<Text>Our river's levee will protect us from surge water!</Text>
		</Row>
		<Row Tag="TXT_KEY_CITY_EVENT_HURRICANE_CHOICE_5_HELP">
			<Text>Lose {1_YieldCost} and rely on the river's levee. If the hurricane hits, expect major property damage.</Text>
		</Row>

		<Row Tag="TXT_KEY_CITY_EVENT_HURRICANE_SUCCESSFUL_S">
			<Text>Hurricane strikes {2_City}!</Text>
		</Row>
		<Row Tag="TXT_KEY_CITY_EVENT_HURRICANE_CHOICE_1_SUCCESSFUL">
			<Text>A very powerful Hurricane struck {2_City}. Thankfully, the City was well-prepared, and was minimally damaged.</Text>
		</Row>
		<Row Tag="TXT_KEY_CITY_EVENT_HURRICANE_CHOICE_2_SUCCESSFUL">
			<Text>A very powerful Hurricane struck {2_City}. The City was not well-prepared, and was horribly damaged.</Text>
		</Row>
		<Row Tag="TXT_KEY_CITY_EVENT_HURRICANE_CHOICE_3_SUCCESSFUL">
			<Text>A very powerful Hurricane struck {2_City}. The City itself was well-protected, but the population suffers.</Text>
		</Row>
		<Row Tag="TXT_KEY_CITY_EVENT_HURRICANE_CHOICE_4_SUCCESSFUL">
			<Text>A very powerful Hurricane struck {2_City}. The City's population was well-protected, but the City itself was decimated.</Text>
		</Row>
		<Row Tag="TXT_KEY_CITY_EVENT_HURRICANE_CHOICE_5_SUCCESSFUL">
			<Text>A very powerful Hurricane struck {2_City}. The City's levee did not hold, and the City was devastated.</Text>
		</Row>

		<!-- Plague!-->
		<Row Tag="TXT_KEY_CITY_EVENT_PLAGUE_CHOICE_1">
			<Text>Plague!</Text>
		</Row>
		<Row Tag="TXT_KEY_CITY_EVENT_PLAGUE_CHOICE_1_HELP">
			<Text>Our worst fears have come true. Plague has reached the City! People lie dead in the streets, and hundreds more die every day. Effect: -15 [ICON_FOOD] Food in the City for {5_Turns}.</Text>
		</Row>

		<!-- Wanderer -->
		<Row Tag="TXT_KEY_CITY_EVENT_WANDERER">
			<Text>Mysterious Wanderer</Text>
		</Row>
		<Row Tag="TXT_KEY_CITY_EVENT_WANDERER_HELP">
			<Text>A cloaked figure lingers outside the City's Walls. When asked why he has come to the city, he hands the guard a tattered letter:[NEWLINE][NEWLINE]"I am a man of many talents, but I have no home. Mute since birth, I teach and train without words. I can offer you one of four talents in exchange for hospitality and a home."</Text>
		</Row>
		<Row Tag="TXT_KEY_CITY_EVENT_WANDERER_CHOICE_1">
			<Text>"The gift of the artist."</Text>
		</Row>
		<Row Tag="TXT_KEY_CITY_EVENT_WANDERER_CHOICE_1_HELP">
			<Text>Gain {4_GPChange} in the City.</Text>
		</Row>
		<Row Tag="TXT_KEY_CITY_EVENT_WANDERER_CHOICE_2">
			<Text>"The gift of the craftsman."</Text>
		</Row>
		<Row Tag="TXT_KEY_CITY_EVENT_WANDERER_CHOICE_2_HELP">
			<Text>Gain {4_GPChange} in the City.</Text>
		</Row>
		<Row Tag="TXT_KEY_CITY_EVENT_WANDERER_CHOICE_3">
			<Text>"The gift of the soothsayer."</Text>
		</Row>
		<Row Tag="TXT_KEY_CITY_EVENT_WANDERER_CHOICE_3_HELP">
			<Text>Gain {4_GPChange} in the City.</Text>
		</Row>
		<Row Tag="TXT_KEY_CITY_EVENT_WANDERER_CHOICE_4">
			<Text>"The gift of the trader."</Text>
		</Row>
		<Row Tag="TXT_KEY_CITY_EVENT_WANDERER_CHOICE_4_HELP">
			<Text>Gain {4_GPChange} in the City.</Text>
		</Row>

		<!-- Nomads -->
		<Row Tag="TXT_KEY_CITY_EVENT_NOMADS">
			<Text>Nomadic Incursion</Text>
		</Row>
		<Row Tag="TXT_KEY_CITY_EVENT_NOMADS_HELP">
			<Text>A group of nomadic peoples have appeared at your borders, and petition for the right to settle in your territory. They seem friendly, and are willing to negotiate in order to gain what they desire. How do you respond?</Text>
		</Row>

		<Row Tag="TXT_KEY_CITY_EVENT_NOMADS_CHOICE_1">
			<Text>Give them land, but only if they adapt to our culture.</Text>
		</Row>
		<Row Tag="TXT_KEY_CITY_EVENT_NOMADS_CHOICE_1_HELP">
			<Text>Gain {2_Instant} towards Border Growth in this City (only affects Border Growth).</Text>
		</Row>
		<Row Tag="TXT_KEY_CITY_EVENT_NOMADS_CHOICE_2">
			<Text>Drive them out, and steal whatever we can take.</Text>
		</Row>
		<Row Tag="TXT_KEY_CITY_EVENT_NOMADS_CHOICE_2_HELP">
			<Text>Receive {1_Cost}. 50% chance that two Barbarian units will spawn near the City.</Text>
		</Row>
		<Row Tag="TXT_KEY_CITY_EVENT_NOMADS_CHOICE_3">
			<Text>Invite them to settle, but only if their finest soldiers join our army.</Text>
		</Row>
		<Row Tag="TXT_KEY_CITY_EVENT_NOMADS_CHOICE_3_HELP">
			<Text>A free military Unit spawns near your City.</Text>
		</Row>
		<Row Tag="TXT_KEY_CITY_EVENT_NOMADS_CHOICE_4">
			<Text>Invite them to integrate into the City.</Text>
		</Row>
		<Row Tag="TXT_KEY_CITY_EVENT_NOMADS_CHOICE_4_HELP">
			<Text>City gains 1 [ICON_CITIZEN] Citizen.</Text>
		</Row>

		<Row Tag="TXT_KEY_CITY_EVENT_NOMADS_CHOICE_2_SUCCESSFUL">
			<Text>Your brazen actions angered the nomads, and they have declared war on you! Two Barbarian units spawn near {2_City}.</Text>
		</Row>
		<Row Tag="TXT_KEY_CITY_EVENT_NOMADS_CHOICE_2_SUCCESSFUL_S">
			<Text>Nomadic retaliation against {2_City}!</Text>
		</Row>

		<!-- Rebels -->
		<Row Tag="TXT_KEY_CITY_EVENT_OCCUPIED_REBELS">
			<Text>La Resistance</Text>
		</Row>
		<Row Tag="TXT_KEY_CITY_EVENT_OCCUPIED_REBELS_HELP">
			<Text>Threats against your rule continue to grow in the City, and your advisors are worried that it may spill over into violence. You need to root out this resistance before it grows too strong. Your options are limited, however:</Text>
		</Row>


		<Row Tag="TXT_KEY_CITY_EVENT_OCCUPIED_REBELS_CHOICE_1">
			<Text>They'll never expect the inquisition!</Text>
		</Row>
		<Row Tag="TXT_KEY_CITY_EVENT_OCCUPIED_REBELS_CHOICE_1_HELP">
			<Text>The City loses 3 [ICON_CITIZEN] Population.</Text>
		</Row>


		<Row Tag="TXT_KEY_CITY_EVENT_OCCUPIED_REBELS_CHOICE_2">
			<Text>Bait the rebels out - we'll crush them with our military power.</Text>
		</Row>
		<Row Tag="TXT_KEY_CITY_EVENT_OCCUPIED_REBELS_CHOICE_2_HELP">
			<Text>Three Rebel units spawn near the City, and the City enters [ICON_RESISTANCE] Resistance for 1 Turn.</Text>
		</Row>

		<Row Tag="TXT_KEY_CITY_EVENT_OCCUPIED_REBELS_CHOICE_3">
			<Text>Quarantine the rebels. They may take part of the city, but that's unavoidable.</Text>
		</Row>
		<Row Tag="TXT_KEY_CITY_EVENT_OCCUPIED_REBELS_CHOICE_3_HELP">
			<Text>10% chance that each building in the City will be destroyed.</Text>
		</Row>
	</Language_en_US>
</GameData>
