<?xml version="1.0" encoding="utf-8"?>
<!-- Created by ModBuddy on 3/31/2016 12:15:18 AM -->
<GameData>
	<Language_en_US>
		<!-- Event System-->
		<Row Tag="TXT_KEY_TP_HAPPINESS_EVENT">
			<Text>{1_Happiness} Happiness from Events</Text>
		</Row>
		<Row Tag="TXT_KEY_NOTIFICATION_EVENT_HAS_ENDED">
			<Text>The effects of an Event have worn off:[NEWLINE]{1_Event}</Text>
		</Row>
		<Row Tag="TXT_KEY_NOTIFICATION_EVENT_HAS_ENDED_T">
			<Text>An Event has ended.</Text>
		</Row>
		<Row Tag="TXT_KEY_NOTIFICATION_EVENT_HAS_ENDED_CITY">
			<Text>The effects of an Event in {2_City} have worn off:[NEWLINE]{1_Event}</Text>
		</Row>
		<Row Tag="TXT_KEY_NOTIFICATION_EVENT_HAS_ENDED_CITY_T">
			<Text>An Event in {1_City} has ended.</Text>
		</Row>
		<Row Tag="TXT_KEY_CANNOT_TAKE_TT">
			<Text>[COLOR_WARNING_TEXT]You cannot take this Event Choice. Either you do not meet the requirements, or its effects are still active.[ENDCOLOR]</Text>
		</Row>
		<Row Tag="TXT_KEY_NO_PLAYER_EVENTS">
			<Text>You have no active Player Event Choices</Text>
		</Row>
		<Row Tag="TXT_KEY_NO_CITY_EVENTS">
			<Text>You have no active City Event Choices</Text>
		</Row>
		<Row Tag="TXT_KEY_NO_RECENT_CITY_EVENTS">
			<Text>You have no recent City Events</Text>
		</Row>
		<Row Tag="TXT_KEY_NO_RECENT_EVENTS">
			<Text>You have no recent Events</Text>
		</Row>

		<Row Tag="TXT_KEY_RECENT_EVENT_INFORMATION">
			<Text>Player Events</Text>
		</Row>
		<Row Tag="TXT_KEY_CITY_RECENT_EVENT_INFORMATION">
			<Text>City Events</Text>
		</Row>
		<Row Tag="TXT_KEY_RECENT_EVENT_TT">
			<Text>Lists all Events that are instant effects (i.e. lacked player choice).</Text>
		</Row>
		<Row Tag="TXT_KEY_RECENT_CHOICE_TT">
			<Text>Lists all Events that required player input.</Text>
		</Row>

		<Row Tag="TXT_KEY_EVENT_CHOICE_UI">
			<Text>Your Choice:</Text>
		</Row>
		<Row Tag="TXT_KEY_EVENT_CHOICE_RESULT_UI">
			<Text>Result:</Text>
		</Row>
		<Row Tag="TXT_KEY_TP_PERMANENT">
			<Text>Permanent Effect</Text>
		</Row>
		<Row Tag="TXT_KEY_TP_BONUS">
			<Text>Instant Event</Text>
		</Row>
		<Row Tag="TXT_KEY_EVENT_CHOICE_SORT_NAME">
			<Text>Sort by Event Name</Text>
		</Row>
		<Row Tag="TXT_KEY_EVENT_CHOICE_SORT_DURATION">
			<Text>Sort by Duration</Text>
		</Row>
		<Row Tag="TXT_KEY_EVENT_CHOICE_SORT_CITY_NAME">
			<Text>Sort by City Name</Text>
		</Row>

		<Row Tag="TXT_KEY_YIELD_FROM_EVENTS">
			<Text>{1_Num} {2_IconString} from Active Events</Text>
		</Row>
		<Row Tag="TXT_KEY_CULTURE_FROM_EVENTS">
			<Text>{1_Num} [ICON_CULTURE] from Active Events</Text>
		</Row>
		<Row Tag="TXT_KEY_FAITH_FROM_EVENTS">
			<Text>{1_Num} [ICON_PEACE] from Active Events</Text>
		</Row>
		<Row Tag="TXT_KEY_BUILDING_EVENT_MODIFIER">
			<Text>{1_Num}% {2_Icon} {3_Name} from Active Events</Text>
		</Row>
		<Row Tag="TXT_KEY_HIDE">
			<Text>Hide</Text>
		</Row>
		<Row Tag="TXT_KEY_HIDE_TT">
			<Text>This hides the window, but does not dismiss the Event.</Text>
		</Row>
		<Row Tag="TXT_KEY_NOTIFICATION_EVENT_FAILED">
			<Text>'{3_Event}' did not occur. Your choice:[NEWLINE][NEWLINE]{1_EventChoice} ({2_EventChoiceHelp})</Text>
		</Row>
		<Row Tag="TXT_KEY_NOTIFICATION_EVENT_FAILED_T">
			<Text>'{1_Event}' did not occur.</Text>
		</Row>
		<Row Tag="TXT_KEY_NOTIFICATION_EVENT_FAILED_CITY">
			<Text>{4_City}: '{3_Event}' did not occur. Your choice:[NEWLINE][NEWLINE]{1_EventChoice} ({2_EventChoiceHelp})</Text>
		</Row>
		<Row Tag="TXT_KEY_NOTIFICATION_EVENT_FAILED_CITY_T">
			<Text>{2_City}: '{1_Event}' did not occur.</Text>
		</Row>
		<Row Tag="TXT_KEY_CITY_EVENT_TITLE">
			<Text>Event in {1_City}: {2_Event}</Text>
		</Row>
		<Row Tag="TXT_KEY_CITY_EVENT_HELP">
			<Text>News from [COLOR_POSITIVE_TEXT]{1_City}[ENDCOLOR]:[NEWLINE][NEWLINE]{2_Event}</Text>
		</Row>
		<Row Tag="TXT_KEY_MISC_IMPROVEMENT_DESTROYED_EVENT">
			<Text>{2_Num} {1_Improvement}(s) pillaged near {3_City} due to Event Choice!</Text>
		</Row>
		<Row Tag="TXT_KEY_MISC_BUILDING_DESTROYED_EVENT">
			<Text>{1_Building} destroyed in {2_City} due to Event Choice!</Text>
		</Row>
		<Row Tag="TXT_KEY_NOTIFICATION_SUMMARY_CHOOSE_EVENT">
			<Text>MAKE EVENT CHOICE</Text>
		</Row>
		<Row Tag="TXT_KEY_NOTIFICATION_SUMMARY_CHOOSE_EVENT_TT">
			<Text>An Event with multiple options has occurred, and awaits your decision.</Text>
		</Row>
		<Row Tag="TXT_KEY_CHOOSE_EVENT_CHOICE">
			<Text>Player Event choice required</Text>
		</Row>
		<Row Tag="TXT_KEY_CHOOSE_EVENT_CHOICE_TT">
			<Text>An Event with multiple options has occurred, and awaits your decision.</Text>
		</Row>
		<Row Tag="TXT_KEY_CHOOSE_EVENT_CHOICE_CITY">
			<Text>City Event choice required</Text>
		</Row>
		<Row Tag="TXT_KEY_CHOOSE_EVENT_CHOICE_CITY_TT">
			<Text>A City Event with multiple options has occurred, and awaits your decision.</Text>
		</Row>
		<Row Tag="TXT_KEY_POP_PLAYER_EVENTS_LOG">
			<Text>Player Events</Text>
		</Row>
		<Row Tag="TXT_KEY_POP_CITY_EVENTS_LOG">
			<Text>City Events</Text>
		</Row>
		<Row Tag="TXT_KEY_EVENT_OVERVIEW">
			<Text>Events Overview</Text>
		</Row>
		<Row Tag="TXT_KEY_PLAYER_EVENT_INFORMATION">
			<Text>Player Choices</Text>
		</Row>
		<Row Tag="TXT_KEY_CITY_EVENT_INFORMATION">
			<Text>City Choices</Text>
		</Row>
		<Row Tag="TXT_KEY_TP_TURNS_REMAINING">
			<Text>Turn(s) Remaining: {1_Num}</Text>
		</Row>
		<Row Tag="TXT_KEY_EVENT_YIELD_SCALED">
			<Text>{3_Value} {2_Icon} {1_Yield}</Text>
		</Row>
		<Row Tag="TXT_KEY_EVENT_YIELD_SCALED_SPECIALIST">
			<Text>{2_Yield} {1_Name} Points</Text>
		</Row>
		<Row Tag="TXT_KEY_EVENT_YIELD_SCALED_NOTIFICATION">
			<Text>{1_Cost}{2_Yield}{3_City}{4_Turns}</Text>
		</Row>
		<Row Tag="TXT_KEY_EVENT_YIELD_SCALED_NOTIFICATION_CITY_HEADER">
			<Text>{1_Cost}{2_Yield}{3_City}{4_GPP}{5_Turns}</Text>
		</Row>
		<Row Tag="TXT_KEY_EVENT_YIELD_SCALED_NOTIFICATION_SPENT">
			<Text>[NEWLINE]Spent: {3_Value} {2_Icon} {1_Yield}</Text>
		</Row>
		<Row Tag="TXT_KEY_EVENT_YIELD_SCALED_NOTIFICATION_INSTANT">
			<Text>[NEWLINE]Instant Yield: {3_Value} {2_Icon} {1_Yield}</Text>
		</Row>
		<Row Tag="TXT_KEY_EVENT_YIELD_SCALED_NOTIFICATION_CITY">
			<Text>[NEWLINE]{3_Value} {2_Icon} {1_Yield} per turn in City</Text>
		</Row>
		<Row Tag="TXT_KEY_EVENT_YIELD_SCALED_NOTIFICATION_GPP">
			<Text>[NEWLINE]{2_Yield} Great {1_Name} Points in City</Text>
		</Row>
		<Row Tag="TXT_KEY_EVENT_YIELD_SCALED_NOTIFICATION_TURNS">
			<Text>[NEWLINE]Lasts for: {1_Turns} Turns</Text>
		</Row>
		<Row Tag="TXT_KEY_EVENT_YIELD_DURATION">
			<Text>{1_Num} Turns</Text>
		</Row>


		<Row Tag="TXT_KEY_NEED_OTHER_PLAYER_EVENT_ACTIVE">
			<Text>[NEWLINE] [ICON_BULLET] Another Player's Events or Event Choices prohibit this choice</Text>
		</Row>
		
		<Row Tag="TXT_KEY_NEED_NEGATIVE_GPT">
			<Text>[NEWLINE] [ICON_BULLET] You must have a negative GPT</Text>
		</Row>

		<Row Tag="TXT_KEY_NEED_DEBT">
			<Text>[NEWLINE] [ICON_BULLET] You must be in debt</Text>
		</Row>

		<Row Tag="TXT_KEY_NEED_YIELDS">
			<Text>[NEWLINE] [ICON_BULLET] You lack the required Yields to make this choice</Text>
		</Row>
		
		<Row Tag="TXT_KEY_NEED_RESOURCE_LOCAL">
			<Text>[NEWLINE] [ICON_BULLET] Requires {1_Desc} Resource near City</Text>
		</Row>
		
		<Row Tag="TXT_KEY_NEED_IMPROVEMENT">
			<Text>[NEWLINE] [ICON_BULLET] Requires {1_Desc} Improvement</Text>
		</Row>
		<Row Tag="TXT_KEY_NEED_IMPROVEMENT_LOCAL">
			<Text>[NEWLINE] [ICON_BULLET] Requires {1_Desc} Improvement near City</Text>
		</Row>

		<Row Tag="TXT_KEY_NEED_BUILDING_CLASS_LOCAL">
			<Text>[NEWLINE] [ICON_BULLET] Requires {1_Desc} in City</Text>
		</Row>
		
		<Row Tag="TXT_KEY_NEED_NO_BUILDING_CLASS_LOCAL">
			<Text>[NEWLINE] [ICON_BULLET] Invalid if {1_Desc} in City</Text>
		</Row>

		<Row Tag="TXT_KEY_NEED_BUILDING_CLASS">
			<Text>[NEWLINE] [ICON_BULLET] Requires {1_Desc} in any City</Text>
		</Row>

		<Row Tag="TXT_KEY_NEED_NO_BUILDING_CLASS">
			<Text>[NEWLINE] [ICON_BULLET] Invalid if {1_Desc} in any City</Text>
		</Row>

		<Row Tag="TXT_KEY_NEED_WAR_MINOR">
			<Text>[NEWLINE] [ICON_BULLET] Must be at war with a City-State</Text>
		</Row>

		<Row Tag="TXT_KEY_NEED_TERRAIN_NEARBY">
			<Text>[NEWLINE] [ICON_BULLET] Requires {1_Desc} Terrain near City</Text>
		</Row>
		
		<Row Tag="TXT_KEY_NEED_FEATURE_NEARBY">
			<Text>[NEWLINE] [ICON_BULLET] Requires {1_Desc} Feature near City</Text>
		</Row>
		
		<Row Tag="TXT_KEY_NEED_FEATURE">
			<Text>[NEWLINE] [ICON_BULLET] Requires {1_Desc} Feature</Text>
		</Row>
		
		<Row Tag="TXT_KEY_NEED_RESOURCE">
			<Text>[NEWLINE] [ICON_BULLET] Requires {1_Desc} Resource</Text>
		</Row>

		<Row Tag="TXT_KEY_NEED_COASTAL_CITIES">
			<Text>[NEWLINE] [ICON_BULLET] Requires {1_Desc} coastal city/cities</Text>
		</Row>

		<Row Tag="TXT_KEY_NEED_BE_VASSAL">
			<Text>[NEWLINE] [ICON_BULLET] Must be a Vassal</Text>
		</Row>

		<Row Tag="TXT_KEY_NEED_VASSAL">
			<Text>[NEWLINE] [ICON_BULLET] Requires a Vassal</Text>
		</Row>

		<Row Tag="TXT_KEY_NEED_HOLY_CITY">
			<Text>[NEWLINE] [ICON_BULLET] Requires ownership of a Holy City.</Text>
		</Row>
		<Row Tag="TXT_KEY_NEED_HOLY_CITY_LOCAL">
			<Text>[NEWLINE] [ICON_BULLET] Must be a Holy City.</Text>
		</Row>

		<Row Tag="TXT_KEY_NEED_MET_OTHER_CIV">
			<Text>[NEWLINE] [ICON_BULLET] Must have met another Major Civilization</Text>
		</Row>
		
		<Row Tag="TXT_KEY_NEED_UNITCLASS_TYPE">
			<Text>[NEWLINE] [ICON_BULLET] Must have at least one {1_Desc} Unit</Text>
		</Row>

		<Row Tag="TXT_KEY_NEED_SUPER_UNHAPPY">
			<Text>[NEWLINE] [ICON_BULLET] Must be Very Unhappy</Text>
		</Row>
		
		<Row Tag="TXT_KEY_NEED_UNHAPPY">
			<Text>[NEWLINE] [ICON_BULLET] Must be Unhappy</Text>
		</Row>
		
		<Row Tag="TXT_KEY_NEED_TRADE_SLOT">
			<Text>[NEWLINE] [ICON_BULLET] Requires an available slot for a Trade Unit</Text>
		</Row>

		<Row Tag="TXT_KEY_OVER_MAX_POPULATION">
			<Text>[NEWLINE] [ICON_BULLET] City over population limit of {1_Desc}</Text>
		</Row>
		
		<Row Tag="TXT_KEY_NEED_NOT_ACTIVE_EVENT_CHOICE">
			<Text>[NEWLINE] [ICON_BULLET] Invalid due to an active Player Event Choice</Text>
		</Row>
		
		<Row Tag="TXT_KEY_NEED_NOT_ACTIVE_EVENT">
			<Text>[NEWLINE] [ICON_BULLET] Invalid due to an active Player Event</Text>
		</Row>
		
		<Row Tag="TXT_KEY_NEED_ACTIVE_EVENT_CHOICE">
			<Text>[NEWLINE] [ICON_BULLET] Requires a specific Player Event Choice to be active</Text>
		</Row>

		<Row Tag="TXT_KEY_NEED_ACTIVE_EVENT">
			<Text>[NEWLINE] [ICON_BULLET] Requires a specific Player Event to be active</Text>
		</Row>

		<Row Tag="TXT_KEY_NEED_NATURAL_WONDER">
			<Text>[NEWLINE] [ICON_BULLET] Must have a nearby Natural Wonder</Text>
		</Row>
		
		<Row Tag="TXT_KEY_NEED_MOUNTAIN">
			<Text>[NEWLINE] [ICON_BULLET] Must have a nearby Mountain</Text>
		</Row>

		<Row Tag="TXT_KEY_NEED_TRADE_CONNECTION">
			<Text>[NEWLINE] [ICON_BULLET] Must be connected by a Trade Route</Text>
		</Row>

		<Row Tag="TXT_KEY_NEED_CITY_CONNECTION">
			<Text>[NEWLINE] [ICON_BULLET] Must have a City Connection to your Capital</Text>
		</Row>

		<Row Tag="TXT_KEY_NEED_WAR_MAJOR">
			<Text>[NEWLINE] [ICON_BULLET] Must be at war with a Major Civilization</Text>
		</Row>

		<Row Tag="TXT_KEY_NEED_ANY_IDEOLOGY">
			<Text>[NEWLINE] [ICON_BULLET] Requires an Ideology</Text>
		</Row>

		<Row Tag="TXT_KEY_NEED_SPECIFIC_RELIGION">
			<Text>[NEWLINE] [ICON_BULLET] Requires adoption of {1_Desc} Religion</Text>
		</Row>
		
		<Row Tag="TXT_KEY_NEED_SPECIFIC_STATE_RELIGION">
			<Text>[NEWLINE] [ICON_BULLET] Requires adoption of {1_Desc} State Religion</Text>
		</Row>

		<Row Tag="TXT_KEY_NEED_HOLY_CITY_SPECIFIC">
			<Text>[NEWLINE] [ICON_BULLET] Requires ownership of Holy City for {1_Desc}</Text>
		</Row>
		<Row Tag="TXT_KEY_NEED_HOLY_CITY_SPECIFIC_LOCAL">
			<Text>[NEWLINE] [ICON_BULLET] Must be the Holy City for {1_Desc}</Text>
		</Row>

		<Row Tag="TXT_KEY_NEED_NO_PLAYER_MAJORITY_RELIGION">
			<Text>[NEWLINE] [ICON_BULLET] City must not follow your majority Religion</Text>
		</Row>

		<Row Tag="TXT_KEY_NEED_PLAYER_MAJORITY_RELIGION">
			<Text>[NEWLINE] [ICON_BULLET] City must follow your majority Religion</Text>
		</Row>
		
		<Row Tag="TXT_KEY_NEED_NO_PLAYER_RELIGION">
			<Text>[NEWLINE] [ICON_BULLET] City must not follow your founded/controlled Religion</Text>
		</Row>

		<Row Tag="TXT_KEY_NEED_PLAYER_RELIGION">
			<Text>[NEWLINE] [ICON_BULLET] City must follow your founded/controlled Religion</Text>
		</Row>
		
		<Row Tag="TXT_KEY_NEED_IDEOLOGY">
			<Text>[NEWLINE] [ICON_BULLET] Requires the {1_Desc} Ideology</Text>
		</Row>
		
		<Row Tag="TXT_KEY_NEED_POLICY">
			<Text>[NEWLINE] [ICON_BULLET] Requires this Policy: {1_Desc} (if name of branch, you need Finisher)</Text>
		</Row>
		
		<Row Tag="TXT_KEY_NEED_ANY_PANTHEON">
			<Text>[NEWLINE] [ICON_BULLET] Requires your dominant Religion to be a Pantheon</Text>
		</Row>
		
		<Row Tag="TXT_KEY_NEED_ANY_STATE_RELIGION">
			<Text>[NEWLINE] [ICON_BULLET] Requires a State Religion.</Text>
		</Row>
		
		<Row Tag="TXT_KEY_NEED_CIV">
			<Text>[NEWLINE] [ICON_BULLET] Only available to the {1_Desc} Civilization</Text>
		</Row>
		
		<Row Tag="TXT_KEY_NEED_POP_LOCAL">
			<Text>[NEWLINE] [ICON_BULLET] Requires minimum City population of {1_Desc}</Text>
		</Row>
		
		<Row Tag="TXT_KEY_NEED_CITIES">
			<Text>[NEWLINE] [ICON_BULLET] You need at least {1_Desc} City/Cities</Text>
		</Row>
		
		<Row Tag="TXT_KEY_NEED_POP_NATIONAL">
			<Text>[NEWLINE] [ICON_BULLET] Requires {1_Desc} National Population</Text>
		</Row>

		<Row Tag="TXT_KEY_OBSOLETE_ERA">
			<Text>[NEWLINE] [ICON_BULLET] Obsoleted by leaving the {1_Desc}</Text>
		</Row>
		
		<Row Tag="TXT_KEY_NEED_ERA">
			<Text>[NEWLINE] [ICON_BULLET] Requires you to be in at least the {1_Desc}</Text>
		</Row>
		
		<Row Tag="TXT_KEY_OBSOLETE_TECH">
			<Text>[NEWLINE] [ICON_BULLET] Obsoleted by discovery of {1_Desc} Technology</Text>
		</Row>

		<Row Tag="TXT_KEY_NEED_TECH">
			<Text>[NEWLINE] [ICON_BULLET] Requires {1_Desc} Technology</Text>
		</Row>

		<Row Tag="TXT_KEY_NEED_GARRISON">
			<Text>[NEWLINE] [ICON_BULLET] City needs a garrison</Text>
		</Row>
		
		<Row Tag="TXT_KEY_EVENT_DISABLED_LUA">
			<Text>[NEWLINE] [ICON_BULLET] Disabled for specific scenario reasons (ask Mom)</Text>
		</Row>
		
		<Row Tag="TXT_KEY_NEED_ANY_RELIGION">
			<Text>[NEWLINE] [ICON_BULLET] City must have a Religion</Text>
		</Row>

		<Row Tag="TXT_KEY_NEED_BE_OCCUPIED">
			<Text>[NEWLINE] [ICON_BULLET] City must be Occupied</Text>
		</Row>
		
		<Row Tag="TXT_KEY_NEED_BE_RAZING">
			<Text>[NEWLINE] [ICON_BULLET] City must be Razing</Text>
		</Row>
		
		<Row Tag="TXT_KEY_NEED_BE_PUPPET">
			<Text>[NEWLINE] [ICON_BULLET] City must be a Puppet</Text>
		</Row>
		
		<Row Tag="TXT_KEY_NEED_BE_WLTKD">
			<Text>[NEWLINE] [ICON_BULLET] City must be experiencing 'We Love the King Day'</Text>
		</Row>

		<Row Tag="TXT_KEY_NEED_BE_RESISTANCE">
			<Text>[NEWLINE] [ICON_BULLET] City must be in Resistance</Text>
		</Row>
	
		<Row Tag="TXT_KEY_NEED_BE_RIVER">
			<Text>[NEWLINE] [ICON_BULLET] City must be on a river</Text>
		</Row>

		<Row Tag="TXT_KEY_NEED_BE_COASTAL">
			<Text>[NEWLINE] [ICON_BULLET] City must be coastal</Text>
		</Row>

		<Row Tag="TXT_KEY_NEED_BE_CAPITAL">
			<Text>[NEWLINE] [ICON_BULLET] City must be a Capital</Text>
		</Row>
		<Row Tag="TXT_KEY_EVENT_ONESHOT">
			<Text>[NEWLINE] [ICON_BULLET] Event choice can only be chosen once per game</Text>
		</Row>
		<Row Tag="TXT_KEY_EVENT_ACTIVE">
			<Text>[NEWLINE] [ICON_BULLET] Event choice already active</Text>
		</Row>
		<Row Tag="TXT_KEY_NEED_ACTIVE_CITY_EVENT">
			<Text>[NEWLINE] [ICON_BULLET] Requires City Event that is not currently active</Text>
		</Row>
		<Row Tag="TXT_KEY_NEED_ACTIVE_CITY_EVENT_CHOICE">
			<Text>[NEWLINE] [ICON_BULLET] Requires City Event Choice that is not currently active</Text>
		</Row>
		<Row Tag="TXT_KEY_NEED_NO_ACTIVE_CITY_EVENT">
			<Text>[NEWLINE] [ICON_BULLET] Invalid Active City Event</Text>
		</Row>
		<Row Tag="TXT_KEY_NEED_NO_ACTIVE_CITY_EVENT_CHOICE">
			<Text>[NEWLINE] [ICON_BULLET] Invalid Active City Event Choice</Text>
		</Row>
		<Row Tag="TXT_KEY_NEED_NO_ACTIVE_PLAYER_EVENT">
			<Text>[NEWLINE] [ICON_BULLET] Invalid Active Player Event</Text>
		</Row>

		<Row Tag="TXT_KEY_NEED_NO_ACTIVE_PLAYER_EVENT_CHOICE">
			<Text>[NEWLINE] [ICON_BULLET] Invalid Active Player Event Choice</Text>
		</Row>

		<Row Tag="TXT_KEY_EVENT_DISABLED_REASONS_HEADER">
			<Text>[COLOR_NEGATIVE_TEXT]Choice unavailable for the following reason(s):[ENDCOLOR]</Text>
		</Row>
		
		<Row Tag="TXT_KEY_PLAYER_EVENT_NOTIFICATION">
			<Text>[COLOR_POSITIVE_TEXT]Player Event[ENDCOLOR]:[NEWLINE]</Text>
		</Row>
		<Row Tag="TXT_KEY_CITY_EVENT_NOTIFICATION">
			<Text>[COLOR_POSITIVE_TEXT]City Event[ENDCOLOR]:[NEWLINE]</Text>
		</Row>
	</Language_en_US>
</GameData>
