<?xml version="1.0" encoding="utf-8"?>
<GameData>
	<Table name="Belief_PlotYieldChanges">
		<!-- Refer to Belief_TerrainYieldChanges -->
		<Column name="BeliefType" type="text" reference="Beliefs(Type)"/>
		<Column name="PlotType" type="text" reference="Plots(Type)"/>
		<Column name="YieldType" type="integer" reference="Yields(Type)"/>
		<Column name="Yield" type="integer" default="0"/>
	</Table>

	<CustomModDbUpdates>
		<Row Name="RELIGION_PLOT_YIELDS" Value="1"/>
	</CustomModDbUpdates>
</GameData>
