<?xml version="1.0" encoding="utf-8"?>
<GameData>
	<Defines>
		<!-- Multiplicative modifier for how much more the capital is worth -->
		<Row Name="WARMONGER_THREAT_CAPITAL_CITY_PERCENT">
			<!-- Default 100 -->
			<Value>125</Value>
		</Row>
		<!-- Warmonger threat for capturing a major's city -->
		<Row Name="WARMONGER_THREAT_MAJOR_CITY_WEIGHT">
			<!-- Default 1000 -->
			<Value>200</Value>
		</Row>
		<!-- Warmonger threat for capturing a minor's city -->
		<Row Name="WARMONGER_THREAT_MINOR_CITY_WEIGHT">
			<!-- Default 1000 -->
			<!-- As a minor city will almost always be a capital, this should be the desired value divided by WARMONGER_THREAT_CAPITAL_CITY_PERCENT -->
			<Value>150</Value>
		</Row>

		<!-- Multiplicative modifier for when the bystander does know the defender, they may or may not know the attacker -->
		<Row Name="WARMONGER_THREAT_KNOWS_DEFENDER_PERCENT">
			<!-- Default 0 -->
			<Value>0</Value>
		</Row>
		<!-- Multiplicative modifier for when the bystander doesn't know the defender, but does know the attacker -->
		<Row Name="WARMONGER_THREAT_KNOWS_ATTACKER_PERCENT">
			<!-- Default 100 -->
			<Value>85</Value>
		</Row>

		<!-- Multiplicative modifier for capturing a city from someone who delared war on you -->
		<Row Name="WARMONGER_THREAT_AGGRIEVED_PERCENT">
			<!-- Default 100 -->
			<Value>90</Value>
		</Row>
		<!-- If enabled, a bystander with a DefPact with the defender will always receive the full amount of warmonger threat -->
		<Row Name="WARMONGER_THREAT_DEF_PACT_ENABLED">
			<!-- Default 0 -->
			<Value>1</Value>
		</Row>
		<!-- Multiplicative modifier for bystanders in a joint war with the attacker -->
		<!-- C is in a joint war with A against B, A captures B's city, C will get WARMONGER_THREAT_COOP_WAR_PERCENT of the warmonger threat -->
		<Row Name="WARMONGER_THREAT_COOP_WAR_PERCENT">
			<!-- Default 100 -->
			<Value>50</Value>
		</Row>

		<!-- Additive modifiers for the warmonger threat based on the bystanders approach to the attacker and defender -->
		<!-- Used twice, the warmonger value is modified UP based on C's approach to A and DOWN based on C's approach to B - the enemy of my enemy is my friend -->
		<!-- A captures B's city, C has met both A and B. If C is already hostile to A, they will hate them even more -->
		<!-- If C is hostile to B they won't care so much about what A does to their enemy -->
		<Row Name="WARMONGER_THREAT_MODIFIER_LARGE">
			<!-- Default 0 -->
			<Value>60</Value>
		</Row>
		<Row Name="WARMONGER_THREAT_MODIFIER_MEDIUM">
			<!-- Default 0 -->
			<Value>40</Value>
		</Row>
		<Row Name="WARMONGER_THREAT_MODIFIER_SMALL">
			<!-- Default 0 -->
			<Value>20</Value>
		</Row>
		<Row Name="WARMONGER_THREAT_MODIFIER_NEGATIVE_SMALL">
			<!-- Default 0 -->
			<Value>-15</Value>
		</Row>
		<Row Name="WARMONGER_THREAT_MODIFIER_NEGATIVE_MEDIUM">
			<!-- Default 0 -->
			<Value>-30</Value>
		</Row>

		<!-- If enabled, city size is taken into consideration as well as remaining cities in empire -->
		<Row Name="WARMONGER_THREAT_CITY_SIZE_ENABLED">
			<!-- Default 0 -->
			<Value>1</Value>
		</Row>

		<!-- Per turn warmonger decay -->
		<!-- Actual decay per turn is PerTurnDecay * ApproachDecayPercent / 100 -->

		<Update>
			<Where Name="WARMONGER_THREAT_PER_TURN_DECAY" />
			<Set Value="-5" />
		</Update>
		<!-- Default -5 -->
		<!--
		<Row Name="WARMONGER_THREAT_PER_TURN_DECAY">

			<Value>10</Value>
		</Row>
-->
		<Row Name="WARMONGER_THREAT_APPROACH_DECAY_LARGE">
			<!-- Default 100 -->
			<Value>225</Value>
		</Row>
		<Row Name="WARMONGER_THREAT_APPROACH_DECAY_MEDIUM">
			<!-- Default 100 -->
			<Value>150</Value>
		</Row>
		<Row Name="WARMONGER_THREAT_APPROACH_DECAY_SMALL">
			<!-- Default 100 -->
			<Value>75</Value>
		</Row>
	</Defines>
</GameData>
