<?xml version="1.0" encoding="utf-8"?>
<GameData>
	<Language_en_US>
		<Update>
			<Where Tag="TXT_KEY_GOODY_GOLD"/>
			<Set>
				<Text>In the ruins you find the treasures of an ancient empire!</Text>
			</Set>
		</Update>
		<Update>
			<Where Tag="TXT_KEY_GOODY_PROPHET_FAITH"/>
			<Set>
				<Text>You have found a secret religious community. The preacher foretells the arrival of a Great Prophet.</Text>
			</Set>
		</Update>
		<Update>
			<Where Tag="TXT_KEY_GOODY_FAITH"/>
			<Set>
				<Text>You have found an ancient oracle. The priestess has blessed you with a divine revelation.</Text>
			</Set>
		</Update>
		<Update>
			<Where Tag="TXT_KEY_GOODY_CULTURE"/>
			<Set>
				<Text>You have found cultural artifacts which awe your citizens!</Text>
			</Set>
		</Update>
		<Update>
			<Where Tag="TXT_KEY_MISC_RECEIVED_GOLD"/>
			<Set>
				<Text>[SPACE]You have received {1_Num} [ICON_GOLD] Gold!</Text>
			</Set>
		</Update>
		<Row Tag="TXT_KEY_MISC_RECEIVED_CULTURE">
			<Text>[SPACE]You have received {1_Num} [ICON_CULTURE] Culture!</Text>
		</Row>
		<Row Tag="TXT_KEY_MISC_RECEIVED_FAITH">
			<Text>[SPACE]You have received {1_Num} [ICON_PEACE] Faith!</Text>
		</Row>
	</Language_en_US>

	<CustomModDbUpdates>
		<Row Name="BUGFIX_GOODY_HUT_MESSAGES" Value="1"/>
	</CustomModDbUpdates>
</GameData>