<GameData>
	<UnitPromotions>
		<Row>
			<Type>PROMOTION_MOVE_ALL_TERRAIN</Type>
			<Description>TXT_KEY_PROMOTION_MOVE_ALL_TERRAIN</Description>
			<Help>TXT_KEY_PROMOTION_MOVE_ALL_TERRAIN_HELP</Help>
			<Sound>AS2D_IF_LEVELUP</Sound>
			<IconAtlas>ABILITY_ATLAS</IconAtlas>
			<PediaType>PEDIA_ATTRIBUTES</PediaType>
			<PortraitIndex>58</PortraitIndex>
			<PediaEntry>TXT_KEY_PROMOTION_MOVE_ALL_TERRAIN</PediaEntry>
			<CanMoveAllTerrain>true</CanMoveAllTerrain>
			<LostWithUpgrade>1</LostWithUpgrade>
		</Row>

		<Row>
			<Type>PROMOTION_LOW_FUEL</Type>
			<Description>Limited Fuel</Description>
			<Help>Loses 25 HP per turn outside of friendly territory.</Help>
			<Sound>AS2D_IF_LEVELUP</Sound>
			<CannotBeChosen>true</CannotBeChosen>
			<EnemyDamageChance>100</EnemyDamageChance>
			<EnemyDamage>25</EnemyDamage>
			<NeutralDamageChance>100</NeutralDamageChance>
			<NeutralDamage>25</NeutralDamage>
			<EnemyHealChange>-10</EnemyHealChange>
			<NeutralHealChange>-10</NeutralHealChange>
			<PortraitIndex>57</PortraitIndex>
			<IconAtlas>ABILITY_ATLAS</IconAtlas>
			<PediaType>PEDIA_ATTRIBUTES</PediaType>
			<LostWithUpgrade>1</LostWithUpgrade>
		</Row>

		<Row>
			<Type>PROMOTION_MEDIC_CARRIER</Type>
			<Description>Air and Navy Medic</Description>
			<Help>Unmoving adjacent units gain +35 HP per turn.</Help>
			<Sound>AS2D_IF_LEVELUP</Sound>
			<CannotBeChosen>true</CannotBeChosen>
			<AdjacentTileHealChange>35</AdjacentTileHealChange>
			<PortraitIndex>32</PortraitIndex>
			<IconAtlas>PROMOTION_ATLAS</IconAtlas>
			<PediaType>PEDIA_HEAL</PediaType>
		</Row>

		<Row>
			<Type>PROMOTION_WEAK_VS_AIR</Type>
			<Description>Weak vs. Air Units</Description>
			<Help>Takes extra damage when fighting hover units.</Help>
			<Sound>AS2D_IF_LEVELUP</Sound>
			<CannotBeChosen>true</CannotBeChosen>
			<PortraitIndex>57</PortraitIndex>
			<IconAtlas>ABILITY_ATLAS</IconAtlas>
			<PediaType>PEDIA_ATTRIBUTES</PediaType>
		</Row>
	</UnitPromotions>

	<UnitPromotions_Domains>
		<Row>
			<PromotionType>PROMOTION_WEAK_VS_AIR</PromotionType>
			<DomainType>DOMAIN_HOVER</DomainType>
			<Modifier>-100</Modifier>
		</Row>
	</UnitPromotions_Domains>

	<UnitPromotions_UnitCombats>
		<Delete UnitCombatType="UNITCOMBAT_HELICOPTER" PromotionType="PROMOTION_EMBARKATION"/>
		<Delete UnitCombatType="UNITCOMBAT_HELICOPTER" PromotionType="PROMOTION_DEFENSIVE_EMBARKATION"/>
		<Delete UnitCombatType="UNITCOMBAT_HELICOPTER" PromotionType="PROMOTION_ALLWATER_EMBARKATION"/>
	</UnitPromotions_UnitCombats>

	<Unit_FreePromotions>
		<Row>
			<UnitType>UNIT_HELICOPTER_GUNSHIP</UnitType>
			<PromotionType>PROMOTION_MOVE_ALL_TERRAIN</PromotionType>
		</Row>

		<Row>
			<UnitType>UNIT_HELICOPTER_GUNSHIP</UnitType>
			<PromotionType>PROMOTION_LOW_FUEL</PromotionType>
		</Row>

		<Row>
			<UnitType>UNIT_CARRIER</UnitType>
			<PromotionType>PROMOTION_MEDIC_CARRIER</PromotionType>
		</Row>

		<Row>
			<UnitType>UNIT_SUBMARINE</UnitType>
			<PromotionType>PROMOTION_WEAK_VS_AIR</PromotionType>
		</Row>

		<Row>
			<UnitType>UNIT_NUCLEAR_SUBMARINE</UnitType>
			<PromotionType>PROMOTION_WEAK_VS_AIR</PromotionType>
		</Row>
	</Unit_FreePromotions>
</GameData>