<?xml version="1.0" encoding="utf-8"?>
<GameData>
	<Table name="DiploModifiers">
		<Column name="ID" type="integer" primarykey="true" autoincrement="true"/>
		<Column name="Type" type="text" notnull="true" unique="true"/>
		<Column name="Description" type="text" notnull="true"/>
		<Column name="FromCivilizationType" type="text" reference="Civilizations(Type)" default="NULL"/>
		<Column name="ToCivilizationType" type="text" reference="Civilizations(Type)" default="NULL"/>
	</Table>

	<CustomModDbUpdates>
		<Row Name="EVENTS_DIPLO_MODIFIERS" Value="1"/>
	</CustomModDbUpdates>
</GameData>