<?xml version="1.0" encoding="utf-8"?>
<!-- DO NOT DELETE THIS FILE!!! -->
<GameData>
	<!-- See also: PlotYields.xml -->
	
	<Table name="GreatPersons">
		<Column name="ID" type="integer" primarykey="true" autoincrement="true"/>
		<Column name="Type" type="text" notnull="true" unique="true"/>
		<Column name="Description" type="text" reference="Language_en_US(Tag)"/>
		<Column name="Class" type="text" reference="UnitClasses(Type)" notnull="true"/>
		<Column name="Specialist" type="text" reference="Specialists(Type)" default="NULL"/>
		<Column name="IconString" type="text" default="[ICON_GREAT_PEOPLE]"/>
	</Table>
	
	<Table name="Belief_CapitalYieldChanges">
		<!-- Refer to Policy_CapitalYieldChanges -->
		<Column name="BeliefType" type="text" reference="Beliefs(Type)"/>
		<Column name="YieldType" type="text" reference="Yields(Type)"/>
		<Column name="Yield" type="integer" notnull="true"/>
	</Table>
	<Table name="Belief_CityYieldFromUnimprovedFeature">
		<!-- Refer to Traits.FaithFromUnimprovedForest -->
		<Column name="BeliefType" type="text" reference="Beliefs(Type)"/>
		<Column name="FeatureType" type="text" reference="Features(Type)"/>
		<Column name="YieldType" type="integer" reference="Yields(Type)"/>
		<Column name="Yield" type="integer" default="0"/>
	</Table>
	<Table name="Belief_CoastalCityYieldChanges">
		<!-- Refer to Policy_CoastalCityYieldChanges -->
		<Column name="BeliefType" type="text" reference="Beliefs(Type)"/>
		<Column name="YieldType" type="text" reference="Yields(Type)"/>
		<Column name="Yield" type="integer" notnull="true"/>
	</Table>
	<Table name="Belief_GreatPersonExpendedYield">
		<!-- Refer to Beliefs.GreatPersonExpendedFaith -->
		<Column name="BeliefType" type="text" reference="Beliefs(Type)"/>
		<Column name="GreatPersonType" type="text" reference="GreatPersons(Type)"/>
		<Column name="YieldType" type="text" reference="Yields(Type)"/>
		<Column name="Yield" type="integer"/>
	</Table>
	<Table name="Belief_GreatWorkYieldChanges">
		<!-- Refer to Policy_GreatWorkYieldChanges -->
		<Column name="BeliefType" type="text" reference="Beliefs(Type)"/>
		<Column name="YieldType" type="text" reference="Yields(Type)"/>
		<Column name="Yield" type="integer" notnull="true"/>
	</Table>
	<Table name="Belief_SpecialistYieldChanges">
		<!-- Refer to Trait_SpecialistYieldChanges -->
		<Column name="BeliefType" type="text" reference="Beliefs(Type)"/>
		<Column name="SpecialistType" type="text" reference="Specialists(Type)"/>
		<Column name="YieldType" type="text" reference="Yields(Type)"/>
		<Column name="Yield" type="integer"/>
	</Table>
	<Table name="Belief_TradeRouteYieldChange">
		<!-- Refer to Policies.Land/SeaTradeRouteGoldChange -->
		<Column name="BeliefType" type="text" reference="Beliefs(Type)"/>
		<Column name="DomainType" type="text" reference="Domains(Type)"/>
		<Column name="YieldType" type="integer" reference="Yields(Type)"/>
		<Column name="Yield" type="integer" default="0"/>
	</Table>
	<Table name="Belief_UnimprovedFeatureYieldChanges">
		<!-- Refer to Trait_UnimprovedFeatureYieldChanges -->
		<Column name="BeliefType" type="text" reference="Beliefs(Type)"/>
		<Column name="FeatureType" type="text" reference="Features(Type)"/>
		<Column name="YieldType" type="text" reference="Yields(Type)"/>
		<Column name="Yield" type="integer"/>
	</Table>
	<Table name="Belief_YieldFromBarbarianKills">
		<!-- Refer to Policies.CultureFromBarbarianKills, Yield is percentage of combat str of killed unit -->
		<Column name="BeliefType" type="text" reference="Beliefs(Type)"/>
		<Column name="YieldType" type="text" reference="Yields(Type)"/>
		<Column name="Yield" type="integer"/>
	</Table>
	<Table name="Belief_YieldFromKills">
		<!-- Refer to Beliefs/Traits.FaithFromKills, Policies/Traits.CultureFromKills, Units.GoldenAgeValueFromKills and Unit_YieldFromKills, Yield is percentage of combat str of killed unit -->
		<Column name="BeliefType" type="text" reference="Beliefs(Type)"/>
		<Column name="YieldType" type="text" reference="Yields(Type)"/>
		<Column name="Yield" type="integer"/>
	</Table>
	<Table name="Belief_YieldPerFollowingCity">
		<!-- Refer to Beliefs.GoldPerFollowingCity -->
		<Column name="BeliefType" type="text" reference="Beliefs(Type)"/>
		<Column name="YieldType" type="text" reference="Yields(Type)"/>
		<Column name="Yield" type="integer"/>
	</Table>
	<Table name="Belief_LakePlotYield">
		<Column name="BeliefType" type="text" reference="Beliefs(Type)"/>
		<Column name="YieldType" type="text" reference="Yields(Type)"/>
		<Column name="Yield" type="integer"/>
	</Table>
	<Table name="Belief_YieldPerOtherReligionFollower">
		<!-- Refer to Beliefs.SciencePerOtherReligionFollower -->
		<Column name="BeliefType" type="text" reference="Beliefs(Type)"/>
		<Column name="YieldType" type="text" reference="Yields(Type)"/>
		<Column name="Yield" type="integer"/>
	</Table>
	<Table name="Belief_YieldPerXFollowers">
		<!-- Refer to Beliefs.GoldPerXFollowers -->
		<Column name="BeliefType" type="text" reference="Beliefs(Type)"/>
		<Column name="YieldType" type="text" reference="Yields(Type)"/>
		<Column name="PerXFollowers" type="integer"/>
	</Table>
	
	<Table name="Feature_CoastalLandYields">
		<!-- Refer to Improvement_CoastalLandYields -->
		<Column name="FeatureType" type="text" reference="Features(Type)"/>
		<Column name="YieldType" type="text" reference="Yields(Type)"/>
		<Column name="Yield" type="integer"/>
	</Table>
	<Table name="Feature_FreshWaterYields">
		<!-- Refer to Improvement_FreshWaterYields -->
		<Column name="FeatureType" type="text" reference="Features(Type)"/>
		<Column name="YieldType" type="text" reference="Yields(Type)"/>
		<Column name="Yield" type="integer"/>
	</Table>
	<Table name="Feature_TechYieldChanges">
		<!-- Refer to Improvement_TechYieldChanges -->
		<Column name="FeatureType" type="text" reference="Features(Type)"/>
		<Column name="TechType" type="text" reference="Technologies(Type)"/>
		<Column name="YieldType" type="text" reference="Yields(Type)"/>
		<Column name="Yield" type="integer"/>
	</Table>
	
	<Table name="Improvement_YieldAdjacentSameType">
		<!-- Refer to Improvements.CultureAdjacentSameType -->
		<Column name="ImprovementType" type="text" reference="Improvements(Type)"/>
		<Column name="YieldType" type="text" reference="Yields(Type)"/>
		<Column name="Yield" type="integer" default="0"/>
	</Table>
	<Table name="Improvement_YieldAdjacentTwoSameType">
		<!-- Refer to Improvements.CultureAdjacentSameType -->
		<Column name="ImprovementType" type="text" reference="Improvements(Type)"/>
		<Column name="YieldType" type="text" reference="Yields(Type)"/>
		<Column name="Yield" type="integer" default="0"/>
	</Table>

	<Table name="Policy_CityYieldFromUnimprovedFeature">
		<!-- Refer to Traits.FaithFromUnimprovedForest -->
		<Column name="PolicyType" type="text" reference="Policies(Type)"/>
		<Column name="FeatureType" type="text" reference="Features(Type)"/>
		<Column name="YieldType" type="integer" reference="Yields(Type)"/>
		<Column name="Yield" type="integer" default="0"/>
	</Table>
	<Table name="Policy_FeatureYieldChanges">
		<!-- Refer to Belief_FeatureYieldChanges -->
		<Column name="PolicyType" type="text" reference="Policies(Type)"/>
		<Column name="FeatureType" type="text" reference="Features(Type)"/>
		<Column name="YieldType" type="integer" reference="Yields(Type)"/>
		<Column name="Yield" type="integer" default="0"/>
	</Table>
	<Table name="Policy_GreatPersonExpendedYield">
		<!-- Refer to Beliefs.GreatPersonExpendedFaith -->
		<Column name="PolicyType" type="text" reference="Policies(Type)"/>
		<Column name="GreatPersonType" type="text" reference="GreatPersons(Type)"/>
		<Column name="YieldType" type="text" reference="Yields(Type)"/>
		<Column name="Yield" type="integer"/>
	</Table>
	<Table name="Policy_ResourceYieldChanges">
		<!-- Refer to Belief_ResourceYieldChanges -->
		<Column name="PolicyType" type="text" reference="Policies(Type)"/>
		<Column name="ResourceType" type="text" reference="Resources(Type)"/>
		<Column name="YieldType" type="integer" reference="Yields(Type)"/>
		<Column name="Yield" type="integer" default="0"/>
	</Table>
	<Table name="Policy_SpecialistYieldChanges">
		<!-- Refer to Trait_SpecialistYieldChanges -->
		<Column name="PolicyType" type="text" reference="Policies(Type)"/>
		<Column name="SpecialistType" type="text" reference="Specialists(Type)"/>
		<Column name="YieldType" type="text" reference="Yields(Type)"/>
		<Column name="Yield" type="integer"/>
	</Table>
	<Table name="Policy_TerrainYieldChanges">
		<!-- Refer to Belief_TerrainYieldChanges -->
		<Column name="PolicyType" type="text" reference="Policies(Type)"/>
		<Column name="TerrainType" type="text" reference="Terrains(Type)"/>
		<Column name="YieldType" type="text" reference="Yields(Type)"/>
		<Column name="Yield" type="integer" default="0"/>
	</Table>
	<Table name="Policy_TradeRouteYieldChange">
		<!-- Refer to Policies.Land/SeaTradeRouteGoldChange -->
		<Column name="PolicyType" type="text" reference="Policies(Type)"/>
		<Column name="DomainType" type="text" reference="Domains(Type)"/>
		<Column name="YieldType" type="integer" reference="Yields(Type)"/>
		<Column name="Yield" type="integer" default="0"/>
	</Table>
	<Table name="Policy_UnimprovedFeatureYieldChanges">
		<!-- Refer to Trait_UnimprovedFeatureYieldChanges -->
		<Column name="PolicyType" type="text" reference="Policies(Type)"/>
		<Column name="FeatureType" type="text" reference="Features(Type)"/>
		<Column name="YieldType" type="text" reference="Yields(Type)"/>
		<Column name="Yield" type="integer"/>
	</Table>
	<Table name="Policy_YieldChangesNaturalWonder">
		<!-- Refer to Belief_YieldChangeNaturalWonder and Trait_YieldChangesNaturalWonder -->
		<Column name="PolicyType" type="text" reference="Policies(Type)"/>
		<Column name="YieldType" type="integer" reference="Yields(Type)"/>
		<Column name="Yield" type="integer" default="0"/>
	</Table>
	<Table name="Policy_YieldChangeTradeRoute">
		<!-- Refer to Belief_YieldChangeTradeRoute -->
		<Column name="PolicyType" type="text" reference="Policies(Type)"/>
		<Column name="YieldType" type="integer" reference="Yields(Type)"/>
		<Column name="Yield" type="integer" default="0"/>
	</Table>
	<Table name="Policy_YieldChangeWorldWonder">
		<!-- Refer to Belief_YieldChangeWorldWonder -->
		<Column name="PolicyType" type="text" reference="Policies(Type)"/>
		<Column name="YieldType" type="integer" reference="Yields(Type)"/>
		<Column name="Yield" type="integer" default="0"/>
	</Table>
	<Table name="Policy_YieldFromMinorDemand">
		<Column name="PolicyType" type="text" reference="Policies(Type)"/>
		<Column name="YieldType" type="integer" reference="Yields(Type)"/>
		<Column name="Yield" type="integer" default="0"/>
	</Table>
	<Table name="Policy_YieldFromBarbarianKills">
		<!-- Refer to Policies.CultureFromBarbarianKills, Yield is percentage of combat str of killed unit -->
		<Column name="PolicyType" type="text" reference="Policies(Type)"/>
		<Column name="YieldType" type="text" reference="Yields(Type)"/>
		<Column name="Yield" type="integer"/>
	</Table>
	<Table name="Policy_YieldFromKills">
		<!-- Refer to Beliefs/Traits.FaithFromKills, Policies/Traits.CultureFromKills, Units.GoldenAgeValueFromKills and Unit_YieldFromKills, Yield is percentage of combat str of killed unit -->
		<Column name="PolicyType" type="text" reference="Policies(Type)"/>
		<Column name="YieldType" type="text" reference="Yields(Type)"/>
		<Column name="Yield" type="integer"/>
	</Table>

	<Table name="Terrain_CoastalLandYields">
		<!-- Refer to Improvement_CoastalLandYields -->
		<Column name="TerrainType" type="text" reference="Terrains(Type)"/>
		<Column name="YieldType" type="text" reference="Yields(Type)"/>
		<Column name="Yield" type="integer" default="0"/>
	</Table>
	<Table name="Terrain_FreshWaterYields">
		<!-- Refer to Improvement_FreshWaterYields -->
		<Column name="TerrainType" type="text" reference="Terrains(Type)"/>
		<Column name="YieldType" type="text" reference="Yields(Type)"/>
		<Column name="Yield" type="integer" default="0"/>
	</Table>
	<Table name="Terrain_TechYieldChanges">
		<!-- Refer to Improvement_TechYieldChanges -->
		<Column name="TerrainType" type="text" reference="Terrains(Type)"/>
		<Column name="TechType" type="text" reference="Technologies(Type)"/>
		<Column name="YieldType" type="text" reference="Yields(Type)"/>
		<Column name="Yield" type="integer"/>
	</Table>

	<Table name="Trait_BuildingClassYieldChanges">
		<!-- Refer to Belief_BuildingClassYieldChanges and Policy_BuildingClassYieldChanges -->
		<Column name="TraitType" type="text" reference="Traits(Type)"/>
		<Column name="BuildingClassType" type="text" reference="BuildingClasses(Type)"/>
		<Column name="YieldType" type="integer" reference="Yields(Type)"/>
		<Column name="YieldChange" type="integer" default="0"/>
	</Table>
	<Table name="Trait_CapitalYieldChanges">
		<!-- Refer to Policy_CapitalYieldChanges -->
		<Column name="TraitType" type="text" reference="Traits(Type)"/>
		<Column name="YieldType" type="text" reference="Yields(Type)"/>
		<Column name="Yield" type="integer" notnull="true"/>
	</Table>
	<Table name="Trait_CityYieldChanges">
		<!-- Refer to Belief_CityYieldChanges and Policy_CityYieldChanges  -->
		<Column name="TraitType" type="text" reference="Traits(Type)"/>
		<Column name="YieldType" type="text" reference="Yields(Type)"/>
		<Column name="Yield" type="integer" notnull="true"/>
	</Table>
	<Table name="Trait_CityYieldFromUnimprovedFeature">
		<!-- Refer to Traits.FaithFromUnimprovedForest -->
		<Column name="TraitType" type="text" reference="Traits(Type)"/>
		<Column name="FeatureType" type="text" reference="Features(Type)"/>
		<Column name="YieldType" type="integer" reference="Yields(Type)"/>
		<Column name="Yield" type="integer" default="0"/>
	</Table>
	<Table name="Trait_CoastalCityYieldChanges">
		<!-- Refer to Policy_CoastalCityYieldChanges -->
		<Column name="TraitType" type="text" reference="Traits(Type)"/>
		<Column name="YieldType" type="text" reference="Yields(Type)"/>
		<Column name="Yield" type="integer" notnull="true"/>
	</Table>
	<Table name="Trait_FeatureYieldChanges">
		<!-- Refer to Belief_FeatureYieldChanges -->
		<Column name="TraitType" type="text" reference="Traits(Type)"/>
		<Column name="FeatureType" type="text" reference="Features(Type)"/>
		<Column name="YieldType" type="integer" reference="Yields(Type)"/>
		<Column name="Yield" type="integer" default="0"/>
	</Table>
	<Table name="Trait_GreatPersonExpendedYield">
		<!-- Refer to Beliefs.GreatPersonExpendedFaith -->
		<Column name="TraitType" type="text" reference="Traits(Type)"/>
		<Column name="GreatPersonType" type="text" reference="GreatPersons(Type)"/>
		<Column name="YieldType" type="text" reference="Yields(Type)"/>
		<Column name="Yield" type="integer"/>
	</Table>
	<Table name="Trait_GreatPersonBornYield">
		<Column name="TraitType" type="text" reference="Traits(Type)"/>
		<Column name="GreatPersonType" type="text" reference="GreatPersons(Type)"/>
		<Column name="YieldType" type="text" reference="Yields(Type)"/>
		<Column name="Yield" type="integer"/>
	</Table>
	<Table name="Trait_GoldenAgeFromGreatPersonBirth">
		<!-- Triggers a golden age of the specified number of turns (before modifiers) when the specified great person type is born, does not increase cost of the next GA -->
		<Column name="TraitType" type="text" reference="Traits(Type)"/>
		<Column name="GreatPersonType" type="text" reference="GreatPersons(Type)"/>
		<Column name="GoldenAgeTurns" type="integer"/>
	</Table>
	<Table name="Trait_GreatWorkYieldChanges">
		<!-- Refer to Policy_GreatWorkYieldChanges -->
		<Column name="TraitType" type="text" reference="Traits(Type)"/>
		<Column name="YieldType" type="text" reference="Yields(Type)"/>
		<Column name="Yield" type="integer" notnull="true"/>
	</Table>
	<Table name="Trait_ArtifactYieldChanges">
		<!-- Refer to Policy_GreatWorkYieldChanges -->
		<Column name="TraitType" type="text" reference="Traits(Type)"/>
		<Column name="YieldType" type="text" reference="Yields(Type)"/>
		<Column name="Yield" type="integer" notnull="true"/>
	</Table>
	<Table name="Trait_ArtYieldChanges">
		<!-- Refer to Policy_GreatWorkYieldChanges -->
		<Column name="TraitType" type="text" reference="Traits(Type)"/>
		<Column name="YieldType" type="text" reference="Yields(Type)"/>
		<Column name="Yield" type="integer" notnull="true"/>
	</Table>
	<Table name="Trait_LitYieldChanges">
		<!-- Refer to Policy_GreatWorkYieldChanges -->
		<Column name="TraitType" type="text" reference="Traits(Type)"/>
		<Column name="YieldType" type="text" reference="Yields(Type)"/>
		<Column name="Yield" type="integer" notnull="true"/>
	</Table>
	<Table name="Trait_MusicYieldChanges">
		<!-- Refer to Policy_GreatWorkYieldChanges -->
		<Column name="TraitType" type="text" reference="Traits(Type)"/>
		<Column name="YieldType" type="text" reference="Yields(Type)"/>
		<Column name="Yield" type="integer" notnull="true"/>
	</Table>
	<Table name="Trait_ResourceYieldChanges">
		<!-- Refer to Belief_ResourceYieldChanges -->
		<Column name="TraitType" type="text" reference="Traits(Type)"/>
		<Column name="ResourceType" type="text" reference="Resources(Type)"/>
		<Column name="YieldType" type="integer" reference="Yields(Type)"/>
		<Column name="Yield" type="integer" default="0"/>
	</Table>
	<Table name="Trait_TerrainYieldChanges">
		<!-- Refer to Belief_TerrainYieldChanges -->
		<Column name="TraitType" type="text" reference="Traits(Type)"/>
		<Column name="TerrainType" type="text" reference="Terrains(Type)"/>
		<Column name="YieldType" type="text" reference="Yields(Type)"/>
		<Column name="Yield" type="integer" default="0"/>
	</Table>
	<Table name="Trait_TradeRouteYieldChange">
		<!-- Refer to Policies.Land/SeaTradeRouteGoldChange -->
		<Column name="TraitType" type="text" reference="Traits(Type)"/>
		<Column name="DomainType" type="text" reference="Domains(Type)"/>
		<Column name="YieldType" type="integer" reference="Yields(Type)"/>
		<Column name="Yield" type="integer" default="0"/>
	</Table>
	<Table name="Trait_YieldChangeTradeRoute">
		<!-- Refer to Belief_YieldChangeTradeRoute -->
		<Column name="TraitType" type="text" reference="Traits(Type)"/>
		<Column name="YieldType" type="integer" reference="Yields(Type)"/>
		<Column name="Yield" type="integer" default="0"/>
	</Table>
	<Table name="Trait_YieldChangeWorldWonder">
		<!-- Refer to Belief_YieldChangeWorldWonder -->
		<Column name="TraitType" type="text" reference="Traits(Type)"/>
		<Column name="YieldType" type="integer" reference="Yields(Type)"/>
		<Column name="Yield" type="integer" default="0"/>
	</Table>
	<Table name="Trait_YieldFromBarbarianKills">
		<!-- Refer to Policies.CultureFromBarbarianKills, Yield is percentage of combat str of killed unit -->
		<Column name="TraitType" type="text" reference="Traits(Type)"/>
		<Column name="YieldType" type="text" reference="Yields(Type)"/>
		<Column name="Yield" type="integer"/>
	</Table>
	<Table name="Trait_YieldFromKills">
		<!-- Refer to Beliefs/Traits.FaithFromKills, Policies/Traits.CultureFromKills, Units.GoldenAgeValueFromKills and Unit_YieldFromKills, Yield is percentage of combat str of killed unit -->
		<Column name="TraitType" type="text" reference="Traits(Type)"/>
		<Column name="YieldType" type="text" reference="Yields(Type)"/>
		<Column name="Yield" type="integer"/>
	</Table>

	<Table name="Unit_YieldFromBarbarianKills">
		<!-- Refer to Policies.CultureFromBarbarianKills, Yield is percentage of combat str of killed unit -->
		<Column name="UnitType" type="text" reference="Units(Type)"/>
		<Column name="YieldType" type="text" reference="Yields(Type)"/>
		<Column name="Yield" type="integer"/>
	</Table>

	<Table name="UnitPromotions_YieldFromBarbarianKills">
		<!-- Refer to Policies.CultureFromBarbarianKills, Yield is percentage of combat str of killed unit -->
		<Column name="PromotionType" type="text" reference="UnitPromotions(Type)"/>
		<Column name="YieldType" type="text" reference="Yields(Type)"/>
		<Column name="Yield" type="integer"/>
	</Table>
	<Table name="UnitPromotions_YieldFromKills">
		<!-- Refer to Beliefs/Traits.FaithFromKills, Policies/Traits.CultureFromKills, Units.GoldenAgeValueFromKills and Unit_YieldFromKills, Yield is percentage of combat str of killed unit -->
		<Column name="PromotionType" type="text" reference="UnitPromotions(Type)"/>
		<Column name="YieldType" type="text" reference="Yields(Type)"/>
		<Column name="Yield" type="integer"/>
	</Table>

	<!-- Not yield related, but done at the same time, so they live here -->
	<Table name="Belief_GoldenAgeGreatPersonRateModifier">
		<!-- Refer to Traits.GoldenAgeGreatArtist/Muscian/WriterRateModifier -->
		<Column name="BeliefType" type="text" reference="Beliefs(Type)"/>
		<Column name="GreatPersonType" type="text" reference="GreatPersons(Type)"/>
		<Column name="Modifier" type="integer"/>
	</Table>

	<!-- Capital Only -->
	<Table name="Belief_GreatPersonPoints">
		<!-- Refer to Traits.GoldenAgeGreatArtist/Muscian/WriterRateModifier -->
		<Column name="BeliefType" type="text" reference="Beliefs(Type)"/>
		<Column name="GreatPersonType" type="text" reference="GreatPersons(Type)"/>
		<Column name="Value" type="integer"/>
	</Table>

	<!-- Reduce cost of GPs, including prophets and GG/GA. Negative = better!-->
	<Table name="Trait_GreatPersonCostReduction">
		<Column name="TraitType" type="text" reference="Traits(Type)"/>
		<Column name="GreatPersonType" type="text" reference="GreatPersons(Type)"/>
		<Column name="Modifier" type="integer"/>
	</Table>

	<Table name="Policy_GoldenAgeGreatPersonRateModifier">
		<!-- Refer to Traits.GoldenAgeGreatArtist/Muscian/WriterRateModifier -->
		<Column name="PolicyType" type="text" reference="Policies(Type)"/>
		<Column name="GreatPersonType" type="text" reference="GreatPersons(Type)"/>
		<Column name="Modifier" type="integer"/>
	</Table>
	<Table name="Trait_GoldenAgeGreatPersonRateModifier">
		<!-- Refer to Traits.GoldenAgeGreatArtist/Muscian/WriterRateModifier -->
		<Column name="TraitType" type="text" reference="Traits(Type)"/>
		<Column name="GreatPersonType" type="text" reference="GreatPersons(Type)"/>
		<Column name="Modifier" type="integer"/>
	</Table>
	<Table name="Trait_PerPuppetGreatPersonRateModifier">
		<!-- TRAIT: Every owned puppet increases specific GP rate by x percent. -->
		<Column name="TraitType" type="text" reference="Traits(Type)"/>
		<Column name="GreatPersonType" type="text" reference="GreatPersons(Type)"/>
		<Column name="Modifier" type="integer"/>
	</Table>
	<Table name="Trait_GreatPersonBirthGWAM">
		<!-- TRAIT: Birth of a Great Person increases all GWAM in Capital by a % of value needed for next GWAM. -->
		<Column name="TraitType" type="text" reference="Traits(Type)"/>
		<Column name="GreatPersonType" type="text" reference="GreatPersons(Type)"/>
		<Column name="Value" type="integer"/>
	</Table>
	<Table name="Trait_GreatPersonProgressFromPolicyUnlock">
		<!-- TRAIT: Great Person progress in the capital when a policy is unlocked-->
		<Column name="TraitType" type="text" reference="Traits(Type)"/>
		<Column name="GreatPersonType" type="text" reference="GreatPersons(Type)"/>
		<Column name="Value" type="integer" default="0"/>
	</Table>
	<Table name="Trait_SeaPlotYieldChanges">
		<!-- TRAIT: Trait counterpart to Building_SeaPlotYieldChanges -->
		<Column name="TraitType" type="text" reference="Traits(Type)"/>
		<Column name="YieldType" type="text" reference="Yields(Type)"/>
		<Column name="Yield" type="integer"/>
	</Table>
	<Table name="Building_GreatPersonProgressFromConstruction">
		<!-- BUILDING: Great Person progress in the city when a building is contructed. Bonus only granted if the constructed building at least the same era as the stated era. -->
		<Column name="BuildingType" type="text" reference="Buildings(Type)"/>
		<Column name="GreatPersonType" type="text" reference="GreatPersons(Type)"/>
		<Column name="EraType" type="text" reference="Eras(Type)" default="ERA_ANCIENT"/>
		<Column name="Value" type="integer" default="0"/>
	</Table>
	<GreatPersons>
		<Row>
			<ID>0</ID>
			<Type>GREATPERSON_GENERAL</Type>
			<Description>TXT_KEY_UNIT_GREAT_GENERAL</Description>
			<Class>UNITCLASS_GREAT_GENERAL</Class>
			<IconString>[ICON_GREAT_GENERAL]</IconString>
		</Row>
		<Row>
			<Type>GREATPERSON_ADMIRAL</Type>
			<Description>TXT_KEY_UNIT_GREAT_ADMIRAL</Description>
			<Class>UNITCLASS_GREAT_ADMIRAL</Class>
			<IconString>[ICON_GREAT_ADMIRAL]</IconString>
		</Row>
		<Row>
			<Type>GREATPERSON_ENGINEER</Type>
			<Description>TXT_KEY_UNIT_GREAT_ENGINEER</Description>
			<Class>UNITCLASS_ENGINEER</Class>
			<Specialist>SPECIALIST_ENGINEER</Specialist>
			<IconString>[ICON_GREAT_ENGINEER]</IconString>
		</Row>
		<Row>
			<Type>GREATPERSON_SCIENTIST</Type>
			<Description>TXT_KEY_UNIT_GREAT_SCIENTIST</Description>
			<Class>UNITCLASS_SCIENTIST</Class>
			<Specialist>SPECIALIST_SCIENTIST</Specialist>
			<IconString>[ICON_GREAT_SCIENTIST]</IconString>
		</Row>
		<Row>
			<Type>GREATPERSON_MERCHANT</Type>
			<Description>TXT_KEY_UNIT_GREAT_MERCHANT</Description>
			<Class>UNITCLASS_MERCHANT</Class>
			<Specialist>SPECIALIST_MERCHANT</Specialist>
			<IconString>[ICON_GREAT_MERCHANT]</IconString>
		</Row>
		<Row>
			<Type>GREATPERSON_ARTIST</Type>
			<Description>TXT_KEY_UNIT_GREAT_ARTIST</Description>
			<Class>UNITCLASS_ARTIST</Class>
			<Specialist>SPECIALIST_ARTIST</Specialist>
			<IconString>[ICON_GREAT_ARTIST]</IconString>
		</Row>
		<Row>
			<Type>GREATPERSON_MUSICIAN</Type>
			<Description>TXT_KEY_UNIT_GREAT_MUSICIAN</Description>
			<Class>UNITCLASS_MUSICIAN</Class>
			<Specialist>SPECIALIST_MUSICIAN</Specialist>
			<IconString>[ICON_GREAT_MUSICIAN]</IconString>
		</Row>
		<Row>
			<Type>GREATPERSON_WRITER</Type>
			<Description>TXT_KEY_UNIT_GREAT_WRITER</Description>
			<Class>UNITCLASS_WRITER</Class>
			<Specialist>SPECIALIST_WRITER</Specialist>
			<IconString>[ICON_GREAT_WRITER]</IconString>
		</Row>
		<Row>
			<Type>GREATPERSON_PROPHET</Type>
			<Description>TXT_KEY_UNIT_GREAT_PROPHET</Description>
			<Class>UNITCLASS_PROPHET</Class>
			<IconString>[ICON_PROPHET]</IconString>
		</Row>
	</GreatPersons>
	<CustomModDbUpdates>
		<Row Name="API_UNIFIED_YIELDS_XML" Value="1"/>
	</CustomModDbUpdates>
</GameData>
