<?xml version="1.0" encoding="utf-8"?>
<!-- DO NOT DELETE THIS FILE!!! -->
<GameData>
	<Yields>
		<Row>
			<!-- DO NOT CHANGE! MUST correspond to the value in CvGameCoreEnums.h -->
			<ID>7</ID>
			<Type>YIELD_GOLDEN_AGE_POINTS</Type>
			<Description>TXT_KEY_YIELD_GOLDEN_AGE_POINTS</Description>
			<IconString>[ICON_GOLDEN_AGE]</IconString>
			<ColorString>[COLOR_WHITE]</ColorString>
			<ImageTexture>YieldAtlas_128_GoldenAge.dds</ImageTexture>
			<MinCity>0</MinCity>
			<AIWeightPercent>80</AIWeightPercent>
		</Row>
	</Yields>

	<Defines>
		<Row Name="PUPPET_GOLDEN_AGE_MODIFIER">
			<Value>-50</Value>
		</Row>
	</Defines>

	<CustomModDbUpdates>
		<Row Name="API_UNIFIED_YIELDS_GOLDEN_AGE" Value="1"/>
	</CustomModDbUpdates>
</GameData>
